{
"type": "FeatureCollection",
"name": "coastline",
"crs": { "type": "name", "properties": { "name": "urn:ogc:def:crs:OGC:1.3:CRS84" } },
"features": [
{ "type": "Feature", "properties": { "type": "land" }, "geometry": { "type": "Polygon", "coordinates": [ [ [ 0.015554233000046, -71.490411065999922 ], [ 0.078745964000063, -71.420179945999905 ], [ 0.23218834700009, -71.349867445999905 ], [ 0.437754754000082, -71.319756768999923 ], [ 0.547129754000082, -71.261814059999949 ], [ 0.635508660000085, -71.25554778399993 ], [ 0.710948113000086, -71.218194268999923 ], [ 0.796397332000083, -71.212823174999926 ], [ 0.933767123000052, -71.17937590899993 ], [ 1.451914910000085, -71.118259372999944 ], [ 1.48414147200009, -71.092217705999929 ], [ 1.531911655000044, -71.090997002999927 ], [ 1.567393425000091, -71.069512627999927 ], [ 1.726735873000052, -71.033379815999922 ], [ 1.86882571700005, -71.018161716999941 ], [ 1.94857832100007, -70.991143487999921 ], [ 2.15015709700009, -70.978285414999903 ], [ 2.198741082000083, -70.95435963299991 ], [ 2.45834394600007, -70.920342705999929 ], [ 2.519704623000052, -70.900567315999922 ], [ 2.562022332000083, -70.911228122999944 ], [ 2.63257897200009, -70.893487237999921 ], [ 2.755381707000083, -70.885349216999941 ], [ 3.074066602000073, -70.894626559999949 ], [ 3.222666863000086, -70.859551690999922 ], [ 3.574717644000089, -70.852146091999941 ], [ 3.692230665000068, -70.837334893999923 ], [ 3.775645379000082, -70.816013278999947 ], [ 3.821543816000087, -70.817478122999944 ], [ 3.80827884200005, -70.80201588299991 ], [ 3.82789147200009, -70.798435153999947 ], [ 3.907399936000047, -70.803806247999944 ], [ 4.096527540000068, -70.775160414999903 ], [ 4.22396894600007, -70.783786716999941 ], [ 4.319021030000044, -70.762465101999908 ], [ 4.357595248000052, -70.733819268999923 ], [ 4.39975019600007, -70.727471612999921 ], [ 4.397634311000047, -70.710870049999926 ], [ 4.463389519000089, -70.724053643999923 ], [ 4.62476647200009, -70.720798434999949 ], [ 4.853037957000083, -70.684665622999944 ], [ 4.962901238000086, -70.688653252999927 ], [ 4.99187259200005, -70.675388278999947 ], [ 5.006114129000082, -70.642673434999949 ], [ 5.020762566000087, -70.636976820999905 ], [ 5.314707879000082, -70.64967213299991 ], [ 5.441742384000065, -70.629815362999921 ], [ 5.587738477000073, -70.649183851999908 ], [ 5.679860873000052, -70.61296965899993 ], [ 5.735850457000083, -70.613051039999903 ], [ 5.801117384000065, -70.633558851999908 ], [ 5.974457227000073, -70.609958591999941 ], [ 6.060394727000073, -70.625258070999905 ], [ 6.113291863000086, -70.60865650799991 ], [ 6.203135613000086, -70.627048434999949 ], [ 6.188324415000068, -70.60279713299991 ], [ 6.297373894000089, -70.620049737999921 ], [ 6.334971550000091, -70.615492445999905 ], [ 6.36491946700005, -70.589043877999927 ], [ 6.483897332000083, -70.588311455999929 ], [ 6.536387566000087, -70.575290622999944 ], [ 6.645681186000047, -70.602146091999941 ], [ 6.78060957100007, -70.599379164999903 ], [ 6.807871941000087, -70.583103122999944 ], [ 6.795909050000091, -70.55787525799991 ], [ 6.81023196700005, -70.539808851999908 ], [ 6.83765709700009, -70.533786716999941 ], [ 6.898773634000065, -70.560479424999926 ], [ 6.985199415000068, -70.522556247999944 ], [ 7.145274285000085, -70.560967705999929 ], [ 7.172211134000065, -70.541924737999921 ], [ 7.242442254000082, -70.544122002999927 ], [ 7.250254754000082, -70.516208591999941 ], [ 7.335459832000083, -70.526462497999944 ], [ 7.403005405000044, -70.510349216999941 ], [ 7.553721550000091, -70.528497002999927 ], [ 7.611827019000089, -70.48601653399993 ], [ 7.668304884000065, -70.518161716999941 ], [ 7.656993035000085, -70.473565362999921 ], [ 7.475108269000089, -70.376885674999926 ], [ 7.43921959700009, -70.337497653999947 ], [ 7.414235873000052, -70.221449476999908 ], [ 7.42351321700005, -70.20435963299991 ], [ 7.479014519000089, -70.189873955999929 ], [ 7.83529707100007, -70.163669528999947 ], [ 7.893565300000091, -70.17742278399993 ], [ 7.917002800000091, -70.194024346999925 ], [ 7.921885613000086, -70.243910414999903 ], [ 7.895762566000087, -70.309991143999923 ], [ 7.836924675000091, -70.339939059999949 ], [ 7.834157748000052, -70.366143487999921 ], [ 7.879079623000052, -70.447686455999929 ], [ 7.930430535000085, -70.47234465899993 ], [ 8.10523522200009, -70.475274346999925 ], [ 8.225271030000044, -70.494398695999905 ], [ 8.328786655000044, -70.467868747999944 ], [ 8.44312584700009, -70.482354424999926 ], [ 8.549652540000068, -70.47234465899993 ], [ 8.654551629000082, -70.448011976999908 ], [ 8.693858269000089, -70.421075127999927 ], [ 8.784678582000083, -70.417575778999947 ], [ 8.832041863000086, -70.383477471999925 ], [ 8.837168816000087, -70.353936455999929 ], [ 8.971853061000047, -70.372491143999923 ], [ 9.037771030000044, -70.356866143999923 ], [ 9.136729363000086, -70.375420830999929 ], [ 9.168711785000085, -70.334161065999922 ], [ 9.167816602000073, -70.308038018999923 ], [ 9.151377800000091, -70.29029713299991 ], [ 9.019786004000082, -70.27076588299991 ], [ 8.938243035000085, -70.246758721999925 ], [ 8.887461785000085, -70.215508721999925 ], [ 8.898448113000086, -70.185479424999926 ], [ 9.080577019000089, -70.089288018999923 ], [ 9.182627800000091, -70.070896091999941 ], [ 9.29428144600007, -70.078789971999925 ], [ 9.41537519600007, -70.109144789999903 ], [ 9.45053144600007, -70.156508070999905 ], [ 9.53101647200009, -70.186211846999925 ], [ 9.592946811000047, -70.228936455999929 ], [ 9.655772332000083, -70.247816664999903 ], [ 9.671885613000086, -70.267836195999905 ], [ 9.656504754000082, -70.34303150799991 ], [ 9.76498457100007, -70.348565362999921 ], [ 9.979258660000085, -70.453545830999929 ], [ 10.322764519000089, -70.53679778399993 ], [ 10.392832879000082, -70.539646091999941 ], [ 10.722666863000086, -70.636895440999922 ], [ 10.809580925000091, -70.646579684999949 ], [ 10.968923373000052, -70.68873463299991 ], [ 11.106700066000087, -70.697035414999903 ], [ 11.237559441000087, -70.757012627999927 ], [ 11.351573113000086, -70.736586195999905 ], [ 11.822927280000044, -70.783135674999926 ], [ 11.853526238000086, -70.781508070999905 ], [ 11.894379102000073, -70.744398695999905 ], [ 12.00554446700005, -70.720879815999922 ], [ 12.032074415000068, -70.685804945999905 ], [ 12.08171634200005, -70.674004815999922 ], [ 12.074473504000082, -70.651462497999944 ], [ 12.091319207000083, -70.60320403399993 ], [ 12.087738477000073, -70.545342705999929 ], [ 12.167816602000073, -70.514418226999908 ], [ 12.14234459700009, -70.485446872999944 ], [ 12.184336785000085, -70.461846612999921 ], [ 12.252126498000052, -70.446058851999908 ], [ 12.32203209700009, -70.370293877999927 ], [ 12.530772332000083, -70.351657809999949 ], [ 12.648936394000089, -70.314873955999929 ], [ 12.736582879000082, -70.32000090899993 ], [ 12.824961785000085, -70.295017184999949 ], [ 12.837901238000086, -70.263929945999905 ], [ 13.041026238000086, -70.234470309999949 ], [ 12.969493035000085, -70.172946872999944 ], [ 12.939789259000065, -70.164971612999921 ], [ 12.483083530000044, -70.126885674999926 ], [ 12.435883009000065, -70.10515715899993 ], [ 12.426524285000085, -70.085381768999923 ], [ 12.444590691000087, -70.070245049999926 ], [ 12.559336785000085, -70.053806247999944 ], [ 12.735118035000085, -70.071465752999927 ], [ 12.969248894000089, -70.04615650799991 ], [ 13.026215040000068, -70.051039320999905 ], [ 13.084971550000091, -70.075127862999921 ], [ 13.164805535000085, -70.150648695999905 ], [ 13.236175977000073, -70.187758070999905 ], [ 13.29232832100007, -70.24732838299991 ], [ 13.342784050000091, -70.27271900799991 ], [ 13.399668816000087, -70.286228122999944 ], [ 13.570323113000086, -70.289971612999921 ], [ 13.650401238000086, -70.323418877999927 ], [ 13.848806186000047, -70.347832940999922 ], [ 14.080577019000089, -70.345961195999905 ], [ 14.135264519000089, -70.326267184999949 ], [ 14.204925977000073, -70.327894789999903 ], [ 14.247569207000083, -70.295017184999949 ], [ 14.340098504000082, -70.306084893999923 ], [ 14.355967644000089, -70.287530205999929 ], [ 14.38640384200005, -70.285902601999908 ], [ 14.44117272200009, -70.296970309999949 ], [ 14.510508660000085, -70.283868096999925 ], [ 14.585134311000047, -70.292575778999947 ], [ 14.618662957000083, -70.309502862999921 ], [ 14.683116082000083, -70.303806247999944 ], [ 14.780039910000085, -70.329847914999903 ], [ 14.86500084700009, -70.322849216999941 ], [ 14.897959832000083, -70.298760674999926 ], [ 15.03687584700009, -70.290948174999926 ], [ 15.144867384000065, -70.31023528399993 ], [ 15.53484134200005, -70.337660414999903 ], [ 15.630869988000086, -70.333754164999903 ], [ 15.70248457100007, -70.365004164999903 ], [ 15.826914910000085, -70.377618096999925 ], [ 15.85710696700005, -70.353610934999949 ], [ 15.86264082100007, -70.323988539999903 ], [ 15.84538821700005, -70.293226820999905 ], [ 15.857920769000089, -70.260023695999905 ], [ 15.905039910000085, -70.216403903999947 ], [ 15.96257571700005, -70.189629815999922 ], [ 16.129567905000044, -70.172539971999925 ], [ 16.174978061000047, -70.141208591999941 ], [ 16.284434441000087, -70.149021091999941 ], [ 16.519867384000065, -70.126722914999903 ], [ 16.577321811000047, -70.131442966999941 ], [ 16.63843834700009, -70.161553643999923 ], [ 16.653330925000091, -70.185967705999929 ], [ 16.65015709700009, -70.220798434999949 ], [ 16.610606316000087, -70.243340752999927 ], [ 16.626149936000047, -70.311211846999925 ], [ 16.619313998000052, -70.342950127999927 ], [ 16.574717644000089, -70.396254164999903 ], [ 16.484629754000082, -70.446058851999908 ], [ 16.505137566000087, -70.454196872999944 ], [ 16.871104363000086, -70.439385674999926 ], [ 16.925954623000052, -70.463636976999908 ], [ 16.910004102000073, -70.476983330999929 ], [ 16.927012566000087, -70.484470309999949 ], [ 17.126800977000073, -70.480889580999929 ], [ 17.216970248000052, -70.463962497999944 ], [ 17.751149936000047, -70.493910414999903 ], [ 17.789398634000065, -70.510837497999944 ], [ 17.908376498000052, -70.514092705999929 ], [ 18.093760613000086, -70.542413018999923 ], [ 18.32984459700009, -70.540134372999944 ], [ 18.339121941000087, -70.520196221999925 ], [ 18.375824415000068, -70.50750090899993 ], [ 18.498220248000052, -70.502536716999941 ], [ 18.252777540000068, -70.325941664999903 ], [ 18.44703209700009, -70.30006275799991 ], [ 18.573008660000085, -70.263929945999905 ], [ 18.71461022200009, -70.259860934999949 ], [ 18.78296959700009, -70.238946221999925 ], [ 18.838877800000091, -70.18132903399993 ], [ 18.941661004000082, -70.170993747999944 ], [ 19.153493686000047, -70.203545830999929 ], [ 19.290537957000083, -70.248142184999949 ], [ 19.215017123000052, -70.249444268999923 ], [ 19.17351321700005, -70.273858330999929 ], [ 19.29664147200009, -70.368096612999921 ], [ 19.232920769000089, -70.398858330999929 ], [ 19.221853061000047, -70.420586846999925 ], [ 19.170176629000082, -70.438083591999941 ], [ 19.137217644000089, -70.495049737999921 ], [ 19.016286655000044, -70.596774997999944 ], [ 18.915212436000047, -70.63404713299991 ], [ 18.931813998000052, -70.678317966999941 ], [ 18.930918816000087, -70.73601653399993 ], [ 18.945485873000052, -70.752373955999929 ], [ 18.995616082000083, -70.748955987999921 ], [ 19.028493686000047, -70.76140715899993 ], [ 19.13054446700005, -70.860121351999908 ], [ 19.289235873000052, -70.914320570999905 ], [ 19.567393425000091, -70.946058851999908 ], [ 19.628184441000087, -70.940850518999923 ], [ 19.732758009000065, -70.892673434999949 ], [ 20.112315300000091, -70.93092213299991 ], [ 20.228526238000086, -70.905368747999944 ], [ 20.422618035000085, -70.922539971999925 ], [ 20.498545769000089, -70.902439059999949 ], [ 20.578868035000085, -70.902113539999903 ], [ 20.844248894000089, -70.856622002999927 ], [ 21.005381707000083, -70.870863539999903 ], [ 21.201182488000086, -70.81218840899993 ], [ 21.15951582100007, -70.756036065999922 ], [ 21.166758660000085, -70.728122653999947 ], [ 21.19898522200009, -70.701918226999908 ], [ 21.156097852000073, -70.649997653999947 ], [ 21.184255405000044, -70.62232838299991 ], [ 21.224457227000073, -70.612399997999944 ], [ 21.20281009200005, -70.594008070999905 ], [ 21.208506707000083, -70.576429945999905 ], [ 21.317230665000068, -70.490329684999949 ], [ 21.451670769000089, -70.46843840899993 ], [ 21.47201582100007, -70.439548434999949 ], [ 21.464366082000083, -70.417575778999947 ], [ 21.611338738000086, -70.272149346999925 ], [ 21.694346550000091, -70.234633070999905 ], [ 21.745616082000083, -70.226169528999947 ], [ 21.993662957000083, -70.302178643999923 ], [ 22.05827884200005, -70.348809502999927 ], [ 22.181488477000073, -70.385023695999905 ], [ 22.338063998000052, -70.455254815999922 ], [ 22.447927280000044, -70.47779713299991 ], [ 22.579274936000047, -70.540215752999927 ], [ 22.555511915000068, -70.58171965899993 ], [ 22.480967644000089, -70.610039971999925 ], [ 21.852793816000087, -70.63836028399993 ], [ 21.826426629000082, -70.655043226999908 ], [ 22.028493686000047, -70.683038018999923 ], [ 22.367360873000052, -70.69459400799991 ], [ 22.326914910000085, -70.75945403399993 ], [ 22.416188998000052, -70.769463799999926 ], [ 22.471039259000065, -70.754327080999929 ], [ 22.563324415000068, -70.778252862999921 ], [ 22.724945509000065, -70.769301039999903 ], [ 22.949880405000044, -70.829196872999944 ], [ 23.180674675000091, -70.813083591999941 ], [ 23.29265384200005, -70.821221612999921 ], [ 23.412608269000089, -70.743747653999947 ], [ 23.437836134000065, -70.717705987999921 ], [ 23.43523196700005, -70.691176039999903 ], [ 23.512868686000047, -70.670830987999921 ], [ 23.553070509000065, -70.629164320999905 ], [ 23.557790561000047, -70.605564059999949 ], [ 23.547862175000091, -70.585137627999927 ], [ 23.522146030000044, -70.574883721999925 ], [ 23.61687259200005, -70.565199476999908 ], [ 23.643565300000091, -70.551364841999941 ], [ 23.686208530000044, -70.493584893999923 ], [ 23.712412957000083, -70.426690362999921 ], [ 23.752452019000089, -70.402601820999905 ], [ 24.108897332000083, -70.40943775799991 ], [ 24.277517123000052, -70.460544528999947 ], [ 24.419444207000083, -70.544854424999926 ], [ 24.455414259000065, -70.61451588299991 ], [ 24.346527540000068, -70.673597914999903 ], [ 24.26531009200005, -70.678643487999921 ], [ 24.319346550000091, -70.740329684999949 ], [ 24.479177280000044, -70.79656340899993 ], [ 24.555186394000089, -70.846774997999944 ], [ 24.968028191000087, -70.945489190999922 ], [ 25.260590040000068, -70.980889580999929 ], [ 25.440440300000091, -70.98015715899993 ], [ 25.524587436000047, -70.994317315999922 ], [ 25.567556186000047, -70.99342213299991 ], [ 25.54851321700005, -70.975355726999908 ], [ 25.576914910000085, -70.971449476999908 ], [ 25.66187584700009, -71.000420830999929 ], [ 25.715830925000091, -70.990004164999903 ], [ 25.982676629000082, -71.041924737999921 ], [ 26.10132897200009, -71.04265715899993 ], [ 26.267832879000082, -71.008396091999941 ], [ 26.445648634000065, -71.032403252999927 ], [ 26.478851759000065, -71.018975518999923 ], [ 26.606618686000047, -71.008070570999905 ], [ 26.674001498000052, -70.965508721999925 ], [ 26.804860873000052, -70.963799737999921 ], [ 26.839366082000083, -70.941989841999941 ], [ 26.888845248000052, -70.941989841999941 ], [ 26.926280144000089, -70.923923434999949 ], [ 27.27507571700005, -70.989678643999923 ], [ 27.296722852000073, -70.984795830999929 ], [ 27.298838738000086, -70.937269789999903 ], [ 27.318858269000089, -70.925551039999903 ], [ 27.302256707000083, -70.91139088299991 ], [ 27.217458530000044, -70.904392184999949 ], [ 27.159353061000047, -70.870700778999947 ], [ 27.224619988000086, -70.839288018999923 ], [ 27.297048373000052, -70.846774997999944 ], [ 27.317393425000091, -70.843194268999923 ], [ 27.328623894000089, -70.824395440999922 ], [ 27.351817254000082, -70.838636976999908 ], [ 27.412445509000065, -70.811293226999908 ], [ 27.500336134000065, -70.809502862999921 ], [ 27.574392123000052, -70.789157809999949 ], [ 27.628428582000083, -70.741306247999944 ], [ 28.02906334700009, -70.726495049999926 ], [ 28.114024285000085, -70.707289320999905 ], [ 28.20248457100007, -70.715264580999929 ], [ 28.282074415000068, -70.678480726999908 ], [ 28.451670769000089, -70.694024346999925 ], [ 28.609873894000089, -70.632989190999922 ], [ 28.772959832000083, -70.594008070999905 ], [ 29.034678582000083, -70.568780205999929 ], [ 29.08920332100007, -70.537041924999926 ], [ 29.145030144000089, -70.529066664999903 ], [ 29.174652540000068, -70.491143487999921 ], [ 29.346202019000089, -70.456475518999923 ], [ 29.376231316000087, -70.43287525799991 ], [ 29.440684441000087, -70.410902601999908 ], [ 29.451426629000082, -70.39226653399993 ], [ 29.76335696700005, -70.36296965899993 ], [ 29.785492384000065, -70.329034112999921 ], [ 29.84115644600007, -70.311293226999908 ], [ 30.165212436000047, -70.285577080999929 ], [ 30.186289910000085, -70.271091403999947 ], [ 30.211680535000085, -70.288018487999921 ], [ 30.631683790000068, -70.261325778999947 ], [ 30.737803582000083, -70.273532809999949 ], [ 30.93531334700009, -70.214613539999903 ], [ 31.044118686000047, -70.231622002999927 ], [ 31.280446811000047, -70.237074476999908 ], [ 31.49577884200005, -70.20435963299991 ], [ 31.60906009200005, -70.200127862999921 ], [ 31.844411655000044, -70.146905205999929 ], [ 31.994395379000082, -70.13445403399993 ], [ 32.266368035000085, -70.086521091999941 ], [ 32.365896030000044, -70.053317966999941 ], [ 32.568858269000089, -70.051527601999908 ], [ 32.745290561000047, -70.013441664999903 ], [ 32.785411004000082, -69.965101820999905 ], [ 32.868662957000083, -69.930271091999941 ], [ 32.871104363000086, -69.88404713299991 ], [ 32.824229363000086, -69.866143487999921 ], [ 32.853851759000065, -69.826267184999949 ], [ 32.83757571700005, -69.784763278999947 ], [ 32.862803582000083, -69.781670830999929 ], [ 32.867442254000082, -69.759535414999903 ], [ 32.887950066000087, -69.760349216999941 ], [ 32.912608269000089, -69.71998463299991 ], [ 32.98568769600007, -69.659356377999927 ], [ 32.99545332100007, -69.618096612999921 ], [ 32.981618686000047, -69.593357028999947 ], [ 32.996267123000052, -69.572198174999926 ], [ 33.000498894000089, -69.504815362999921 ], [ 32.97828209700009, -69.469821872999944 ], [ 32.982920769000089, -69.450290622999944 ], [ 32.951996290000068, -69.359470309999949 ], [ 32.701345248000052, -69.243584893999923 ], [ 32.48764082100007, -69.081638278999947 ], [ 32.53060957100007, -69.04851653399993 ], [ 32.502940300000034, -68.961602471999925 ], [ 32.505707227000073, -68.903090101999908 ], [ 32.56226647200009, -68.856377862999921 ], [ 32.838063998000052, -68.752129815999922 ], [ 33.215993686000047, -68.66961028399993 ], [ 34.21420332100007, -68.677911065999922 ], [ 34.300629102000073, -68.688164971999925 ], [ 34.36304772200009, -68.725518487999921 ], [ 34.384938998000052, -68.79420338299991 ], [ 34.371267123000052, -68.80632903399993 ], [ 34.09115644600007, -68.852471612999921 ], [ 34.076019727000073, -68.886325778999947 ], [ 34.049082879000082, -68.886976820999905 ], [ 34.00945071700005, -68.92742278399993 ], [ 33.830577019000089, -69.009372653999947 ], [ 33.603688998000052, -69.05242278399993 ], [ 33.628184441000087, -69.060967705999929 ], [ 33.77125084700009, -69.053480726999908 ], [ 33.811208530000044, -69.091403903999947 ], [ 33.92164147200009, -69.122247002999927 ], [ 34.361501498000052, -69.132907809999949 ], [ 34.467946811000047, -69.081638278999947 ], [ 34.619965040000068, -69.070733330999929 ], [ 34.652598504000082, -69.083428643999923 ], [ 34.610362175000034, -69.091241143999923 ], [ 34.650726759000065, -69.111423434999949 ], [ 34.734629754000082, -69.113051039999903 ], [ 34.838877800000034, -69.14226653399993 ], [ 35.011892123000052, -69.228773695999905 ], [ 35.125498894000089, -69.259535414999903 ], [ 35.199880405000044, -69.294122002999927 ], [ 35.146983269000089, -69.340264580999929 ], [ 35.16765384200005, -69.400485934999949 ], [ 35.154958530000044, -69.426039320999905 ], [ 35.104746941000087, -69.459649346999925 ], [ 35.137950066000087, -69.508070570999905 ], [ 35.228770379000082, -69.536716403999947 ], [ 35.204112175000034, -69.57976653399993 ], [ 35.108164910000085, -69.605726820999905 ], [ 35.073496941000087, -69.631931247999944 ], [ 35.079356316000087, -69.670586846999925 ], [ 35.123301629000082, -69.699395440999922 ], [ 35.243988477000073, -69.73560963299991 ], [ 35.559580925000034, -69.699476820999905 ], [ 35.70834394600007, -69.666110934999949 ], [ 35.904551629000082, -69.66725025799991 ], [ 36.079600457000083, -69.636651299999926 ], [ 36.160655144000089, -69.704522393999923 ], [ 36.370616082000083, -69.657972914999903 ], [ 36.332530144000089, -69.619235934999949 ], [ 36.370371941000087, -69.605564059999949 ], [ 36.705739780000044, -69.629815362999921 ], [ 36.756602410000085, -69.64226653399993 ], [ 36.757334832000083, -69.670098565999922 ], [ 36.783864780000044, -69.704196872999944 ], [ 36.91570071700005, -69.750420830999929 ], [ 36.995127800000034, -69.797295830999929 ], [ 36.971934441000087, -69.814548434999949 ], [ 36.968923373000052, -69.838311455999929 ], [ 37.006358269000089, -69.88054778399993 ], [ 37.036306186000047, -69.886651299999926 ], [ 37.240489129000082, -69.831801039999903 ], [ 37.237803582000083, -69.81609465899993 ], [ 37.192556186000047, -69.781996351999908 ], [ 37.28101647200009, -69.728448174999926 ], [ 37.491465691000087, -69.754571221999925 ], [ 37.596446160000085, -69.730075778999947 ], [ 37.508311394000089, -69.690199476999908 ], [ 37.786306186000047, -69.681898695999905 ], [ 37.769786004000082, -69.701836846999925 ], [ 37.799489780000044, -69.715101820999905 ], [ 37.75757897200009, -69.729099216999941 ], [ 37.785655144000089, -69.75709400799991 ], [ 37.84156334700009, -69.75904713299991 ], [ 38.03842207100007, -69.717461846999925 ], [ 38.240733269000089, -69.766534112999921 ], [ 38.244639519000089, -69.795668226999908 ], [ 38.020192905000044, -69.849379164999903 ], [ 38.139333530000044, -69.881442966999941 ], [ 38.255869988000086, -69.949151299999926 ], [ 38.261729363000086, -69.977471612999921 ], [ 38.219737175000034, -70.024021091999941 ], [ 38.295909050000034, -70.033949476999908 ], [ 38.385996941000087, -70.018487237999921 ], [ 38.418711785000085, -70.02467213299991 ], [ 38.562754754000082, -70.12037525799991 ], [ 38.711192254000082, -70.163506768999923 ], [ 38.714040561000047, -70.18873463299991 ], [ 38.940277540000068, -70.204685153999947 ], [ 39.015879754000082, -70.198337497999944 ], [ 39.06804446700005, -70.181084893999923 ], [ 39.075205925000034, -70.154554945999905 ], [ 38.921071811000047, -70.108575127999927 ], [ 38.815196160000085, -70.055352471999925 ], [ 38.797048373000052, -70.028741143999923 ], [ 38.803558790000068, -69.987725518999923 ], [ 39.079600457000083, -69.905857028999947 ], [ 39.192637566000087, -69.892510674999926 ], [ 39.194509311000047, -69.860772393999923 ], [ 39.245860222000033, -69.850518487999921 ], [ 39.158213738000086, -69.843519789999903 ], [ 39.129405144000089, -69.811130466999941 ], [ 39.136892123000052, -69.763767184999949 ], [ 39.16146894600007, -69.726657809999949 ], [ 39.208832227000073, -69.706638278999947 ], [ 39.495127800000034, -69.686293226999908 ], [ 39.535980665000068, -69.668389580999929 ], [ 39.588715040000068, -69.598809502999927 ], [ 39.638438347000033, -69.608575127999927 ], [ 39.625254754000082, -69.636163018999923 ], [ 39.67741946700005, -69.656914971999925 ], [ 39.707204623000052, -69.658298434999949 ], [ 39.642832879000082, -69.626071872999944 ], [ 39.668793165000068, -69.603448174999926 ], [ 39.77865644600007, -69.611423434999949 ], [ 39.757334832000083, -69.586195570999905 ], [ 39.713063998000052, -69.586846612999921 ], [ 39.686045769000089, -69.541110934999949 ], [ 39.79623457100007, -69.526462497999944 ], [ 39.740000847000033, -69.490492445999905 ], [ 39.783213738000086, -69.48601653399993 ], [ 39.847911004000082, -69.384698174999926 ], [ 39.831553582000083, -69.359551690999922 ], [ 39.701670769000089, -69.306817315999922 ], [ 39.712738477000073, -69.29070403399993 ], [ 39.814789259000065, -69.279961846999925 ], [ 39.803396030000044, -69.24773528399993 ], [ 39.736175977000073, -69.195977471999925 ], [ 39.811289910000085, -69.18092213299991 ], [ 39.707367384000065, -69.067966403999947 ], [ 39.708994988000086, -69.02117278399993 ], [ 39.737803582000083, -68.97625090899993 ], [ 39.803477410000085, -68.925551039999903 ], [ 39.857920769000089, -68.829522393999923 ], [ 40.262868686000047, -68.802178643999923 ], [ 40.37273196700005, -68.775323174999926 ], [ 40.470550977000073, -68.726169528999947 ], [ 40.523936394000089, -68.719170830999929 ], [ 40.701833530000044, -68.726820570999905 ], [ 40.752207879000082, -68.750664971999925 ], [ 40.888845248000052, -68.709405205999929 ], [ 41.038259311000047, -68.634209893999923 ], [ 41.014821811000047, -68.596449476999908 ], [ 41.068614129000082, -68.587497653999947 ], [ 41.107920769000089, -68.56609465899993 ], [ 41.206879102000073, -68.560153903999947 ], [ 41.356293165000068, -68.515883070999905 ], [ 41.451996290000068, -68.506605726999908 ], [ 41.543955925000034, -68.472100518999923 ], [ 41.980723504000082, -68.406345309999949 ], [ 42.109141472000033, -68.410902601999908 ], [ 42.289235873000052, -68.377699476999908 ], [ 42.536143425000034, -68.379571221999925 ], [ 42.523203972000033, -68.336195570999905 ], [ 42.580414259000065, -68.285577080999929 ], [ 42.542735222000033, -68.26490650799991 ], [ 42.560313347000033, -68.223728122999944 ], [ 42.659434441000087, -68.165785414999903 ], [ 42.847911004000082, -68.136895440999922 ], [ 42.828623894000089, -68.096449476999908 ], [ 42.859385613000086, -68.103773695999905 ], [ 42.995860222000033, -68.09148528399993 ], [ 43.107432488000086, -68.06414153399993 ], [ 43.405528191000087, -68.034600518999923 ], [ 43.507660352000073, -68.059340101999908 ], [ 43.776052280000044, -68.046482028999947 ], [ 43.855967644000089, -68.010430596999925 ], [ 43.939952019000089, -67.998630466999941 ], [ 44.002207879000082, -67.968519789999903 ], [ 44.155039910000085, -67.978448174999926 ], [ 44.496429884000065, -67.959405205999929 ], [ 44.629893425000034, -68.009372653999947 ], [ 44.714366082000083, -67.976169528999947 ], [ 44.803233269000089, -67.976332289999903 ], [ 44.828623894000089, -67.965915622999944 ], [ 44.618011915000068, -67.860446872999944 ], [ 44.660492384000065, -67.811455987999921 ], [ 44.717133009000065, -67.783623955999929 ], [ 44.973155144000089, -67.731133721999925 ], [ 45.131602410000085, -67.747165622999944 ], [ 45.248708530000044, -67.715020440999922 ], [ 45.346934441000087, -67.715427341999941 ], [ 45.403819207000083, -67.695082289999903 ], [ 45.529551629000082, -67.719333591999941 ], [ 45.58529707100007, -67.744886976999908 ], [ 45.557465040000068, -67.779961846999925 ], [ 45.51693769600007, -67.797946872999944 ], [ 45.582774285000085, -67.824395440999922 ], [ 45.65984134200005, -67.817478122999944 ], [ 45.740896030000044, -67.760918877999927 ], [ 45.772227410000085, -67.758558851999908 ], [ 45.739512566000087, -67.70867278399993 ], [ 45.819346550000034, -67.665215752999927 ], [ 46.216970248000052, -67.653008721999925 ], [ 46.308441602000073, -67.715020440999922 ], [ 46.401621941000087, -67.74537525799991 ], [ 46.433604363000086, -67.729587497999944 ], [ 46.388438347000033, -67.679294528999947 ], [ 46.392914259000065, -67.632582289999903 ], [ 46.406016472000033, -67.619398695999905 ], [ 46.612071160000085, -67.612074476999908 ], [ 46.62273196700005, -67.590020440999922 ], [ 46.590586785000085, -67.578708591999941 ], [ 46.30600019600007, -67.559258721999925 ], [ 46.272308790000068, -67.504001559999949 ], [ 46.311696811000047, -67.473809502999927 ], [ 46.234548373000052, -67.448663018999923 ], [ 46.25912519600007, -67.416273695999905 ], [ 46.251800977000073, -67.373304945999905 ], [ 46.280772332000083, -67.334242445999905 ], [ 46.377940300000034, -67.29615650799991 ], [ 46.479991082000083, -67.275323174999926 ], [ 46.687754754000082, -67.289157809999949 ], [ 46.914398634000065, -67.267022393999923 ], [ 46.981700066000087, -67.289320570999905 ], [ 46.954925977000073, -67.313083591999941 ], [ 46.963552280000044, -67.332696221999925 ], [ 46.991709832000083, -67.346449476999908 ], [ 47.305674675000034, -67.369805596999925 ], [ 47.44109134200005, -67.40943775799991 ], [ 47.327159050000034, -67.433851820999905 ], [ 47.262868686000047, -67.46648528399993 ], [ 47.202403191000087, -67.462660414999903 ], [ 46.91960696700005, -67.506524346999925 ], [ 46.957530144000089, -67.514580987999921 ], [ 46.981293165000068, -67.538669528999947 ], [ 46.938975457000083, -67.563409112999921 ], [ 46.930349155000044, -67.581638278999947 ], [ 47.127940300000034, -67.544366143999923 ], [ 47.228851759000065, -67.546482028999947 ], [ 47.327159050000034, -67.566501559999949 ], [ 47.232676629000082, -67.611260674999926 ], [ 47.139333530000044, -67.615411065999922 ], [ 47.115977410000085, -67.629164320999905 ], [ 47.095713738000086, -67.656996351999908 ], [ 47.194834832000083, -67.658786716999941 ], [ 47.12826582100007, -67.679945570999905 ], [ 47.059092644000089, -67.684991143999923 ], [ 47.093760613000086, -67.705173434999949 ], [ 47.170583530000044, -67.694024346999925 ], [ 47.264903191000087, -67.650648695999905 ], [ 47.63445071700005, -67.660332940999922 ], [ 47.610606316000087, -67.691827080999929 ], [ 47.56999759200005, -67.71021900799991 ], [ 47.306895379000082, -67.74342213299991 ], [ 47.322764519000089, -67.761976820999905 ], [ 47.358653191000087, -67.77312590899993 ], [ 47.482676629000082, -67.793552341999941 ], [ 47.545664910000085, -67.784356377999927 ], [ 47.559336785000085, -67.768161716999941 ], [ 47.646820509000065, -67.747491143999923 ], [ 47.911306186000047, -67.649021091999941 ], [ 48.133148634000065, -67.652601820999905 ], [ 48.309743686000047, -67.718519789999903 ], [ 48.454600457000083, -67.73015715899993 ], [ 48.445160352000073, -67.747653903999947 ], [ 48.391449415000068, -67.758721612999921 ], [ 48.171153191000087, -67.888848565999922 ], [ 48.227793816000087, -67.933200778999947 ], [ 48.197276238000086, -67.952732028999947 ], [ 48.217458530000044, -67.962985934999949 ], [ 48.23015384200005, -68.005059502999927 ], [ 48.24935957100007, -68.02076588299991 ], [ 48.382660352000073, -68.023370049999926 ], [ 48.431895379000082, -67.980645440999922 ], [ 48.523936394000089, -67.941664320999905 ], [ 48.614024285000085, -67.879327080999929 ], [ 48.65007571700005, -67.841566664999903 ], [ 48.71810957100007, -67.729261976999908 ], [ 48.718272332000083, -67.681898695999905 ], [ 48.647308790000068, -67.645440362999921 ], [ 48.599782748000052, -67.601495049999926 ], [ 48.569102410000085, -67.517673434999949 ], [ 48.566579623000052, -67.495293877999927 ], [ 48.582041863000086, -67.474786065999922 ], [ 48.629405144000089, -67.451918226999908 ], [ 49.094493035000085, -67.37273528399993 ], [ 49.174652540000068, -67.377048434999949 ], [ 49.207530144000089, -67.349379164999903 ], [ 49.198008660000085, -67.338067315999922 ], [ 49.219981316000087, -67.31373463299991 ], [ 49.328461134000065, -67.288832289999903 ], [ 49.289805535000085, -67.237888278999947 ], [ 49.312998894000089, -67.22234465899993 ], [ 49.405284050000034, -67.223321221999925 ], [ 49.349619988000086, -67.182386976999908 ], [ 49.257334832000083, -67.17351653399993 ], [ 49.087412957000083, -67.194105726999908 ], [ 49.114512566000087, -67.171482028999947 ], [ 49.06804446700005, -67.150811455999929 ], [ 48.731618686000047, -67.220798434999949 ], [ 48.640879754000082, -67.218926690999922 ], [ 48.475840691000087, -67.188083591999941 ], [ 48.394541863000086, -67.159274997999944 ], [ 48.354665561000047, -67.121514580999929 ], [ 48.338877800000034, -67.064873955999929 ], [ 48.342051629000082, -67.036228122999944 ], [ 48.361094597000033, -67.016371351999908 ], [ 48.588063998000052, -66.937269789999903 ], [ 49.059336785000085, -66.884860934999949 ], [ 49.21648196700005, -66.818942966999941 ], [ 49.271250847000033, -66.830743096999925 ], [ 49.327972852000073, -66.883477471999925 ], [ 49.347504102000073, -66.954685153999947 ], [ 49.159922722000033, -67.000909112999921 ], [ 49.226735873000052, -67.001560153999947 ], [ 49.277679884000065, -67.042413018999923 ], [ 49.311534050000034, -67.04615650799991 ], [ 49.489105665000068, -67.022881768999923 ], [ 49.793304884000065, -67.028090101999908 ], [ 49.826833530000044, -67.037286065999922 ], [ 49.882823113000086, -67.078220309999949 ], [ 49.893077019000032, -67.106622002999927 ], [ 49.79428144600007, -67.209730726999908 ], [ 49.66570071700005, -67.278415622999944 ], [ 49.697520379000082, -67.288506768999923 ], [ 49.766774936000047, -67.274590752999927 ], [ 49.821543816000087, -67.240980726999908 ], [ 49.934580925000034, -67.225355726999908 ], [ 49.995860222000033, -67.165459893999923 ], [ 50.093272332000083, -67.154717705999929 ], [ 50.111989780000044, -67.126397393999923 ], [ 50.147715691000087, -67.115329684999949 ], [ 50.201670769000032, -67.120700778999947 ], [ 50.30209394600007, -67.161879164999903 ], [ 50.401866082000083, -67.170993747999944 ], [ 50.585948113000086, -67.216403903999947 ], [ 50.642425977000073, -67.241957289999903 ], [ 50.720713738000086, -67.238213799999926 ], [ 50.640147332000083, -67.207452080999929 ], [ 50.619639519000032, -67.184747002999927 ], [ 50.649912957000083, -67.177666924999926 ], [ 50.747243686000047, -67.183038018999923 ], [ 50.811045769000032, -67.211114190999922 ], [ 50.881195509000065, -67.216241143999923 ], [ 50.818532748000052, -67.177829684999949 ], [ 50.89616946700005, -67.161309502999927 ], [ 50.97820071700005, -67.168145440999922 ], [ 50.947113477000073, -67.145928643999923 ], [ 50.955414259000065, -67.114027601999908 ], [ 50.926931186000047, -67.120293877999927 ], [ 50.584808790000068, -67.056084893999923 ], [ 50.459320509000065, -67.068780205999929 ], [ 50.47982832100007, -67.049411716999941 ], [ 50.482269727000073, -67.007256768999923 ], [ 50.523610873000052, -66.994886976999908 ], [ 50.427744988000086, -66.96257903399993 ], [ 50.445811394000032, -66.940118096999925 ], [ 50.49382571700005, -66.90203215899993 ], [ 50.54851321700005, -66.883396091999941 ], [ 50.579600457000083, -66.850518487999921 ], [ 50.761729363000086, -66.821058851999908 ], [ 50.829844597000033, -66.77467213299991 ], [ 50.775726759000065, -66.754815362999921 ], [ 50.73406009200005, -66.767754815999922 ], [ 50.674815300000034, -66.758477471999925 ], [ 50.613780144000032, -66.761976820999905 ], [ 50.510427280000044, -66.79225025799991 ], [ 50.454112175000034, -66.772556247999944 ], [ 50.286143425000034, -66.768975518999923 ], [ 50.239512566000087, -66.743096612999921 ], [ 50.196055535000085, -66.61101653399993 ], [ 50.193614129000082, -66.570489190999922 ], [ 50.227549675000034, -66.522230726999908 ], [ 50.240977410000085, -66.475355726999908 ], [ 50.322032097000033, -66.39381275799991 ], [ 50.424489780000044, -66.337823174999926 ], [ 50.537364129000082, -66.303887627999927 ], [ 51.052582227000073, -66.255954684999949 ], [ 51.181162957000083, -66.215752862999921 ], [ 51.352305535000085, -66.221774997999944 ], [ 51.403575066000087, -66.162204684999949 ], [ 51.478282097000033, -66.120538018999923 ], [ 51.613780144000032, -66.094008070999905 ], [ 51.772146030000044, -66.037204684999949 ], [ 52.221690300000034, -65.972914320999905 ], [ 52.847666863000086, -65.962090752999927 ], [ 53.278005405000044, -65.899997653999947 ], [ 53.400238477000073, -65.901950778999947 ], [ 53.790212436000047, -65.84539153399993 ], [ 54.01335696700005, -65.889743747999944 ], [ 54.241058790000068, -65.876397393999923 ], [ 55.183441602000073, -65.93092213299991 ], [ 55.611582879000082, -66.027927341999941 ], [ 55.770518425000034, -66.115655205999929 ], [ 55.861338738000086, -66.119805596999925 ], [ 55.844737175000034, -66.149102471999925 ], [ 55.915049675000034, -66.209079684999949 ], [ 56.036143425000034, -66.247002862999921 ], [ 56.126231316000087, -66.309747002999927 ], [ 56.210703972000033, -66.319919528999947 ], [ 56.241953972000033, -66.368096612999921 ], [ 56.332041863000086, -66.411553643999923 ], [ 56.399099155000044, -66.462660414999903 ], [ 56.424489780000044, -66.407972914999903 ], [ 56.447276238000086, -66.397149346999925 ], [ 56.516774936000047, -66.38795338299991 ], [ 56.807790561000047, -66.405450127999927 ], [ 57.207692905000044, -66.531182549999926 ], [ 57.276052280000044, -66.581231377999927 ], [ 57.286957227000073, -66.603692315999922 ], [ 57.281423373000052, -66.626397393999923 ], [ 57.248057488000086, -66.664971612999921 ], [ 57.283702019000032, -66.692966403999947 ], [ 57.281423373000052, -66.708754164999903 ], [ 57.014659050000034, -66.729261976999908 ], [ 56.95476321700005, -66.708428643999923 ], [ 56.796397332000083, -66.714613539999903 ], [ 56.622243686000047, -66.68132903399993 ], [ 56.565196160000085, -66.652439059999949 ], [ 56.564707879000082, -66.612888278999947 ], [ 56.514659050000034, -66.632989190999922 ], [ 56.496592644000032, -66.685723565999922 ], [ 56.377207879000082, -66.632012627999927 ], [ 56.277679884000065, -66.62037525799991 ], [ 56.193369988000086, -66.582940362999921 ], [ 56.056407097000033, -66.57390715899993 ], [ 55.99187259200005, -66.585707289999903 ], [ 56.087901238000086, -66.61101653399993 ], [ 56.087412957000083, -66.632907809999949 ], [ 56.012543165000068, -66.660902601999908 ], [ 56.134532097000033, -66.679620049999926 ], [ 56.170176629000082, -66.711032809999949 ], [ 56.226410352000073, -66.70086028399993 ], [ 56.41732832100007, -66.743096612999921 ], [ 56.509532097000033, -66.74382903399993 ], [ 56.484629754000082, -66.758477471999925 ], [ 56.35710696700005, -66.775567315999922 ], [ 56.38054446700005, -66.806084893999923 ], [ 56.54232832100007, -66.791680596999925 ], [ 56.392100457000083, -66.832289320999905 ], [ 56.500824415000068, -66.861504815999922 ], [ 56.659678582000083, -66.851332289999903 ], [ 56.695567254000082, -66.86256275799991 ], [ 56.659353061000047, -66.89031340899993 ], [ 56.706797722000033, -66.89967213299991 ], [ 56.658213738000086, -66.93328215899993 ], [ 56.60124759200005, -66.943454684999949 ], [ 56.43295332100007, -66.927992445999905 ], [ 56.363129102000073, -66.883965752999927 ], [ 56.271657748000052, -66.875664971999925 ], [ 56.322032097000033, -66.908868096999925 ], [ 56.292735222000033, -66.929457289999903 ], [ 56.194346550000034, -66.933851820999905 ], [ 56.154063347000033, -66.951836846999925 ], [ 56.272715691000087, -66.965020440999922 ], [ 56.308848504000082, -66.977471612999921 ], [ 56.256683790000068, -66.998630466999941 ], [ 56.367198113000086, -67.010186455999929 ], [ 56.208750847000033, -67.082940362999921 ], [ 55.855479363000086, -67.170342705999929 ], [ 55.762217644000032, -67.207614841999941 ], [ 55.732188347000033, -67.263604424999926 ], [ 56.153493686000047, -67.196058851999908 ], [ 56.088389519000032, -67.348402601999908 ], [ 56.11882571700005, -67.386976820999905 ], [ 56.170664910000085, -67.408949476999908 ], [ 56.209971550000034, -67.336683851999908 ], [ 56.339610222000033, -67.232028903999947 ], [ 56.558441602000073, -67.109795830999929 ], [ 56.681407097000033, -67.074151299999926 ], [ 56.838552280000044, -67.057061455999929 ], [ 56.884776238000086, -67.068129164999903 ], [ 56.920420769000032, -67.047784112999921 ], [ 56.967946811000047, -67.04615650799991 ], [ 57.359141472000033, -67.087823174999926 ], [ 57.308929884000065, -67.042575778999947 ], [ 57.375254754000082, -67.030043226999908 ], [ 57.508067254000082, -67.031833591999941 ], [ 57.562754754000082, -66.994235934999949 ], [ 57.593516472000033, -66.98992278399993 ], [ 57.721202019000032, -67.023614190999922 ], [ 57.82781009200005, -67.033379815999922 ], [ 57.873871290000068, -67.060642184999949 ], [ 57.957041863000086, -67.074314059999949 ], [ 58.005137566000087, -67.108330987999921 ], [ 58.073496941000087, -67.094008070999905 ], [ 58.136485222000033, -67.098402601999908 ], [ 58.149912957000083, -67.141208591999941 ], [ 58.038096550000034, -67.196058851999908 ], [ 58.020274285000085, -67.218926690999922 ], [ 58.046885613000086, -67.225030205999929 ], [ 58.270274285000085, -67.148044528999947 ], [ 58.426280144000032, -67.148614190999922 ], [ 58.420664910000085, -67.18678150799991 ], [ 58.455332879000082, -67.194919528999947 ], [ 58.688731316000087, -67.156996351999908 ], [ 58.870616082000083, -67.165134372999944 ], [ 58.915863477000073, -67.177504164999903 ], [ 59.044118686000047, -67.236911716999941 ], [ 59.093760613000086, -67.244724216999941 ], [ 59.019867384000065, -67.304945570999905 ], [ 58.988617384000065, -67.310153903999947 ], [ 58.722992384000065, -67.274834893999923 ], [ 58.548838738000086, -67.230238539999903 ], [ 58.593760613000086, -67.29851653399993 ], [ 58.672373894000032, -67.32586028399993 ], [ 58.68100019600007, -67.34303150799991 ], [ 58.793304884000065, -67.341241143999923 ], [ 58.93913821700005, -67.37623463299991 ], [ 59.051524285000085, -67.428643487999921 ], [ 59.093272332000083, -67.436700127999927 ], [ 59.126963738000086, -67.424981377999927 ], [ 59.128754102000073, -67.44654713299991 ], [ 59.116465691000087, -67.459079684999949 ], [ 58.985850457000083, -67.487399997999944 ], [ 59.029470248000052, -67.490411065999922 ], [ 59.061696811000047, -67.508477471999925 ], [ 59.264903191000087, -67.484307549999926 ], [ 59.41179446700005, -67.54420338299991 ], [ 59.512950066000087, -67.606377862999921 ], [ 59.59343509200005, -67.594333591999941 ], [ 59.50912519600007, -67.524346612999921 ], [ 59.526133660000085, -67.514580987999921 ], [ 59.594981316000087, -67.523370049999926 ], [ 59.655039910000085, -67.510837497999944 ], [ 59.640147332000083, -67.461114190999922 ], [ 59.645274285000085, -67.43873463299991 ], [ 59.666677280000044, -67.42156340899993 ], [ 59.64812259200005, -67.415948174999926 ], [ 59.657481316000087, -67.397230726999908 ], [ 60.094981316000087, -67.405368747999944 ], [ 60.234385613000086, -67.381768487999921 ], [ 60.393077019000032, -67.383884372999944 ], [ 60.466644727000073, -67.369805596999925 ], [ 60.499196811000047, -67.388848565999922 ], [ 60.618907097000033, -67.400567315999922 ], [ 60.677500847000033, -67.427504164999903 ], [ 60.793304884000065, -67.443536065999922 ], [ 60.853363477000073, -67.469659112999921 ], [ 60.914073113000086, -67.464776299999926 ], [ 60.974131707000083, -67.482842705999929 ], [ 61.01335696700005, -67.465101820999905 ], [ 61.033864780000044, -67.491143487999921 ], [ 61.167002800000034, -67.505303643999923 ], [ 61.155446811000047, -67.530857028999947 ], [ 61.129242384000065, -67.541436455999929 ], [ 61.152191602000073, -67.556410414999903 ], [ 61.185720248000052, -67.555759372999944 ], [ 61.243174675000034, -67.590508721999925 ], [ 61.608083530000044, -67.539646091999941 ], [ 62.117442254000082, -67.562269789999903 ], [ 62.201508009000065, -67.586114190999922 ], [ 62.32943769600007, -67.589288018999923 ], [ 62.410655144000032, -67.625258070999905 ], [ 62.617360873000052, -67.660088799999926 ], [ 62.77084394600007, -67.642998955999929 ], [ 63.11264082100007, -67.533786716999941 ], [ 63.650889519000032, -67.503350518999923 ], [ 63.843272332000083, -67.527439059999949 ], [ 63.96062259200005, -67.52703215899993 ], [ 64.42546634200005, -67.590508721999925 ], [ 64.553233269000032, -67.622816664999903 ], [ 64.603851759000065, -67.619724216999941 ], [ 64.720957879000082, -67.653090101999908 ], [ 66.724945509000065, -67.791924737999921 ], [ 66.773448113000086, -67.77312590899993 ], [ 66.864268425000034, -67.78639088299991 ], [ 67.00554446700005, -67.758884372999944 ], [ 67.128916863000086, -67.75904713299991 ], [ 67.285817905000044, -67.78679778399993 ], [ 67.339610222000033, -67.810804945999905 ], [ 68.070811394000032, -67.847914320999905 ], [ 68.181651238000086, -67.876560153999947 ], [ 68.376719597000033, -67.895196221999925 ], [ 68.71062259200005, -67.873467705999929 ], [ 68.777110222000033, -67.88600025799991 ], [ 69.10678144600007, -67.846286716999941 ], [ 69.189952019000032, -67.811130466999941 ], [ 69.207692905000044, -67.773044528999947 ], [ 69.229014519000032, -67.758558851999908 ], [ 69.352386915000068, -67.730075778999947 ], [ 69.555186394000032, -67.738457940999922 ], [ 69.639008009000065, -67.763278903999947 ], [ 69.650401238000086, -67.830336195999905 ], [ 69.68295332100007, -67.864434502999927 ], [ 69.632334832000083, -67.938571872999944 ], [ 69.595469597000033, -68.043064059999949 ], [ 69.634776238000086, -68.122165622999944 ], [ 69.813649936000047, -68.285251559999949 ], [ 69.99773196700005, -68.379652601999908 ], [ 70.089366082000083, -68.483005466999941 ], [ 70.179698113000086, -68.494805596999925 ], [ 70.090342644000032, -68.52117278399993 ], [ 70.05404707100007, -68.519789320999905 ], [ 69.970225457000083, -68.561700127999927 ], [ 69.89421634200005, -68.580661716999941 ], [ 69.793793165000068, -68.573825778999947 ], [ 69.631602410000085, -68.588636976999908 ], [ 69.672211134000065, -68.600274346999925 ], [ 69.573090040000068, -68.622002862999921 ], [ 69.675303582000083, -68.633477471999925 ], [ 69.604665561000047, -68.718845309999949 ], [ 69.672048373000052, -68.713636976999908 ], [ 69.281260613000086, -68.83131275799991 ], [ 69.27116946700005, -68.850681247999944 ], [ 69.30827884200005, -68.849704684999949 ], [ 69.292002800000034, -68.865411065999922 ], [ 69.385915561000047, -68.884942315999922 ], [ 69.71802819100003, -68.862399997999944 ], [ 69.857595248000052, -68.872491143999923 ], [ 69.712087436000047, -68.938083591999941 ], [ 69.769053582000083, -68.942966403999947 ], [ 69.719574415000068, -68.967054945999905 ], [ 69.303884311000047, -69.047295830999929 ], [ 69.37077884200005, -69.057061455999929 ], [ 69.335703972000033, -69.099704684999949 ], [ 69.726410352000073, -69.169691664999903 ], [ 69.760101759000065, -69.197849216999941 ], [ 69.761566602000073, -69.246351820999905 ], [ 69.740082227000073, -69.296075127999927 ], [ 69.705577019000032, -69.327325127999927 ], [ 69.604502800000034, -69.351983330999929 ], [ 69.343760613000086, -69.321872653999947 ], [ 69.259532097000033, -69.367933851999908 ], [ 69.213877800000034, -69.367364190999922 ], [ 68.970550977000073, -69.309258721999925 ], [ 68.920664910000085, -69.309014580999929 ], [ 68.872569207000083, -69.32740650799991 ], [ 68.811208530000044, -69.373630466999941 ], [ 68.742035352000073, -69.389255466999941 ], [ 68.89771569100003, -69.454685153999947 ], [ 68.747080925000034, -69.492445570999905 ], [ 68.733409050000034, -69.502618096999925 ], [ 68.733409050000034, -69.550876559999949 ], [ 68.88795006600003, -69.543552341999941 ], [ 69.04615319100003, -69.557305596999925 ], [ 69.355235222000033, -69.617120049999926 ], [ 69.256521030000044, -69.688164971999925 ], [ 69.201670769000032, -69.705661716999941 ], [ 69.000661655000044, -69.704278252999927 ], [ 68.930023634000065, -69.71257903399993 ], [ 68.882660352000073, -69.740899346999925 ], [ 69.206879102000073, -69.797946872999944 ], [ 69.204844597000033, -69.823174737999921 ], [ 69.155284050000034, -69.875664971999925 ], [ 69.022227410000085, -69.94850025799991 ], [ 68.892588738000086, -69.99382903399993 ], [ 68.758067254000082, -70.018324476999908 ], [ 68.572601759000065, -70.020928643999923 ], [ 68.496429884000065, -69.97820403399993 ], [ 68.499522332000083, -69.95671965899993 ], [ 68.361501498000052, -69.896091403999947 ], [ 68.280772332000083, -69.846368096999925 ], [ 68.20240319100003, -69.726006768999923 ], [ 68.17701256600003, -69.719659112999921 ], [ 68.135264519000032, -69.735528252999927 ], [ 68.123383009000065, -69.848565362999921 ], [ 68.057139519000032, -69.893731377999927 ], [ 67.910492384000065, -69.923923434999949 ], [ 67.913584832000083, -69.978936455999929 ], [ 67.865407748000052, -70.002048434999949 ], [ 67.571299675000034, -70.024509372999944 ], [ 67.558360222000033, -70.039646091999941 ], [ 67.566172722000033, -70.096612237999921 ], [ 67.506358269000032, -70.115899346999925 ], [ 67.481944207000083, -70.13640715899993 ], [ 67.478688998000052, -70.201755466999941 ], [ 67.224619988000086, -70.252618096999925 ], [ 67.217946811000047, -70.262790622999944 ], [ 67.229177280000044, -70.304457289999903 ], [ 67.712738477000073, -70.275485934999949 ], [ 67.745860222000033, -70.287041924999926 ], [ 67.65788821700005, -70.323337497999944 ], [ 67.677907748000052, -70.345798434999949 ], [ 67.750254754000082, -70.35670338299991 ], [ 67.762461785000085, -70.392510674999926 ], [ 67.777679884000065, -70.398207289999903 ], [ 67.87037194100003, -70.391696872999944 ], [ 67.917165561000047, -70.437432549999926 ], [ 67.976084832000083, -70.454196872999944 ], [ 68.034678582000083, -70.440850518999923 ], [ 68.099782748000052, -70.451755466999941 ], [ 68.149424675000034, -70.433851820999905 ], [ 68.422129754000082, -70.401950778999947 ], [ 68.510590040000068, -70.465752862999921 ], [ 68.562673373000052, -70.472426039999903 ], [ 68.632578972000033, -70.448825778999947 ], [ 68.650889519000032, -70.388604424999926 ], [ 68.687998894000032, -70.353692315999922 ], [ 68.92351321700005, -70.304620049999926 ], [ 69.167979363000086, -70.316582940999922 ], [ 69.25749759200005, -70.431573174999926 ], [ 69.205414259000065, -70.693129164999903 ], [ 69.079274936000047, -70.777276299999926 ], [ 69.099782748000052, -70.793226820999905 ], [ 69.017588738000086, -70.873711846999925 ], [ 69.02662194100003, -70.918552341999941 ], [ 69.007660352000073, -70.942071221999925 ], [ 68.854340040000068, -71.024834893999923 ], [ 68.896494988000086, -71.036228122999944 ], [ 68.80990644600007, -71.079685153999947 ], [ 68.587412957000083, -71.149509372999944 ], [ 68.547862175000034, -71.18092213299991 ], [ 68.590505405000044, -71.198174737999921 ], [ 68.669688347000033, -71.203708591999941 ], [ 68.522308790000068, -71.24773528399993 ], [ 68.33912194100003, -71.25750090899993 ], [ 68.312347852000073, -71.280043226999908 ], [ 68.323090040000068, -71.309177341999941 ], [ 68.055023634000065, -71.354668877999927 ], [ 68.08326256600003, -71.365411065999922 ], [ 67.832530144000032, -71.538506768999923 ], [ 67.835703972000033, -71.551853122999944 ], [ 67.860118035000085, -71.555759372999944 ], [ 67.819183790000068, -71.590427341999941 ], [ 67.89421634200005, -71.603692315999922 ], [ 67.879079623000052, -71.630059502999927 ], [ 67.847992384000065, -71.636651299999926 ], [ 67.87631269600007, -71.649346612999921 ], [ 67.882334832000083, -71.66529713299991 ], [ 67.870616082000083, -71.682224216999941 ], [ 67.788828972000033, -71.715915622999944 ], [ 67.76295006600003, -71.748142184999949 ], [ 67.709320509000065, -71.767510674999926 ], [ 67.533376498000052, -71.797458591999941 ], [ 67.566254102000073, -71.824151299999926 ], [ 67.611175977000073, -71.826836846999925 ], [ 67.472666863000086, -71.87232838299991 ], [ 67.449066602000073, -71.895928643999923 ], [ 67.531911655000044, -71.945489190999922 ], [ 67.51685631600003, -71.955743096999925 ], [ 67.507009311000047, -71.993340752999927 ], [ 67.398692254000082, -72.06373463299991 ], [ 67.262217644000032, -72.081231377999927 ], [ 67.251963738000086, -72.10711028399993 ], [ 67.331797722000033, -72.129082940999922 ], [ 67.33716881600003, -72.172621351999908 ], [ 67.315603061000047, -72.216241143999923 ], [ 67.304942254000082, -72.303317966999941 ], [ 67.315114780000044, -72.327894789999903 ], [ 67.293142123000052, -72.367120049999926 ], [ 67.213226759000065, -72.439385674999926 ], [ 67.230642123000052, -72.450290622999944 ], [ 67.20240319100003, -72.473809502999927 ], [ 67.171885613000086, -72.539157809999949 ], [ 67.083832227000073, -72.63404713299991 ], [ 67.090342644000032, -72.680271091999941 ], [ 67.078786655000044, -72.719659112999921 ], [ 67.048024936000047, -72.773207289999903 ], [ 67.03248131600003, -72.838555596999925 ], [ 66.977386915000068, -72.926446221999925 ], [ 66.861094597000033, -72.975762627999927 ], [ 66.694183790000068, -72.998142184999949 ], [ 66.557302280000044, -73.036553643999923 ], [ 66.482920769000032, -73.090508721999925 ], [ 66.325938347000033, -73.131442966999941 ], [ 66.354258660000085, -73.14812590899993 ], [ 66.40593509200005, -73.215427341999941 ], [ 66.558360222000033, -73.231540622999944 ], [ 66.641123894000032, -73.220147393999923 ], [ 66.686534050000034, -73.24187590899993 ], [ 66.733897332000083, -73.244724216999941 ], [ 66.918142123000052, -73.197686455999929 ], [ 67.022959832000083, -73.217543226999908 ], [ 67.100596550000034, -73.197849216999941 ], [ 67.101817254000082, -73.224379164999903 ], [ 67.016449415000068, -73.270928643999923 ], [ 67.049978061000047, -73.284600518999923 ], [ 67.163259311000047, -73.265883070999905 ], [ 67.16570071700005, -73.301690362999921 ], [ 67.223155144000032, -73.312432549999926 ], [ 67.341970248000052, -73.302341403999947 ], [ 67.876963738000086, -73.179131768999923 ], [ 67.959157748000052, -73.146579684999949 ], [ 68.022308790000068, -73.146742445999905 ], [ 68.055674675000034, -73.057061455999929 ], [ 68.04428144600007, -73.031426690999922 ], [ 68.10279381600003, -73.000583591999941 ], [ 68.117360873000052, -72.952732028999947 ], [ 68.074880405000044, -72.87623463299991 ], [ 67.99968509200005, -72.855726820999905 ], [ 67.959727410000085, -72.827325127999927 ], [ 67.953623894000032, -72.805108330999929 ], [ 67.969086134000065, -72.75318775799991 ], [ 67.918630405000044, -72.711195570999905 ], [ 67.921071811000047, -72.69304778399993 ], [ 68.041188998000052, -72.624444268999923 ], [ 68.201914910000085, -72.589288018999923 ], [ 68.178233269000032, -72.576755466999941 ], [ 68.332774285000085, -72.50750090899993 ], [ 68.413584832000083, -72.481622002999927 ], [ 68.494313998000052, -72.474867445999905 ], [ 68.752289259000065, -72.493584893999923 ], [ 69.083832227000073, -72.416273695999905 ], [ 69.155039910000085, -72.425957940999922 ], [ 69.347178582000083, -72.416436455999929 ], [ 69.515147332000083, -72.431898695999905 ], [ 69.480642123000052, -72.462985934999949 ], [ 69.559255405000044, -72.463962497999944 ], [ 69.631846550000034, -72.430759372999944 ], [ 69.589854363000086, -72.397149346999925 ], [ 69.636566602000073, -72.355564059999949 ], [ 69.61101321700005, -72.344414971999925 ], [ 69.668793165000068, -72.303155205999929 ], [ 69.844574415000068, -72.254815362999921 ], [ 69.93091881600003, -72.265557549999926 ], [ 69.95045006600003, -72.258070570999905 ], [ 69.940196160000085, -72.219821872999944 ], [ 69.916026238000086, -72.199883721999925 ], [ 69.804942254000082, -72.187676690999922 ], [ 69.83529707100007, -72.13404713299991 ], [ 69.856944207000083, -72.119317315999922 ], [ 69.923838738000086, -72.11296965899993 ], [ 69.954112175000034, -72.077243747999944 ], [ 70.172048373000052, -72.062595309999949 ], [ 70.270030144000032, -72.072035414999903 ], [ 70.364756707000083, -72.054620049999926 ], [ 70.530039910000085, -72.047946872999944 ], [ 70.654551629000082, -71.99537525799991 ], [ 70.729502800000034, -71.946058851999908 ], [ 70.705414259000065, -71.92310963299991 ], [ 70.733409050000034, -71.912041924999926 ], [ 70.62859134200005, -71.902113539999903 ], [ 70.566905144000032, -71.874607028999947 ], [ 70.442393425000034, -71.862237237999921 ], [ 70.432465040000068, -71.838962497999944 ], [ 70.44695071700005, -71.830173434999949 ], [ 70.687266472000033, -71.831638278999947 ], [ 70.849131707000083, -71.803480726999908 ], [ 70.971202019000032, -71.751397393999923 ], [ 71.121104363000086, -71.730564059999949 ], [ 71.212412957000083, -71.753838799999926 ], [ 71.278168165000068, -71.728285414999903 ], [ 71.053477410000085, -71.670993747999944 ], [ 71.077891472000033, -71.627211195999905 ], [ 71.095469597000033, -71.621351820999905 ], [ 71.162119988000086, -71.627211195999905 ], [ 71.219004754000082, -71.607517184999949 ], [ 71.410492384000065, -71.639336846999925 ], [ 71.539805535000085, -71.610284112999921 ], [ 71.41374759200005, -71.568536065999922 ], [ 71.368174675000034, -71.539646091999941 ], [ 71.180430535000085, -71.492282809999949 ], [ 71.158213738000086, -71.456149997999944 ], [ 71.253428582000083, -71.38795338299991 ], [ 71.20248457100007, -71.335056247999944 ], [ 71.247813347000033, -71.32350025799991 ], [ 71.300629102000073, -71.286309502999927 ], [ 71.435557488000086, -71.276950778999947 ], [ 71.535899285000085, -71.245538018999923 ], [ 71.526052280000044, -71.226820570999905 ], [ 71.555837436000047, -71.215915622999944 ], [ 71.533864780000044, -71.20435963299991 ], [ 71.429453972000033, -71.200372002999927 ], [ 71.341563347000033, -71.182061455999929 ], [ 71.36068769600007, -71.156996351999908 ], [ 71.392344597000033, -71.150811455999929 ], [ 71.395192905000044, -71.118096612999921 ], [ 71.541758660000085, -70.960137627999927 ], [ 71.686045769000032, -70.953708591999941 ], [ 71.652354363000086, -70.912204684999949 ], [ 71.698090040000068, -70.908461195999905 ], [ 71.748871290000068, -70.874932549999926 ], [ 71.827647332000083, -70.866794528999947 ], [ 71.848155144000032, -70.844659112999921 ], [ 71.859385613000029, -70.809665622999944 ], [ 71.781260613000029, -70.799981377999927 ], [ 71.726817254000082, -70.774021091999941 ], [ 71.82154381600003, -70.704196872999944 ], [ 71.940114780000044, -70.68873463299991 ], [ 71.999522332000083, -70.662692966999941 ], [ 72.043711785000085, -70.664483330999929 ], [ 72.15552819100003, -70.704847914999903 ], [ 72.148448113000029, -70.667413018999923 ], [ 72.192230665000068, -70.652927341999941 ], [ 72.345957879000082, -70.67546965899993 ], [ 72.402517123000052, -70.646091403999947 ], [ 72.44109134200005, -70.603773695999905 ], [ 72.437347852000073, -70.570082289999903 ], [ 72.494965040000068, -70.557386976999908 ], [ 72.477386915000068, -70.546319268999923 ], [ 72.612071160000085, -70.511651299999926 ], [ 72.626475457000083, -70.477308851999908 ], [ 72.64576256600003, -70.467543226999908 ], [ 72.765472852000073, -70.469170830999929 ], [ 72.85279381600003, -70.444756768999923 ], [ 72.869639519000032, -70.433363539999903 ], [ 72.866221550000034, -70.415948174999926 ], [ 72.82154381600003, -70.378838799999926 ], [ 72.812836134000065, -70.348239841999941 ], [ 72.780039910000085, -70.311293226999908 ], [ 72.694346550000034, -70.263278903999947 ], [ 72.627452019000032, -70.19459400799991 ], [ 72.639496290000068, -70.160251559999949 ], [ 72.729014519000032, -70.109144789999903 ], [ 72.766286655000044, -70.069024346999925 ], [ 72.906423373000052, -70.026950778999947 ], [ 72.969493035000085, -70.025485934999949 ], [ 73.008555535000085, -69.998955987999921 ], [ 73.056162957000083, -70.014580987999921 ], [ 73.109385613000029, -69.982354424999926 ], [ 73.158376498000052, -69.993747653999947 ], [ 73.230723504000082, -69.978936455999929 ], [ 73.208018425000034, -69.942478122999944 ], [ 73.233164910000085, -69.910332940999922 ], [ 73.248871290000068, -69.858575127999927 ], [ 73.367686394000032, -69.829847914999903 ], [ 73.40552819100003, -69.797539971999925 ], [ 73.472992384000065, -69.78093840899993 ], [ 73.513926629000082, -69.803317966999941 ], [ 73.580414259000065, -69.815524997999944 ], [ 73.608897332000083, -69.85125090899993 ], [ 73.704844597000033, -69.862481377999927 ], [ 73.812836134000065, -69.802666924999926 ], [ 73.88404381600003, -69.745863539999903 ], [ 73.986501498000052, -69.718926690999922 ], [ 74.074880405000044, -69.712660414999903 ], [ 74.235199415000068, -69.73756275799991 ], [ 74.25326582100007, -69.765557549999926 ], [ 74.316905144000032, -69.806817315999922 ], [ 74.328298373000052, -69.819756768999923 ], [ 74.322601759000065, -69.837985934999949 ], [ 74.274587436000047, -69.907403252999927 ], [ 74.302744988000029, -69.91961028399993 ], [ 74.403168165000068, -69.897393487999921 ], [ 74.412282748000052, -69.927911065999922 ], [ 74.467051629000082, -69.925225518999923 ], [ 74.717458530000044, -69.835381768999923 ], [ 74.771983269000032, -69.842054945999905 ], [ 74.720225457000083, -69.880059502999927 ], [ 74.775889519000032, -69.908868096999925 ], [ 74.867198113000029, -69.868584893999923 ], [ 74.940196160000085, -69.85670338299991 ], [ 75.060720248000052, -69.930108330999929 ], [ 75.09107506600003, -69.937107028999947 ], [ 75.179942254000082, -69.877373955999929 ], [ 75.217295769000032, -69.867852471999925 ], [ 75.21062259200005, -69.841241143999923 ], [ 75.224131707000083, -69.822523695999905 ], [ 75.275238477000073, -69.810479424999926 ], [ 75.317881707000083, -69.832452080999929 ], [ 75.342051629000082, -69.88014088299991 ], [ 75.386241082000083, -69.892673434999949 ], [ 75.394704623000052, -69.922784112999921 ], [ 75.416840040000068, -69.941989841999941 ], [ 75.556488477000073, -69.893243096999925 ], [ 75.60287519600007, -69.894952080999929 ], [ 75.638194207000083, -69.86842213299991 ], [ 75.760590040000068, -69.83171965899993 ], [ 75.813975457000083, -69.834893487999921 ], [ 75.883311394000032, -69.778903903999947 ], [ 75.916270379000082, -69.782810153999947 ], [ 75.83529707100007, -69.730645440999922 ], [ 75.798594597000033, -69.661228122999944 ], [ 75.753916863000029, -69.621758721999925 ], [ 75.799489780000044, -69.596774997999944 ], [ 75.80795332100007, -69.567152601999908 ], [ 75.82545006600003, -69.560723565999922 ], [ 75.793955925000034, -69.549574476999908 ], [ 75.820485873000052, -69.52507903399993 ], [ 75.931162957000083, -69.526136976999908 ], [ 75.972992384000065, -69.48992278399993 ], [ 76.079925977000073, -69.468682549999926 ], [ 76.215668165000068, -69.420668226999908 ], [ 76.37818444100003, -69.405368747999944 ], [ 76.357188347000033, -69.449639580999929 ], [ 76.36060631600003, -69.467217705999929 ], [ 76.406016472000033, -69.475030205999929 ], [ 76.559580925000034, -69.380303643999923 ], [ 76.60515384200005, -69.365166924999926 ], [ 76.733164910000085, -69.350762627999927 ], [ 76.809580925000034, -69.36060963299991 ], [ 76.832367384000065, -69.346286716999941 ], [ 76.82748457100007, -69.289727471999925 ], [ 76.868337436000047, -69.274834893999923 ], [ 76.961273634000065, -69.275974216999941 ], [ 76.986582879000082, -69.259535414999903 ], [ 76.961192254000082, -69.239353122999944 ], [ 77.000498894000032, -69.211683851999908 ], [ 77.23796634200005, -69.203789971999925 ], [ 77.318695509000065, -69.18287525799991 ], [ 77.431651238000029, -69.184665622999944 ], [ 77.470713738000029, -69.205743096999925 ], [ 77.533213738000029, -69.179864190999922 ], [ 77.841644727000073, -69.130059502999927 ], [ 77.826833530000044, -69.111748955999929 ], [ 77.83130944100003, -69.083184502999927 ], [ 77.889008009000065, -69.045830987999921 ], [ 77.922618035000085, -69.007582289999903 ], [ 78.043955925000034, -69.002618096999925 ], [ 77.947764519000032, -68.977634372999944 ], [ 77.984141472000033, -68.942803643999923 ], [ 78.031911655000044, -68.92506275799991 ], [ 77.936208530000044, -68.919691664999903 ], [ 77.939626498000052, -68.856133721999925 ], [ 77.98560631600003, -68.820082289999903 ], [ 78.142914259000065, -68.758965752999927 ], [ 78.35084069100003, -68.752048434999949 ], [ 78.444102410000085, -68.719170830999929 ], [ 78.669932488000029, -68.69850025799991 ], [ 78.571462436000047, -68.654473565999922 ], [ 78.45826256600003, -68.65007903399993 ], [ 78.54460696700005, -68.601006768999923 ], [ 78.511485222000033, -68.551934502999927 ], [ 78.52670332100007, -68.506280205999929 ], [ 78.464366082000083, -68.50164153399993 ], [ 78.461680535000085, -68.485528252999927 ], [ 78.501475457000083, -68.46062590899993 ], [ 78.511241082000083, -68.42506275799991 ], [ 78.55990644600007, -68.364678643999923 ], [ 78.746592644000032, -68.262465101999908 ], [ 79.131358269000032, -68.14771900799991 ], [ 80.737071160000085, -67.884698174999926 ], [ 80.87623131600003, -67.892347914999903 ], [ 81.509532097000033, -67.773695570999905 ], [ 81.568695509000065, -67.773370049999926 ], [ 81.876719597000033, -67.700127862999921 ], [ 81.930186394000032, -67.709242445999905 ], [ 82.059418165000068, -67.671807549999926 ], [ 82.121755405000044, -67.66961028399993 ], [ 82.235850457000083, -67.689385674999926 ], [ 82.278819207000083, -67.71021900799991 ], [ 82.361989780000044, -67.704196872999944 ], [ 82.42310631600003, -67.658461195999905 ], [ 82.586192254000082, -67.603448174999926 ], [ 82.670095248000052, -67.609551690999922 ], [ 82.781504754000082, -67.598565362999921 ], [ 82.905039910000028, -67.636814059999949 ], [ 82.995941602000073, -67.609633070999905 ], [ 83.106130405000044, -67.61060963299991 ], [ 83.215342644000032, -67.579034112999921 ], [ 83.295909050000034, -67.596286716999941 ], [ 83.388682488000029, -67.64421965899993 ], [ 83.472666863000029, -67.657810153999947 ], [ 83.615977410000028, -67.63836028399993 ], [ 83.656423373000052, -67.593519789999903 ], [ 83.43091881600003, -67.545586846999925 ], [ 83.382578972000033, -67.479587497999944 ], [ 83.386729363000029, -67.44654713299991 ], [ 83.416840040000068, -67.428155205999929 ], [ 83.584727410000028, -67.398858330999929 ], [ 83.623301629000082, -67.383396091999941 ], [ 83.676768425000034, -67.32935963299991 ], [ 83.724131707000083, -67.313653252999927 ], [ 84.101573113000029, -67.261895440999922 ], [ 84.24968509200005, -67.224053643999923 ], [ 84.305430535000028, -67.181735934999949 ], [ 84.43873131600003, -67.115980726999908 ], [ 84.596690300000034, -67.112399997999944 ], [ 84.96216881600003, -67.076104424999926 ], [ 85.070323113000029, -67.088555596999925 ], [ 85.015635613000029, -67.129001559999949 ], [ 85.094899936000047, -67.126071872999944 ], [ 85.167002800000034, -67.159112237999921 ], [ 85.31177819100003, -67.168715101999908 ], [ 85.418955925000034, -67.190362237999921 ], [ 85.487478061000047, -67.17156340899993 ], [ 85.61646569100003, -67.188164971999925 ], [ 85.880056186000047, -67.137790622999944 ], [ 85.925629102000073, -67.094659112999921 ], [ 86.019379102000073, -67.06959400799991 ], [ 86.067149285000028, -67.040948174999926 ], [ 86.235118035000028, -67.048272393999923 ], [ 86.55827884200005, -67.028090101999908 ], [ 86.696787957000083, -67.063897393999923 ], [ 86.916270379000082, -67.011814059999949 ], [ 87.10865319100003, -66.93328215899993 ], [ 87.475271030000044, -66.873955987999921 ], [ 87.69857832100007, -66.823663018999923 ], [ 87.81771894600007, -66.824314059999949 ], [ 87.965668165000068, -66.770277601999908 ], [ 88.163259311000047, -66.777927341999941 ], [ 88.207530144000032, -66.799737237999921 ], [ 88.23015384200005, -66.853936455999929 ], [ 88.25123131600003, -66.859551690999922 ], [ 88.441172722000033, -66.841241143999923 ], [ 88.61101321700005, -66.796807549999926 ], [ 88.734711134000065, -66.784926039999903 ], [ 88.893077019000032, -66.809502862999921 ], [ 89.003428582000083, -66.788262627999927 ], [ 89.128754102000073, -66.809502862999921 ], [ 89.305349155000044, -66.805840752999927 ], [ 89.475759311000047, -66.841566664999903 ], [ 89.599864129000082, -66.845961195999905 ], [ 89.654307488000029, -66.840427341999941 ], [ 89.810720248000052, -66.78875090899993 ], [ 89.940928582000083, -66.793877862999921 ], [ 90.148936394000032, -66.77117278399993 ], [ 90.398692254000082, -66.81959400799991 ], [ 90.491709832000083, -66.742852471999925 ], [ 90.544444207000083, -66.744073174999926 ], [ 90.673838738000029, -66.705173434999949 ], [ 90.722422722000033, -66.706231377999927 ], [ 91.086110873000052, -66.578057549999926 ], [ 91.43677819100003, -66.595961195999905 ], [ 91.64226321700005, -66.558200778999947 ], [ 91.696787957000083, -66.537286065999922 ], [ 91.781748894000032, -66.537855726999908 ], [ 91.960134311000047, -66.498223565999922 ], [ 92.216970248000052, -66.520277601999908 ], [ 92.369802280000044, -66.59498463299991 ], [ 92.506846550000034, -66.597588799999926 ], [ 92.64421634200005, -66.62623463299991 ], [ 92.760264519000032, -66.633884372999944 ], [ 92.874766472000033, -66.612725518999923 ], [ 93.021332227000073, -66.56218840899993 ], [ 93.185720248000052, -66.58953215899993 ], [ 93.623545769000032, -66.582614841999941 ], [ 93.731211785000028, -66.604261976999908 ], [ 93.683360222000033, -66.651788018999923 ], [ 93.705577019000032, -66.668145440999922 ], [ 93.69109134200005, -66.68287525799991 ], [ 93.70053144600007, -66.706231377999927 ], [ 93.739268425000034, -66.747165622999944 ], [ 93.887868686000047, -66.686700127999927 ], [ 93.961192254000082, -66.704522393999923 ], [ 93.969248894000032, -66.71998463299991 ], [ 93.948252800000034, -66.734307549999926 ], [ 94.078135613000029, -66.717950127999927 ], [ 94.131032748000052, -66.673435153999947 ], [ 94.295420769000032, -66.653415622999944 ], [ 94.426036004000082, -66.621677341999941 ], [ 94.545095248000052, -66.543145440999922 ], [ 94.917165561000047, -66.475355726999908 ], [ 95.095876498000052, -66.514336846999925 ], [ 95.174652540000068, -66.507256768999923 ], [ 95.27865644600007, -66.527113539999903 ], [ 95.321055535000028, -66.556735934999949 ], [ 95.34506269600007, -66.600762627999927 ], [ 95.34506269600007, -66.637302341999941 ], [ 95.521332227000073, -66.651543877999927 ], [ 95.481944207000026, -66.708184502999927 ], [ 95.496755405000044, -66.700290622999944 ], [ 95.556162957000026, -66.71062590899993 ], [ 95.636973504000082, -66.679131768999923 ], [ 95.825938347000033, -66.649997653999947 ], [ 95.950205925000034, -66.65748463299991 ], [ 96.10865319100003, -66.570082289999903 ], [ 96.207204623000052, -66.613539320999905 ], [ 96.407399936000047, -66.583754164999903 ], [ 96.553477410000028, -66.615329684999949 ], [ 96.610362175000034, -66.614841403999947 ], [ 96.974131707000026, -66.508396091999941 ], [ 97.080739780000044, -66.492282809999949 ], [ 97.235199415000068, -66.507989190999922 ], [ 97.337087436000047, -66.58131275799991 ], [ 97.43881269600007, -66.57195403399993 ], [ 97.451914910000028, -66.61101653399993 ], [ 97.48178144600007, -66.635023695999905 ], [ 97.602712436000047, -66.645277601999908 ], [ 97.695323113000029, -66.678643487999921 ], [ 97.740570509000065, -66.658298434999949 ], [ 97.840098504000082, -66.56609465899993 ], [ 97.977386915000068, -66.547133070999905 ], [ 98.247813347000033, -66.447930596999925 ], [ 98.537119988000029, -66.45435963299991 ], [ 98.575368686000047, -66.48601653399993 ], [ 98.542491082000026, -66.553480726999908 ], [ 98.490733269000032, -66.603773695999905 ], [ 98.539805535000028, -66.62273528399993 ], [ 98.623301629000082, -66.609307549999926 ], [ 98.91374759200005, -66.504571221999925 ], [ 99.069346550000034, -66.48992278399993 ], [ 99.053233269000032, -66.525160414999903 ], [ 99.007334832000026, -66.552911065999922 ], [ 98.71648196700005, -66.642754815999922 ], [ 98.773285352000073, -66.657403252999927 ], [ 98.81763756600003, -66.728285414999903 ], [ 98.705251498000052, -66.774346612999921 ], [ 98.775889519000032, -66.798760674999926 ], [ 98.78638756600003, -66.878513278999947 ], [ 98.826182488000029, -66.909926039999903 ], [ 98.884532097000033, -66.882745049999926 ], [ 98.871348504000082, -66.836195570999905 ], [ 98.879730665000068, -66.807305596999925 ], [ 99.01726321700005, -66.694512627999927 ], [ 99.049327019000032, -66.698663018999923 ], [ 99.107595248000052, -66.743259372999944 ], [ 99.169444207000026, -66.753106377999927 ], [ 99.199229363000029, -66.710056247999944 ], [ 99.347178582000026, -66.698825778999947 ], [ 99.402842644000032, -66.662774346999925 ], [ 99.422536655000044, -66.662204684999949 ], [ 99.422862175000034, -66.618747653999947 ], [ 99.468516472000033, -66.582289320999905 ], [ 99.529551629000082, -66.557386976999908 ], [ 99.576182488000029, -66.54851653399993 ], [ 99.536306186000047, -66.622165622999944 ], [ 99.539561394000032, -66.648207289999903 ], [ 99.56023196700005, -66.672051690999922 ], [ 99.583994988000029, -66.669040622999944 ], [ 99.678396030000044, -66.592217705999929 ], [ 99.807139519000032, -66.552829684999949 ], [ 99.92318769600007, -66.49968840899993 ], [ 100.085459832000026, -66.495212497999944 ], [ 100.18132571700005, -66.454847914999903 ], [ 100.279633009000065, -66.431084893999923 ], [ 100.30827884200005, -66.432549737999921 ], [ 100.322764519000032, -66.449151299999926 ], [ 100.312266472000033, -66.483575127999927 ], [ 100.447032097000033, -66.455661716999941 ], [ 100.500010613000029, -66.518731377999927 ], [ 100.566254102000073, -66.476657809999949 ], [ 100.64389082100007, -66.457696221999925 ], [ 100.618907097000033, -66.448174737999921 ], [ 100.528005405000044, -66.451429945999905 ], [ 100.567230665000068, -66.424574476999908 ], [ 100.470550977000073, -66.397393487999921 ], [ 100.854991082000026, -66.379652601999908 ], [ 101.071462436000047, -66.267022393999923 ], [ 101.12232506600003, -66.219333591999941 ], [ 101.142588738000029, -66.176934502999927 ], [ 101.219574415000068, -66.167901299999926 ], [ 101.265798373000052, -66.146905205999929 ], [ 101.331065300000034, -66.083916924999926 ], [ 101.47624759200005, -66.058363539999903 ], [ 101.168711785000028, -66.029473565999922 ], [ 101.22779381600003, -66.014580987999921 ], [ 101.18482506600003, -66.000095309999949 ], [ 101.336436394000032, -65.944024346999925 ], [ 101.574229363000029, -65.948988539999903 ], [ 101.683116082000026, -65.967217705999929 ], [ 102.337901238000029, -65.951267184999949 ], [ 102.51107832100007, -65.891208591999941 ], [ 102.713715040000068, -65.861260674999926 ], [ 103.050954623000052, -65.888848565999922 ], [ 103.085134311000047, -65.924899997999944 ], [ 103.145518425000034, -65.916192315999922 ], [ 103.201345248000052, -65.928399346999925 ], [ 103.30600019600007, -65.928155205999929 ], [ 103.349131707000026, -65.949883721999925 ], [ 103.610524936000047, -66.009942315999922 ], [ 103.759287957000026, -65.976983330999929 ], [ 103.908213738000029, -65.978773695999905 ], [ 104.416026238000029, -66.060723565999922 ], [ 104.573252800000034, -66.131036065999922 ], [ 104.63021894600007, -66.141208591999941 ], [ 104.863047722000033, -66.142998955999929 ], [ 105.290537957000026, -66.21607838299991 ], [ 105.35084069100003, -66.208591403999947 ], [ 105.40552819100003, -66.230726820999905 ], [ 105.448008660000028, -66.232598565999922 ], [ 105.498545769000032, -66.259942315999922 ], [ 106.302582227000073, -66.379978122999944 ], [ 106.323090040000068, -66.388929945999905 ], [ 106.324961785000028, -66.420830987999921 ], [ 106.345713738000029, -66.433363539999903 ], [ 106.410411004000025, -66.40162525799991 ], [ 106.598643425000034, -66.414157809999949 ], [ 106.644297722000033, -66.426364841999941 ], [ 106.698741082000026, -66.470310153999947 ], [ 106.767832879000025, -66.455743096999925 ], [ 107.116953972000033, -66.46257903399993 ], [ 107.332774285000028, -66.498304945999905 ], [ 107.434255405000044, -66.528497002999927 ], [ 107.779144727000073, -66.551690362999921 ], [ 107.846527540000068, -66.592950127999927 ], [ 107.879161004000025, -66.633070570999905 ], [ 107.867035352000073, -66.652764580999929 ], [ 107.76490319100003, -66.694024346999925 ], [ 107.701914910000028, -66.737725518999923 ], [ 107.713877800000034, -66.756605726999908 ], [ 107.709808790000068, -66.847588799999926 ], [ 107.792979363000029, -66.792087497999944 ], [ 107.825368686000047, -66.792087497999944 ], [ 107.885590040000068, -66.727715752999927 ], [ 108.043223504000025, -66.67896900799991 ], [ 108.135752800000034, -66.624769789999903 ], [ 108.207041863000029, -66.626722914999903 ], [ 108.202159050000034, -66.653415622999944 ], [ 108.213063998000052, -66.670668226999908 ], [ 108.252940300000034, -66.69695403399993 ], [ 108.29818769600007, -66.756442966999941 ], [ 108.401866082000026, -66.765557549999926 ], [ 108.476573113000029, -66.79461028399993 ], [ 108.621918165000068, -66.81804778399993 ], [ 108.661875847000033, -66.842217705999929 ], [ 108.696299675000034, -66.882989190999922 ], [ 108.713877800000034, -66.92742278399993 ], [ 108.85865319100003, -66.971368096999925 ], [ 108.997080925000034, -66.951429945999905 ], [ 109.00131269600007, -66.92896900799991 ], [ 109.125010613000029, -66.884698174999926 ], [ 109.223480665000068, -66.904717705999929 ], [ 109.292979363000029, -66.900567315999922 ], [ 109.385752800000034, -66.932712497999944 ], [ 109.609873894000032, -66.919691664999903 ], [ 109.586273634000065, -66.892185153999947 ], [ 109.619151238000029, -66.877048434999949 ], [ 109.847829623000052, -66.854424737999921 ], [ 109.805186394000032, -66.829278252999927 ], [ 109.90552819100003, -66.807712497999944 ], [ 109.88217207100007, -66.799248955999929 ], [ 110.099782748000052, -66.766045830999929 ], [ 110.253916863000029, -66.69695403399993 ], [ 110.41765384200005, -66.65593840899993 ], [ 110.50318444100003, -66.671644789999903 ], [ 110.63054446700005, -66.725762627999927 ], [ 110.744151238000029, -66.71453215899993 ], [ 110.715342644000032, -66.683526299999926 ], [ 110.672618035000028, -66.66765715899993 ], [ 110.705414259000065, -66.624607028999947 ], [ 110.651215040000068, -66.593926690999922 ], [ 110.650726759000065, -66.531914971999925 ], [ 110.601898634000065, -66.529473565999922 ], [ 110.68873131600003, -66.489027601999908 ], [ 110.705088738000029, -66.47234465899993 ], [ 110.71029707100007, -66.426202080999929 ], [ 110.724945509000065, -66.405450127999927 ], [ 110.526377800000034, -66.347263278999947 ], [ 110.489024285000028, -66.308770440999922 ], [ 110.599864129000025, -66.22779713299991 ], [ 110.684092644000032, -66.21062590899993 ], [ 110.707286004000025, -66.194024346999925 ], [ 110.722422722000033, -66.148044528999947 ], [ 110.92709394600007, -66.054620049999926 ], [ 111.615570509000065, -65.93287525799991 ], [ 111.847422722000033, -65.934747002999927 ], [ 113.203623894000089, -65.765394789999903 ], [ 113.275645379000025, -65.832126559999949 ], [ 113.775563998000052, -65.94850025799991 ], [ 113.894786004000025, -66.021661065999922 ], [ 114.003672722000033, -66.061293226999908 ], [ 114.087738477000016, -66.075778903999947 ], [ 114.16138756600003, -66.128350518999923 ], [ 114.254567905000044, -66.134372653999947 ], [ 114.290782097000033, -66.179864190999922 ], [ 114.340342644000089, -66.187676690999922 ], [ 114.429860873000052, -66.226006768999923 ], [ 114.406748894000089, -66.235935153999947 ], [ 114.387705925000091, -66.289808851999908 ], [ 114.338715040000011, -66.31414153399993 ], [ 114.309418165000011, -66.357028903999947 ], [ 114.416026238000086, -66.367852471999925 ], [ 114.38795006600003, -66.382419528999947 ], [ 114.429535352000016, -66.401788018999923 ], [ 114.408213738000086, -66.41961028399993 ], [ 114.483409050000091, -66.415215752999927 ], [ 114.351898634, -66.477715752999927 ], [ 114.322438998000052, -66.50904713299991 ], [ 114.674652540000011, -66.478773695999905 ], [ 114.812022332000083, -66.495212497999944 ], [ 114.896250847000033, -66.472426039999903 ], [ 115.113454623000052, -66.478122653999947 ], [ 115.193858269000089, -66.525160414999903 ], [ 115.349619988000086, -66.555759372999944 ], [ 115.434580925000091, -66.559177341999941 ], [ 115.598968946000014, -66.592868747999944 ], [ 115.649424675000091, -66.61451588299991 ], [ 115.681895379000025, -66.642754815999922 ], [ 115.668955925000091, -66.673435153999947 ], [ 115.70826256600003, -66.705661716999941 ], [ 115.709157748000052, -66.731866143999923 ], [ 115.742442254000025, -66.746677341999941 ], [ 115.780772332000083, -66.788262627999927 ], [ 115.694102410000028, -66.860772393999923 ], [ 115.597422722000033, -66.919528903999947 ], [ 115.387380405000044, -67.003838799999926 ], [ 115.160166863000086, -67.05396900799991 ], [ 114.765391472000033, -67.071709893999923 ], [ 114.598155144000089, -67.117364190999922 ], [ 114.48210696700005, -67.130954684999949 ], [ 114.397959832000083, -67.122491143999923 ], [ 114.030121290000011, -67.19068775799991 ], [ 113.905284050000091, -67.283379815999922 ], [ 113.816416863000086, -67.318291924999926 ], [ 113.884938998000052, -67.330010674999926 ], [ 113.86841881600003, -67.362237237999921 ], [ 113.76140384200005, -67.395114841999941 ], [ 113.646739129000025, -67.464288018999923 ], [ 113.646494988000086, -67.483575127999927 ], [ 113.70435631600003, -67.500176690999922 ], [ 113.812266472000033, -67.48365650799991 ], [ 113.90007571700005, -67.490411065999922 ], [ 114.031504754000025, -67.478448174999926 ], [ 114.670095248000052, -67.34343840899993 ], [ 114.582530144000089, -67.416192315999922 ], [ 114.668955925000091, -67.424248955999929 ], [ 114.775563998000052, -67.397067966999941 ], [ 114.812022332000083, -67.366957289999903 ], [ 115.254161004000025, -67.313083591999941 ], [ 115.207855665000011, -67.290948174999926 ], [ 115.240977410000028, -67.258233330999929 ], [ 115.337901238000086, -67.219496351999908 ], [ 115.528493686000047, -67.223809502999927 ], [ 115.671885613000086, -67.209567966999941 ], [ 115.799652540000011, -67.181247653999947 ], [ 115.81959069100003, -67.221286716999941 ], [ 115.847504102000016, -67.225030205999929 ], [ 115.965505405000044, -67.199314059999949 ], [ 116.013845248000052, -67.144463799999926 ], [ 116.129405144000089, -67.16961028399993 ], [ 116.156993035000028, -67.165134372999944 ], [ 116.232595248000052, -67.095961195999905 ], [ 116.333343946000014, -67.149183851999908 ], [ 116.358897332000083, -67.14967213299991 ], [ 116.500010613000086, -67.12428150799991 ], [ 116.796885613000086, -66.988457940999922 ], [ 116.942881707000083, -66.948174737999921 ], [ 116.941905144000089, -66.976006768999923 ], [ 116.903168165000011, -67.06178150799991 ], [ 116.853770379000025, -67.12273528399993 ], [ 116.883067254000025, -67.136814059999949 ], [ 116.99341881600003, -67.145603122999944 ], [ 117.295258009, -67.106866143999923 ], [ 117.462412957000083, -67.107842705999929 ], [ 117.544932488000086, -67.083184502999927 ], [ 117.587250196000014, -67.114841403999947 ], [ 117.668304884, -67.136163018999923 ], [ 117.686534050000091, -67.16529713299991 ], [ 117.71412194100003, -67.171807549999926 ], [ 117.914317254000025, -67.083103122999944 ], [ 118.367930535000028, -67.046482028999947 ], [ 118.428070509, -67.031833591999941 ], [ 118.380707227000016, -67.090101820999905 ], [ 118.25318444100003, -67.14771900799991 ], [ 118.282399936000047, -67.155205987999921 ], [ 118.290049675000091, -67.181573174999926 ], [ 118.424489780000044, -67.158379815999922 ], [ 118.459971550000091, -67.184258721999925 ], [ 118.502696160000028, -67.169854424999926 ], [ 118.604828321000014, -67.163181247999944 ], [ 118.679047071000014, -67.179457289999903 ], [ 118.779795769000089, -67.166110934999949 ], [ 118.868500196000014, -67.186944268999923 ], [ 118.881195509, -67.183851820999905 ], [ 118.880381707000083, -67.162530205999929 ], [ 119.149750196000014, -67.116387627999927 ], [ 119.328379754000025, -67.127618096999925 ], [ 119.438324415000011, -67.095310153999947 ], [ 119.598317905000044, -67.077080987999921 ], [ 119.672048373000052, -67.047051690999922 ], [ 119.961599155000044, -67.013278903999947 ], [ 120.017914259, -66.992608330999929 ], [ 120.351735873000052, -66.93482838299991 ], [ 120.40162194100003, -66.94500090899993 ], [ 120.445974155000044, -66.977715752999927 ], [ 120.341319207000083, -67.012383721999925 ], [ 118.732188347000033, -67.278903903999947 ], [ 118.789561394000089, -67.289320570999905 ], [ 118.768890821000014, -67.313897393999923 ], [ 118.81373131600003, -67.351820570999905 ], [ 118.902842644000089, -67.352471612999921 ], [ 118.891937696000014, -67.372653903999947 ], [ 118.962412957000083, -67.380466403999947 ], [ 118.890472852000016, -67.419691664999903 ], [ 118.95671634200005, -67.422458591999941 ], [ 119.10320071700005, -67.382907809999949 ], [ 119.165049675000091, -67.395440362999921 ], [ 119.29615319100003, -67.359958591999941 ], [ 119.443532748000052, -67.364434502999927 ], [ 119.727386915000011, -67.316989841999941 ], [ 119.802500847000033, -67.323418877999927 ], [ 119.931895379000025, -67.291436455999929 ], [ 120.49927819100003, -67.233086846999925 ], [ 120.920664910000028, -67.131524346999925 ], [ 121.037771030000044, -67.142022393999923 ], [ 121.404633009, -67.088311455999929 ], [ 121.51531009200005, -67.092950127999927 ], [ 121.775401238000086, -67.029880466999941 ], [ 121.768728061000047, -67.006605726999908 ], [ 121.820078972000033, -67.023858330999929 ], [ 121.864268425000091, -67.018731377999927 ], [ 121.852305535000028, -66.994561455999929 ], [ 121.814952019000089, -66.992364190999922 ], [ 121.801931186000047, -66.975274346999925 ], [ 121.937754754000025, -66.917575778999947 ], [ 122.082041863000086, -66.891778252999927 ], [ 122.188487175000091, -66.855075778999947 ], [ 122.436534050000091, -66.832126559999949 ], [ 122.520518425000091, -66.810804945999905 ], [ 122.61060631600003, -66.81023528399993 ], [ 123.149912957000083, -66.733168226999908 ], [ 123.327647332000083, -66.751153252999927 ], [ 123.55787194100003, -66.748630466999941 ], [ 123.66374759200005, -66.705010674999926 ], [ 123.730316602000016, -66.650323174999926 ], [ 123.962412957000083, -66.610121351999908 ], [ 124.015147332000083, -66.588799737999921 ], [ 124.048675977000016, -66.598728122999944 ], [ 124.019541863000086, -66.613213799999926 ], [ 124.036631707000083, -66.614353122999944 ], [ 124.103526238000086, -66.588636976999908 ], [ 124.260508660000028, -66.59498463299991 ], [ 124.261241082000083, -66.623223565999922 ], [ 124.283946160000028, -66.636325778999947 ], [ 124.371267123000052, -66.658379815999922 ], [ 124.369313998000052, -66.68523528399993 ], [ 124.340179884, -66.717868747999944 ], [ 124.471446160000028, -66.717217705999929 ], [ 124.456553582000083, -66.73992278399993 ], [ 124.597178582000083, -66.727227471999925 ], [ 124.637380405000044, -66.763116143999923 ], [ 124.716807488000086, -66.759209893999923 ], [ 124.80591881600003, -66.72779713299991 ], [ 124.825205925000091, -66.697686455999929 ], [ 124.845713738000086, -66.695977471999925 ], [ 124.877777540000011, -66.715915622999944 ], [ 125.14812259200005, -66.659600518999923 ], [ 125.224782748000052, -66.612237237999921 ], [ 125.265879754000025, -66.539483330999929 ], [ 125.320078972000033, -66.517022393999923 ], [ 125.334727410000028, -66.44890715899993 ], [ 125.410411004000025, -66.41765715899993 ], [ 125.704844597000033, -66.391371351999908 ], [ 125.897797071000014, -66.306247653999947 ], [ 125.940603061000047, -66.302341403999947 ], [ 126.003103061000047, -66.330987237999921 ], [ 126.06763756600003, -66.339939059999949 ], [ 126.093760613000086, -66.36101653399993 ], [ 126.116384311000047, -66.439060153999947 ], [ 126.175954623000052, -66.46998463299991 ], [ 126.258474155000044, -66.448174737999921 ], [ 126.328379754000025, -66.469903252999927 ], [ 126.332774285000028, -66.488051039999903 ], [ 126.291270379000025, -66.499118747999944 ], [ 126.37232506600003, -66.561618747999944 ], [ 126.392588738000086, -66.552666924999926 ], [ 126.402354363000086, -66.526950778999947 ], [ 126.403086785000028, -66.372002862999921 ], [ 126.430430535000028, -66.354668877999927 ], [ 126.514414910000028, -66.372653903999947 ], [ 126.490489129000025, -66.423028252999927 ], [ 126.553070509, -66.44304778399993 ], [ 126.648773634, -66.410332940999922 ], [ 126.706065300000091, -66.404717705999929 ], [ 126.667491082000083, -66.422133070999905 ], [ 126.684580925000091, -66.44304778399993 ], [ 126.776703321000014, -66.434991143999923 ], [ 126.854258660000028, -66.449314059999949 ], [ 126.82195071700005, -66.486260674999926 ], [ 126.766612175000091, -66.502699476999908 ], [ 126.748708530000044, -66.522067966999941 ], [ 126.73951256600003, -66.576918226999908 ], [ 126.718923373000052, -66.592868747999944 ], [ 126.61841881600003, -66.619398695999905 ], [ 126.569509311000047, -66.665785414999903 ], [ 126.704112175000091, -66.641289971999925 ], [ 126.765879754000025, -66.652439059999949 ], [ 126.819183790000011, -66.691338799999926 ], [ 126.796722852000016, -66.715752862999921 ], [ 126.680511915000011, -66.756931247999944 ], [ 126.664561394000089, -66.816664320999905 ], [ 126.682139519000089, -66.84539153399993 ], [ 126.968272332000083, -66.80787525799991 ], [ 127.062754754000025, -66.848728122999944 ], [ 126.998708530000044, -66.932793877999927 ], [ 127.082855665000011, -66.95631275799991 ], [ 127.058767123000052, -66.983330987999921 ], [ 127.044444207000083, -67.049981377999927 ], [ 127.07154381600003, -67.073418877999927 ], [ 127.064626498000052, -67.12468840899993 ], [ 127.081390821000014, -67.135430596999925 ], [ 127.112315300000091, -67.124444268999923 ], [ 127.149424675000091, -67.080824476999908 ], [ 127.154551629000025, -67.020277601999908 ], [ 127.184580925000091, -66.988457940999922 ], [ 127.363617384, -66.931084893999923 ], [ 127.334239129000025, -66.981622002999927 ], [ 127.367360873000052, -66.998304945999905 ], [ 127.36101321700005, -67.043877862999921 ], [ 127.401133660000028, -67.067559502999927 ], [ 127.615489129000025, -67.049004815999922 ], [ 127.694509311000047, -67.056735934999949 ], [ 127.836436394000089, -67.02117278399993 ], [ 128.074554884, -67.022393487999921 ], [ 128.109385613000086, -67.083184502999927 ], [ 128.163910352000016, -67.10125090899993 ], [ 128.330902540000011, -67.071872653999947 ], [ 128.35710696700005, -67.078383070999905 ], [ 128.382172071000014, -67.117933851999908 ], [ 128.520518425000091, -67.14576588299991 ], [ 128.707367384, -67.108330987999921 ], [ 128.763519727000016, -67.025811455999929 ], [ 128.82390384200005, -67.034274997999944 ], [ 129.012868686000047, -67.111748955999929 ], [ 129.036875847000033, -67.15553150799991 ], [ 129.064626498000052, -67.174411716999941 ], [ 129.099619988000086, -67.167738539999903 ], [ 129.202647332000083, -67.100355726999908 ], [ 129.222178582000083, -67.050225518999923 ], [ 129.272797071000014, -67.007419528999947 ], [ 129.444509311000047, -66.959242445999905 ], [ 129.436371290000011, -66.927666924999926 ], [ 129.384613477000016, -66.877862237999921 ], [ 129.392914259, -66.858086846999925 ], [ 129.493662957000083, -66.815362237999921 ], [ 129.526866082000083, -66.77507903399993 ], [ 129.57585696700005, -66.750176690999922 ], [ 129.584727410000028, -66.729180596999925 ], [ 129.469004754000025, -66.717461846999925 ], [ 129.474619988000086, -66.691013278999947 ], [ 129.532562696000014, -66.614434502999927 ], [ 129.637868686000047, -66.574639580999929 ], [ 129.710459832000083, -66.515232028999947 ], [ 129.730967644000089, -66.459161065999922 ], [ 129.721690300000091, -66.438246351999908 ], [ 129.876719597000033, -66.362399997999944 ], [ 130.008962436000047, -66.346123955999929 ], [ 130.064300977000016, -66.294040622999944 ], [ 130.102712436000047, -66.276788018999923 ], [ 130.236094597000033, -66.260674737999921 ], [ 130.291758660000028, -66.279961846999925 ], [ 130.348399285000028, -66.265720309999949 ], [ 130.342458530000044, -66.295179945999905 ], [ 130.462250196000014, -66.252048434999949 ], [ 130.529958530000044, -66.241631768999923 ], [ 130.562836134, -66.261651299999926 ], [ 130.604014519000089, -66.197035414999903 ], [ 130.729991082000083, -66.147149346999925 ], [ 130.871592644000089, -66.18328215899993 ], [ 131.18482506600003, -66.199151299999926 ], [ 131.230235222000033, -66.230075778999947 ], [ 131.269297722000033, -66.23796965899993 ], [ 131.338389519000089, -66.23796965899993 ], [ 131.394541863000086, -66.211683851999908 ], [ 131.757823113000086, -66.243340752999927 ], [ 132.050303582000083, -66.217054945999905 ], [ 132.147797071000014, -66.178155205999929 ], [ 132.478282097000033, -66.150648695999905 ], [ 132.60670006600003, -66.186455987999921 ], [ 132.826914910000028, -66.190362237999921 ], [ 133.016368035000028, -66.145440362999921 ], [ 133.12037194100003, -66.096774997999944 ], [ 133.275645379000025, -66.080173434999949 ], [ 133.500743035000028, -66.08326588299991 ], [ 133.60710696700005, -66.108168226999908 ], [ 133.792328321000014, -66.105401299999926 ], [ 133.854258660000028, -66.127536716999941 ], [ 133.910492384, -66.184014580999929 ], [ 133.962250196000014, -66.198174737999921 ], [ 134.015147332000083, -66.195489190999922 ], [ 134.126963738000086, -66.227146091999941 ], [ 134.19109134200005, -66.279473565999922 ], [ 134.25945071700005, -66.279554945999905 ], [ 134.290782097000033, -66.318942966999941 ], [ 134.426524285000028, -66.311455987999921 ], [ 134.438812696000014, -66.329196872999944 ], [ 134.420583530000044, -66.343194268999923 ], [ 134.346202019000089, -66.366957289999903 ], [ 134.109385613000086, -66.504571221999925 ], [ 134.164073113000086, -66.512790622999944 ], [ 134.339040561000047, -66.483086846999925 ], [ 134.298838738000086, -66.517347914999903 ], [ 134.350108269000089, -66.519952080999929 ], [ 134.766774936000047, -66.337660414999903 ], [ 134.739268425000091, -66.367282809999949 ], [ 134.935801629000025, -66.341729424999926 ], [ 135.035492384, -66.364678643999923 ], [ 135.178477410000028, -66.331475518999923 ], [ 135.178477410000028, -66.27467213299991 ], [ 135.166514519000089, -66.261325778999947 ], [ 135.297618035000028, -66.215752862999921 ], [ 135.30241946700005, -66.162692966999941 ], [ 135.34302819100003, -66.100681247999944 ], [ 135.494313998000052, -66.114678643999923 ], [ 135.503916863000086, -66.138604424999926 ], [ 135.647308790000011, -66.278090101999908 ], [ 135.629649285000028, -66.347426039999903 ], [ 135.666270379000025, -66.354261976999908 ], [ 135.756358269000089, -66.275974216999941 ], [ 135.808848504000025, -66.267673434999949 ], [ 135.840993686000047, -66.279066664999903 ], [ 135.927093946000014, -66.256931247999944 ], [ 135.996836785000028, -66.259209893999923 ], [ 136.128428582000083, -66.235528252999927 ], [ 136.284353061000047, -66.316582940999922 ], [ 136.352061394000089, -66.368096612999921 ], [ 136.544688347000033, -66.40984465899993 ], [ 136.580902540000011, -66.473321221999925 ], [ 136.656748894000089, -66.540785414999903 ], [ 136.706228061000047, -66.512872002999927 ], [ 136.731944207000083, -66.477227471999925 ], [ 136.636485222000033, -66.456475518999923 ], [ 136.656260613000086, -66.40007903399993 ], [ 136.689626498000052, -66.366387627999927 ], [ 136.73601321700005, -66.348728122999944 ], [ 136.94459069100003, -66.328220309999949 ], [ 137.457855665000011, -66.344821872999944 ], [ 137.501475457000083, -66.365411065999922 ], [ 137.669118686000047, -66.377699476999908 ], [ 137.720550977000016, -66.368096612999921 ], [ 137.767588738000086, -66.403090101999908 ], [ 137.846364780000044, -66.415622653999947 ], [ 138.018728061000047, -66.488539320999905 ], [ 138.141612175000091, -66.498711846999925 ], [ 138.184336785000028, -66.53834400799991 ], [ 138.133311394000089, -66.623955987999921 ], [ 138.221039259, -66.600762627999927 ], [ 138.333018425000091, -66.539971612999921 ], [ 138.60710696700005, -66.541680596999925 ], [ 138.641368035000028, -66.522881768999923 ], [ 138.66960696700005, -66.551853122999944 ], [ 138.73210696700005, -66.56959400799991 ], [ 138.926442905000044, -66.556247653999947 ], [ 139.029551629000025, -66.57586028399993 ], [ 139.251719597000033, -66.567152601999908 ], [ 139.454925977000016, -66.594008070999905 ], [ 139.441742384, -66.623304945999905 ], [ 139.452484571000014, -66.64185963299991 ], [ 139.477386915000011, -66.650567315999922 ], [ 139.590342644000089, -66.625583591999941 ], [ 139.677582227000016, -66.630466403999947 ], [ 139.867035352000016, -66.691827080999929 ], [ 139.89185631600003, -66.721612237999921 ], [ 139.841563347000033, -66.750258070999905 ], [ 139.823741082000083, -66.771579684999949 ], [ 139.822764519000089, -66.796970309999949 ], [ 139.915537957000083, -66.757582289999903 ], [ 139.965505405000044, -66.751885674999926 ], [ 140.021739129000025, -66.774509372999944 ], [ 140.081553582000083, -66.733168226999908 ], [ 140.110199415000011, -66.729180596999925 ], [ 140.284515821000014, -66.729099216999941 ], [ 140.335703972000033, -66.747165622999944 ], [ 140.384776238000086, -66.787041924999926 ], [ 140.410817905000044, -66.767510674999926 ], [ 140.414724155000044, -66.737237237999921 ], [ 140.517425977000016, -66.725030205999929 ], [ 140.695485873000052, -66.749200127999927 ], [ 140.90162194100003, -66.753024997999944 ], [ 141.003672722000033, -66.767347914999903 ], [ 141.281016472000033, -66.861504815999922 ], [ 141.29656009200005, -66.853773695999905 ], [ 141.305674675000091, -66.82740650799991 ], [ 141.362071160000028, -66.839450778999947 ], [ 141.578135613000086, -66.779961846999925 ], [ 141.98170006600003, -66.799981377999927 ], [ 142.092784050000091, -66.82740650799991 ], [ 142.198741082000083, -66.875909112999921 ], [ 142.267751498000052, -66.948418877999927 ], [ 142.296397332000083, -66.950127862999921 ], [ 142.415375196000014, -67.014255466999941 ], [ 142.477061394000089, -67.025974216999941 ], [ 142.822032097000033, -67.019707940999922 ], [ 142.998789910000028, -66.962090752999927 ], [ 143.508311394000089, -66.844659112999921 ], [ 143.750824415000011, -66.880303643999923 ], [ 143.86101321700005, -66.919691664999903 ], [ 143.876149936000047, -66.940362237999921 ], [ 143.863454623000052, -66.995863539999903 ], [ 143.887217644000089, -67.051364841999941 ], [ 143.87859134200005, -67.073663018999923 ], [ 143.751475457000083, -67.139418226999908 ], [ 144.069102410000028, -67.086195570999905 ], [ 144.088552280000044, -67.153741143999923 ], [ 144.114756707000083, -67.17742278399993 ], [ 144.154633009, -67.073337497999944 ], [ 144.184906446000014, -67.044691664999903 ], [ 144.315603061000047, -67.002699476999908 ], [ 144.512461785000028, -67.015720309999949 ], [ 144.645518425000091, -67.09539153399993 ], [ 144.662364129000025, -67.116631768999923 ], [ 144.59693444100003, -67.185642184999949 ], [ 144.556000196000014, -67.195977471999925 ], [ 144.500987175000091, -67.196709893999923 ], [ 144.362640821000014, -67.162774346999925 ], [ 144.321462436000047, -67.171644789999903 ], [ 144.358571811000047, -67.207289320999905 ], [ 144.437266472000033, -67.207614841999941 ], [ 144.514170769000089, -67.234551690999922 ], [ 144.446462436000047, -67.333754164999903 ], [ 144.301036004000025, -67.417413018999923 ], [ 144.248057488000086, -67.413832289999903 ], [ 144.177093946000014, -67.347100518999923 ], [ 144.14966881600003, -67.361097914999903 ], [ 144.137054884, -67.406996351999908 ], [ 144.085703972000033, -67.424737237999921 ], [ 144.091563347000033, -67.450778903999947 ], [ 144.137543165000011, -67.457452080999929 ], [ 144.164561394000089, -67.478448174999926 ], [ 144.164561394000089, -67.526055596999925 ], [ 144.189707879000025, -67.595635674999926 ], [ 144.119395379000025, -67.664239190999922 ], [ 143.909190300000091, -67.756117445999905 ], [ 143.85670006600003, -67.811944268999923 ], [ 143.840586785000028, -67.847263278999947 ], [ 143.95476321700005, -67.83326588299991 ], [ 143.911631707000083, -67.86101653399993 ], [ 143.91179446700005, -67.892510674999926 ], [ 143.880707227000016, -67.933851820999905 ], [ 143.952647332000083, -67.945896091999941 ], [ 144.020274285000028, -67.935723565999922 ], [ 144.15593509200005, -67.885511976999908 ], [ 144.138519727000016, -67.953383070999905 ], [ 144.185801629000025, -67.939873955999929 ], [ 144.248708530000044, -67.95435963299991 ], [ 144.351735873000052, -67.899997653999947 ], [ 144.469086134, -67.794366143999923 ], [ 144.601817254000025, -67.751153252999927 ], [ 144.809418165000011, -67.754978122999944 ], [ 144.905039910000028, -67.737725518999923 ], [ 145.05437259200005, -67.635186455999929 ], [ 145.238129102000016, -67.528252862999921 ], [ 145.279795769000089, -67.515720309999949 ], [ 145.444346550000091, -67.514825127999927 ], [ 145.484222852000016, -67.576429945999905 ], [ 145.481455925000091, -67.623467705999929 ], [ 145.536631707000083, -67.651299737999921 ], [ 145.52662194100003, -67.690524997999944 ], [ 145.545909050000091, -67.712090752999927 ], [ 145.615896030000044, -67.737074476999908 ], [ 145.644297722000033, -67.736993096999925 ], [ 145.688324415000011, -67.700941664999903 ], [ 145.733409050000091, -67.592950127999927 ], [ 145.797048373000052, -67.573988539999903 ], [ 145.91724694100003, -67.589043877999927 ], [ 146.04810631600003, -67.586602471999925 ], [ 146.19068444100003, -67.622816664999903 ], [ 146.208018425000091, -67.66920338299991 ], [ 146.228851759, -67.687107028999947 ], [ 146.109711134, -67.749607028999947 ], [ 146.126475457000083, -67.764825127999927 ], [ 146.175303582000083, -67.769138278999947 ], [ 146.300954623000052, -67.851332289999903 ], [ 146.344411655000044, -67.83131275799991 ], [ 146.408702019000089, -67.753513278999947 ], [ 146.441579623000052, -67.731133721999925 ], [ 146.489105665000011, -67.741794528999947 ], [ 146.52898196700005, -67.770277601999908 ], [ 146.537933790000011, -67.80242278399993 ], [ 146.510915561000047, -67.84148528399993 ], [ 146.473643425000091, -67.873793226999908 ], [ 146.385427280000044, -67.915215752999927 ], [ 146.410166863000086, -67.951755466999941 ], [ 146.544444207000083, -67.937595309999949 ], [ 146.527842644000089, -67.960870049999926 ], [ 146.552989129000025, -67.988946221999925 ], [ 146.615733269000089, -67.951348565999922 ], [ 146.666758660000028, -67.939385674999926 ], [ 146.689707879000025, -67.938897393999923 ], [ 146.662119988000086, -67.95476653399993 ], [ 146.711110873000052, -67.959730726999908 ], [ 146.819834832000083, -67.920586846999925 ], [ 146.872813347000033, -67.937595309999949 ], [ 146.804453972000033, -68.000664971999925 ], [ 146.634287957000083, -68.087090752999927 ], [ 146.55827884200005, -68.143243096999925 ], [ 146.580902540000011, -68.150648695999905 ], [ 146.602305535000028, -68.178480726999908 ], [ 146.704274936000047, -68.169691664999903 ], [ 146.795176629000025, -68.139092705999929 ], [ 146.971364780000044, -68.052178643999923 ], [ 147.024587436000047, -68.033949476999908 ], [ 147.064707879000025, -68.03875090899993 ], [ 147.076508009, -68.101169528999947 ], [ 147.054942254000025, -68.134698174999926 ], [ 146.991221550000091, -68.171075127999927 ], [ 146.859548373000052, -68.209161065999922 ], [ 146.745127800000091, -68.270684502999927 ], [ 146.71802819100003, -68.303399346999925 ], [ 146.760020379000025, -68.323174737999921 ], [ 146.893728061000047, -68.293226820999905 ], [ 146.935720248000052, -68.29615650799991 ], [ 146.947113477000016, -68.315606377999927 ], [ 146.962412957000083, -68.316582940999922 ], [ 147.107920769000089, -68.294040622999944 ], [ 147.097178582000083, -68.340997002999927 ], [ 147.038422071000014, -68.392754815999922 ], [ 147.030446811000047, -68.415622653999947 ], [ 147.088633660000028, -68.419691664999903 ], [ 147.174489780000044, -68.394707940999922 ], [ 147.230479363000086, -68.412041924999926 ], [ 147.387380405000044, -68.376397393999923 ], [ 147.468516472000033, -68.389255466999941 ], [ 147.662364129000025, -68.356622002999927 ], [ 147.725108269000089, -68.370538018999923 ], [ 147.849375847000033, -68.37037525799991 ], [ 147.885752800000091, -68.406426690999922 ], [ 147.984222852000016, -68.42310963299991 ], [ 147.97974694100003, -68.444756768999923 ], [ 148.000987175000091, -68.464043877999927 ], [ 148.033457879000025, -68.442478122999944 ], [ 148.141123894000089, -68.446058851999908 ], [ 148.24146569100003, -68.414157809999949 ], [ 148.292735222000033, -68.42742278399993 ], [ 148.304698113000086, -68.444431247999944 ], [ 148.288259311000047, -68.46648528399993 ], [ 148.435394727000016, -68.473321221999925 ], [ 148.518565300000091, -68.451918226999908 ], [ 148.611338738000086, -68.468194268999923 ], [ 148.62427819100003, -68.430352471999925 ], [ 148.691905144000089, -68.403008721999925 ], [ 148.857269727000016, -68.453708591999941 ], [ 148.980479363000086, -68.445733330999929 ], [ 149.061534050000091, -68.412204684999949 ], [ 149.154063347000033, -68.402520440999922 ], [ 149.120616082000083, -68.420993747999944 ], [ 149.159190300000091, -68.450127862999921 ], [ 149.207530144000089, -68.460381768999923 ], [ 149.255381707000083, -68.450778903999947 ], [ 149.310069207000083, -68.406833591999941 ], [ 149.39031009200005, -68.384372653999947 ], [ 149.481781446000014, -68.418145440999922 ], [ 149.784922722000033, -68.486911716999941 ], [ 149.835785352000016, -68.484307549999926 ], [ 149.883636915000011, -68.463636976999908 ], [ 149.812998894000089, -68.417901299999926 ], [ 149.730642123000052, -68.401543877999927 ], [ 149.683604363000086, -68.369317315999922 ], [ 149.735687696000014, -68.352471612999921 ], [ 149.864756707000083, -68.412774346999925 ], [ 149.91334069100003, -68.423435153999947 ], [ 150.273936394000089, -68.427666924999926 ], [ 150.377940300000091, -68.439873955999929 ], [ 150.651377800000091, -68.410821221999925 ], [ 150.852875196000014, -68.350762627999927 ], [ 150.956553582000083, -68.342950127999927 ], [ 151.062836134, -68.37037525799991 ], [ 151.094248894000089, -68.406996351999908 ], [ 151.114105665000011, -68.456149997999944 ], [ 151.050629102000016, -68.537774346999925 ], [ 151.051931186000047, -68.559014580999929 ], [ 151.080088738000086, -68.573988539999903 ], [ 150.970713738000086, -68.717217705999929 ], [ 150.991953972000033, -68.727634372999944 ], [ 151.024912957000083, -68.776950778999947 ], [ 151.163584832000083, -68.877618096999925 ], [ 151.239756707000083, -68.831638278999947 ], [ 151.284678582000083, -68.828708591999941 ], [ 151.41960696700005, -68.893975518999923 ], [ 151.566905144000089, -68.916761976999908 ], [ 151.573985222000033, -68.808038018999923 ], [ 151.552744988000086, -68.783461195999905 ], [ 151.575531446000014, -68.775323174999926 ], [ 151.552093946000014, -68.727634372999944 ], [ 151.553233269000089, -68.707207940999922 ], [ 151.573252800000091, -68.692559502999927 ], [ 151.61451256600003, -68.698418877999927 ], [ 151.923838738000086, -68.666761976999908 ], [ 152.156504754000025, -68.736423434999949 ], [ 152.403086785000028, -68.698663018999923 ], [ 152.430674675000091, -68.70086028399993 ], [ 152.467051629000025, -68.724053643999923 ], [ 152.526377800000091, -68.714939059999949 ], [ 152.621348504000025, -68.765720309999949 ], [ 152.761241082000083, -68.75945403399993 ], [ 152.863536004000025, -68.789971612999921 ], [ 152.983409050000091, -68.861586195999905 ], [ 153.09302819100003, -68.879164320999905 ], [ 153.250661655000044, -68.87818775799991 ], [ 153.270274285000028, -68.862399997999944 ], [ 153.320323113000086, -68.859307549999926 ], [ 153.340098504000025, -68.786553643999923 ], [ 153.381846550000091, -68.76881275799991 ], [ 153.548350457000083, -68.795993747999944 ], [ 153.692718946000014, -68.766208591999941 ], [ 153.84498131600003, -68.760430596999925 ], [ 153.795583530000044, -68.640801690999922 ], [ 153.70045006600003, -68.545668226999908 ], [ 153.833506707000083, -68.520684502999927 ], [ 153.865244988000086, -68.493747653999947 ], [ 153.729258660000028, -68.448663018999923 ], [ 153.697764519000089, -68.420179945999905 ], [ 153.681976759, -68.376071872999944 ], [ 153.685801629000025, -68.334079684999949 ], [ 153.70826256600003, -68.30006275799991 ], [ 153.749034050000091, -68.280368747999944 ], [ 153.835948113000086, -68.273614190999922 ], [ 154.058604363000086, -68.322035414999903 ], [ 154.134776238000086, -68.355564059999949 ], [ 154.171641472000033, -68.358086846999925 ], [ 154.183116082000083, -68.376560153999947 ], [ 154.36101321700005, -68.422458591999941 ], [ 154.476817254000025, -68.46998463299991 ], [ 154.613129102000016, -68.47429778399993 ], [ 154.658213738000086, -68.511814059999949 ], [ 154.718516472000033, -68.528252862999921 ], [ 154.715098504000025, -68.582614841999941 ], [ 154.76921634200005, -68.621840101999908 ], [ 154.697113477000016, -68.646254164999903 ], [ 154.635508660000028, -68.63014088299991 ], [ 154.450368686000047, -68.625746351999908 ], [ 154.464040561000047, -68.652601820999905 ], [ 154.58757571700005, -68.726332289999903 ], [ 154.518321160000028, -68.80396900799991 ], [ 154.569346550000091, -68.805596612999921 ], [ 154.611989780000044, -68.788995049999926 ], [ 154.69263756600003, -68.73015715899993 ], [ 154.742523634, -68.709730726999908 ], [ 154.794688347000033, -68.710870049999926 ], [ 154.844737175000091, -68.727715752999927 ], [ 154.951182488000086, -68.802911065999922 ], [ 154.969737175000091, -68.867120049999926 ], [ 155.011078321000014, -68.898858330999929 ], [ 155.037119988000086, -68.901788018999923 ], [ 155.132823113000086, -68.870212497999944 ], [ 155.308604363000086, -68.893324476999908 ], [ 155.368988477000016, -68.931817315999922 ], [ 155.386566602000016, -69.010349216999941 ], [ 155.288828972000033, -69.035902601999908 ], [ 155.410817905000044, -69.043633721999925 ], [ 155.510508660000028, -69.106540622999944 ], [ 155.637543165000011, -69.134209893999923 ], [ 155.75709069100003, -69.101169528999947 ], [ 155.745616082000083, -69.084567966999941 ], [ 155.694509311000047, -69.08521900799991 ], [ 155.642344597000033, -69.048435153999947 ], [ 155.571462436000047, -69.029554945999905 ], [ 155.541514519000089, -69.013441664999903 ], [ 155.53679446700005, -68.983575127999927 ], [ 155.558929884, -68.956801039999903 ], [ 155.59343509200005, -68.94695403399993 ], [ 155.775401238000086, -68.946872653999947 ], [ 155.834727410000028, -68.974867445999905 ], [ 155.873383009, -68.975762627999927 ], [ 155.95630944100003, -69.028090101999908 ], [ 155.971853061000047, -69.088148695999905 ], [ 156.000987175000091, -69.111423434999949 ], [ 156.031586134, -69.116794528999947 ], [ 156.102061394000089, -69.098809502999927 ], [ 156.226898634, -69.135430596999925 ], [ 156.262461785000028, -69.152927341999941 ], [ 156.26490319100003, -69.176853122999944 ], [ 156.350108269000089, -69.201918226999908 ], [ 156.484141472000033, -69.206638278999947 ], [ 156.67505944100003, -69.170017184999949 ], [ 156.78874759200005, -69.172784112999921 ], [ 156.826670769000089, -69.193536065999922 ], [ 156.859873894000089, -69.194268487999921 ], [ 157.023203972000033, -69.144789320999905 ], [ 157.139821811000047, -69.161309502999927 ], [ 157.343597852000016, -69.323174737999921 ], [ 157.373545769000089, -69.354668877999927 ], [ 157.406016472000033, -69.430596612999921 ], [ 157.422536655000044, -69.43718840899993 ], [ 157.461761915000011, -69.408379815999922 ], [ 157.518239780000044, -69.430271091999941 ], [ 157.531016472000033, -69.412204684999949 ], [ 157.568369988000086, -69.398207289999903 ], [ 157.64616946700005, -69.382419528999947 ], [ 157.540375196000014, -69.367608330999929 ], [ 157.504730665000011, -69.349541924999926 ], [ 157.498708530000044, -69.261325778999947 ], [ 157.533457879000025, -69.232028903999947 ], [ 157.625498894000089, -69.195407809999949 ], [ 157.708994988000086, -69.194024346999925 ], [ 157.761892123000052, -69.22429778399993 ], [ 157.810801629000025, -69.223239841999941 ], [ 157.873057488000086, -69.172051690999922 ], [ 157.905284050000091, -69.169528903999947 ], [ 157.992198113000086, -69.172133070999905 ], [ 158.080821160000028, -69.209893487999921 ], [ 158.268321160000028, -69.225030205999929 ], [ 158.398203972000033, -69.283298434999949 ], [ 158.41138756600003, -69.308770440999922 ], [ 158.44654381600003, -69.326755466999941 ], [ 158.548675977000016, -69.350681247999944 ], [ 158.58716881600003, -69.348809502999927 ], [ 158.565928582000083, -69.337497653999947 ], [ 158.583750847000033, -69.327080987999921 ], [ 158.817149285000028, -69.316338799999926 ], [ 158.941172722000033, -69.381768487999921 ], [ 159.04070071700005, -69.490655205999929 ], [ 159.100108269000089, -69.512872002999927 ], [ 159.119639519000089, -69.516289971999925 ], [ 159.149424675000091, -69.461358330999929 ], [ 159.187998894000089, -69.435316664999903 ], [ 159.235362175000091, -69.427911065999922 ], [ 159.512217644000089, -69.499118747999944 ], [ 159.75359134200005, -69.501885674999926 ], [ 159.823008660000028, -69.527520440999922 ], [ 159.880707227000016, -69.574476820999905 ], [ 159.975108269000089, -69.622653903999947 ], [ 160.058767123000052, -69.643649997999944 ], [ 160.102305535000028, -69.684991143999923 ], [ 160.14380944100003, -69.693129164999903 ], [ 160.202321811000047, -69.736911716999941 ], [ 160.334483269000089, -69.796075127999927 ], [ 160.34107506600003, -69.828383070999905 ], [ 160.324229363000086, -69.848809502999927 ], [ 160.250498894000089, -69.874118747999944 ], [ 160.09302819100003, -69.887627862999921 ], [ 159.984711134, -69.872247002999927 ], [ 159.881114129000025, -69.881524346999925 ], [ 159.805511915000011, -69.87273528399993 ], [ 159.761241082000083, -69.885186455999929 ], [ 159.770355665000011, -69.91765715899993 ], [ 159.811045769000089, -69.923597914999903 ], [ 159.878265821000014, -69.990411065999922 ], [ 160.014821811000047, -69.996026299999926 ], [ 160.142832879000025, -69.968845309999949 ], [ 160.636485222000033, -70.048760674999926 ], [ 160.66138756600003, -70.081638278999947 ], [ 160.595957879000025, -70.104668877999927 ], [ 160.759776238000086, -70.101983330999929 ], [ 160.827159050000091, -70.139743747999944 ], [ 160.903330925000091, -70.209567966999941 ], [ 160.985850457000083, -70.241306247999944 ], [ 161.019704623000052, -70.279473565999922 ], [ 161.090505405000044, -70.319024346999925 ], [ 161.107595248000052, -70.341403903999947 ], [ 161.089366082000083, -70.380303643999923 ], [ 161.18677819100003, -70.412041924999926 ], [ 161.249034050000091, -70.46217213299991 ], [ 161.258311394000089, -70.477634372999944 ], [ 161.248057488000086, -70.495700778999947 ], [ 161.185394727000016, -70.531996351999908 ], [ 161.179209832000083, -70.575290622999944 ], [ 161.193858269000089, -70.581475518999923 ], [ 161.263845248000052, -70.528252862999921 ], [ 161.29070071700005, -70.566664320999905 ], [ 161.273936394000089, -70.602227471999925 ], [ 161.281504754000025, -70.625664971999925 ], [ 161.314219597000033, -70.65007903399993 ], [ 161.451670769000089, -70.685967705999929 ], [ 161.380869988000086, -70.75164153399993 ], [ 161.30982506600003, -70.796075127999927 ], [ 161.33171634200005, -70.841973565999922 ], [ 161.328623894000089, -70.85670338299991 ], [ 161.306813998000052, -70.860446872999944 ], [ 161.361175977000016, -70.900974216999941 ], [ 161.594004754000025, -70.882012627999927 ], [ 161.646332227000016, -70.863457940999922 ], [ 161.682465040000011, -70.908949476999908 ], [ 161.727549675000091, -70.925551039999903 ], [ 161.932953321000014, -70.907321872999944 ], [ 161.990082227000016, -70.922539971999925 ], [ 162.094086134, -70.976820570999905 ], [ 162.056976759, -71.011488539999903 ], [ 162.09107506600003, -71.040785414999903 ], [ 162.202159050000091, -71.078301690999922 ], [ 162.296885613000086, -71.084567966999941 ], [ 162.340830925000091, -71.109470309999949 ], [ 162.416677280000044, -71.088067315999922 ], [ 162.432465040000011, -71.071058851999908 ], [ 162.402354363000086, -71.034356377999927 ], [ 162.428477410000028, -71.031670830999929 ], [ 162.316661004000025, -70.933689059999949 ], [ 162.244802280000044, -70.919528903999947 ], [ 162.218597852000016, -70.854668877999927 ], [ 162.145030144000089, -70.836114190999922 ], [ 162.060394727000016, -70.846612237999921 ], [ 162.038096550000091, -70.829522393999923 ], [ 162.022308790000011, -70.78834400799991 ], [ 162.039398634, -70.769707940999922 ], [ 162.042816602000016, -70.728936455999929 ], [ 162.08562259200005, -70.662286065999922 ], [ 162.035329623000052, -70.63836028399993 ], [ 162.03248131600003, -70.604668877999927 ], [ 162.012217644000089, -70.579196872999944 ], [ 162.030039910000028, -70.535251559999949 ], [ 161.996104363000086, -70.464288018999923 ], [ 161.997894727000016, -70.438409112999921 ], [ 162.020274285000028, -70.385186455999929 ], [ 162.07195071700005, -70.358330987999921 ], [ 162.094411655000044, -70.31414153399993 ], [ 162.204600457000083, -70.328057549999926 ], [ 162.318858269000089, -70.283949476999908 ], [ 162.595225457000083, -70.269138278999947 ], [ 162.685069207000083, -70.285251559999949 ], [ 162.821462436000047, -70.40398528399993 ], [ 162.895518425000091, -70.408868096999925 ], [ 162.915537957000083, -70.426527601999908 ], [ 162.85670006600003, -70.429945570999905 ], [ 162.87818444100003, -70.471856377999927 ], [ 162.920176629000025, -70.502536716999941 ], [ 163.017914259, -70.529961846999925 ], [ 163.100271030000044, -70.532972914999903 ], [ 163.170258009, -70.58757903399993 ], [ 163.361582879000025, -70.62428150799991 ], [ 163.450043165000011, -70.65748463299991 ], [ 163.527191602000016, -70.652601820999905 ], [ 163.633311394000089, -70.665134372999944 ], [ 163.731130405000044, -70.632419528999947 ], [ 163.866547071000014, -70.626560153999947 ], [ 163.865244988000086, -70.752699476999908 ], [ 163.870616082000083, -70.769463799999926 ], [ 163.895030144000089, -70.781996351999908 ], [ 164.012054884, -70.791110934999949 ], [ 164.058116082000083, -70.745700778999947 ], [ 164.069102410000028, -70.713067315999922 ], [ 164.126312696000014, -70.661553643999923 ], [ 164.199880405000044, -70.639336846999925 ], [ 164.043142123000052, -70.551853122999944 ], [ 164.027598504000025, -70.532321872999944 ], [ 164.095713738000086, -70.506768487999921 ], [ 164.240407748000052, -70.491143487999921 ], [ 164.493907097000033, -70.520440362999921 ], [ 164.596202019000089, -70.546075127999927 ], [ 164.757660352000016, -70.537855726999908 ], [ 164.876475457000083, -70.573825778999947 ], [ 165.111989780000044, -70.563571872999944 ], [ 165.141123894000089, -70.587009372999944 ], [ 165.312266472000033, -70.560316664999903 ], [ 165.385264519000089, -70.577080987999921 ], [ 165.42701256600003, -70.565036716999941 ], [ 165.468516472000033, -70.572686455999929 ], [ 165.435394727000016, -70.59303150799991 ], [ 165.459971550000091, -70.601739190999922 ], [ 165.556162957000083, -70.598728122999944 ], [ 165.540049675000091, -70.614841403999947 ], [ 165.925791863000086, -70.684258721999925 ], [ 165.937510613000086, -70.653090101999908 ], [ 166.019379102000016, -70.648858330999929 ], [ 166.09693444100003, -70.617282809999949 ], [ 166.369476759, -70.583916924999926 ], [ 166.40984134200005, -70.588962497999944 ], [ 166.441416863000086, -70.611260674999926 ], [ 166.724457227000016, -70.618259372999944 ], [ 166.809418165000011, -70.651055596999925 ], [ 166.837412957000083, -70.676690362999921 ], [ 166.801768425000091, -70.700941664999903 ], [ 166.75318444100003, -70.706231377999927 ], [ 166.663259311000047, -70.687595309999949 ], [ 166.457530144000089, -70.709161065999922 ], [ 166.426442905000044, -70.733086846999925 ], [ 166.470713738000086, -70.766289971999925 ], [ 166.558604363000086, -70.764825127999927 ], [ 166.627614780000044, -70.785332940999922 ], [ 166.774587436000047, -70.764825127999927 ], [ 166.857188347000033, -70.788832289999903 ], [ 166.927907748000052, -70.770440362999921 ], [ 167.416188998000052, -70.75904713299991 ], [ 167.55046634200005, -70.78443775799991 ], [ 167.70085696700005, -70.791273695999905 ], [ 167.738942905000044, -70.810316664999903 ], [ 167.746348504000025, -70.844414971999925 ], [ 167.793467644000089, -70.845310153999947 ], [ 167.833018425000091, -70.861423434999949 ], [ 167.870127800000091, -70.923923434999949 ], [ 167.828786655000044, -70.94264088299991 ], [ 167.477712436000047, -70.949395440999922 ], [ 167.139984571000014, -70.996351820999905 ], [ 167.18327884200005, -71.03093840899993 ], [ 167.25554446700005, -71.03834400799991 ], [ 167.513031446000014, -71.004164320999905 ], [ 167.877940300000091, -71.014336846999925 ], [ 167.976817254000025, -71.07740650799991 ], [ 168.101328972000033, -71.108493747999944 ], [ 168.044281446000014, -71.143731377999927 ], [ 167.974945509, -71.135511976999908 ], [ 167.927907748000052, -71.147556247999944 ], [ 167.868337436000047, -71.132256768999923 ], [ 167.836436394000089, -71.161716403999947 ], [ 167.743337436000047, -71.194512627999927 ], [ 167.741058790000011, -71.222832940999922 ], [ 167.759938998000052, -71.227959893999923 ], [ 168.112315300000091, -71.195489190999922 ], [ 168.189300977000016, -71.199802341999941 ], [ 168.262868686000047, -71.184340101999908 ], [ 168.358571811000047, -71.197198174999926 ], [ 168.500254754000025, -71.161065362999921 ], [ 168.595469597000033, -71.18523528399993 ], [ 168.669769727000016, -71.182793877999927 ], [ 168.776215040000011, -71.23992278399993 ], [ 168.761485222000033, -71.275567315999922 ], [ 169.016612175000091, -71.324883721999925 ], [ 169.084320509, -71.354668877999927 ], [ 169.134532097000033, -71.335381768999923 ], [ 169.164805535000028, -71.364678643999923 ], [ 169.26921634200005, -71.379978122999944 ], [ 169.345062696000014, -71.433526299999926 ], [ 169.495290561000047, -71.463474216999941 ], [ 169.464610222000033, -71.491143487999921 ], [ 169.515961134, -71.515069268999923 ], [ 169.760264519000089, -71.507907809999949 ], [ 169.889496290000011, -71.575127862999921 ], [ 169.977386915000011, -71.562920830999929 ], [ 169.986175977000016, -71.595310153999947 ], [ 170.07585696700005, -71.656019789999903 ], [ 170.182790561000047, -71.674411716999941 ], [ 170.271739129000025, -71.650811455999929 ], [ 170.249034050000091, -71.626560153999947 ], [ 170.276540561000047, -71.608982028999947 ], [ 170.263194207000083, -71.593357028999947 ], [ 170.361827019000089, -71.544040622999944 ], [ 170.313812696000014, -71.441664320999905 ], [ 170.230642123000052, -71.367364190999922 ], [ 170.20866946700005, -71.314222914999903 ], [ 170.238617384, -71.29461028399993 ], [ 170.282399936000047, -71.298760674999926 ], [ 170.321787957000083, -71.347426039999903 ], [ 170.360118035000028, -71.359633070999905 ], [ 170.491709832000083, -71.481622002999927 ], [ 170.53638756600003, -71.538506768999923 ], [ 170.691172722000033, -71.656996351999908 ], [ 170.664235873000052, -71.680596612999921 ], [ 170.81373131600003, -71.699802341999941 ], [ 170.789235873000052, -71.712090752999927 ], [ 170.830902540000011, -71.746840101999908 ], [ 170.884776238000086, -71.758965752999927 ], [ 170.865407748000052, -71.768243096999925 ], [ 170.86451256600003, -71.78248463299991 ], [ 170.887543165000011, -71.810316664999903 ], [ 170.96607506600003, -71.834649346999925 ], [ 170.917002800000091, -71.878350518999923 ], [ 170.773610873000052, -71.95086028399993 ], [ 170.638926629000025, -71.968194268999923 ], [ 170.613780144000089, -71.997979424999926 ], [ 170.585297071000014, -72.007419528999947 ], [ 170.557383660000028, -71.998304945999905 ], [ 170.537608269000089, -71.954196872999944 ], [ 170.579112175000091, -71.938083591999941 ], [ 170.444834832000083, -71.88250090899993 ], [ 170.430511915000011, -71.857842705999929 ], [ 170.333994988000086, -71.800876559999949 ], [ 170.255707227000016, -71.872165622999944 ], [ 170.138438347000033, -71.931898695999905 ], [ 170.256358269000089, -71.950778903999947 ], [ 170.195811394000089, -72.020196221999925 ], [ 170.138438347000033, -72.043715101999908 ], [ 170.045746290000011, -72.019952080999929 ], [ 170.053233269000089, -72.043064059999949 ], [ 170.040049675000091, -72.062269789999903 ], [ 170.089203321000014, -72.084405205999929 ], [ 170.070974155000044, -72.09498463299991 ], [ 170.06763756600003, -72.123630466999941 ], [ 170.029307488000086, -72.14381275799991 ], [ 170.016368035000028, -72.170830987999921 ], [ 169.772634311000047, -72.220147393999923 ], [ 169.765391472000033, -72.244805596999925 ], [ 170.009938998000052, -72.287774346999925 ], [ 169.866709832000083, -72.397067966999941 ], [ 169.857676629000025, -72.413262627999927 ], [ 169.885264519000089, -72.429945570999905 ], [ 170.046397332000083, -72.401950778999947 ], [ 170.118174675000091, -72.353285414999903 ], [ 170.244476759, -72.320489190999922 ], [ 170.282399936000047, -72.326348565999922 ], [ 170.292165561000047, -72.365004164999903 ], [ 170.312998894000089, -72.369398695999905 ], [ 170.340505405000044, -72.431247653999947 ], [ 170.302256707000083, -72.473565362999921 ], [ 170.281993035000028, -72.563897393999923 ], [ 170.255381707000083, -72.602959893999923 ], [ 170.203949415000011, -72.615411065999922 ], [ 170.099619988000086, -72.611993096999925 ], [ 169.879649285000028, -72.554294528999947 ], [ 169.700205925000091, -72.548272393999923 ], [ 169.61451256600003, -72.50359465899993 ], [ 169.548594597000033, -72.515069268999923 ], [ 169.392100457000083, -72.466892184999949 ], [ 169.310557488000086, -72.489027601999908 ], [ 169.126475457000083, -72.485039971999925 ], [ 168.70671634200005, -72.35906340899993 ], [ 168.594248894000089, -72.386814059999949 ], [ 168.40788821700005, -72.36882903399993 ], [ 168.316172722000033, -72.373630466999941 ], [ 168.867360873000052, -72.575941664999903 ], [ 169.301768425000091, -72.577325127999927 ], [ 169.38640384200005, -72.617852471999925 ], [ 169.402110222000033, -72.654880466999941 ], [ 169.470225457000083, -72.682305596999925 ], [ 169.678884311000047, -72.665622653999947 ], [ 169.88404381600003, -72.711683851999908 ], [ 169.932465040000011, -72.735935153999947 ], [ 169.848806186000047, -72.800225518999923 ], [ 169.720876498000052, -72.867445570999905 ], [ 169.682302280000044, -72.92115650799991 ], [ 169.584483269000089, -72.96217213299991 ], [ 169.608164910000028, -72.993340752999927 ], [ 169.577321811000047, -73.011163018999923 ], [ 169.631195509, -73.043715101999908 ], [ 169.582286004000025, -73.080498955999929 ], [ 169.401215040000011, -73.110284112999921 ], [ 169.333750847000033, -73.076429945999905 ], [ 169.266449415000011, -73.079196872999944 ], [ 169.172211134, -73.103122653999947 ], [ 169.219899936000047, -73.13250090899993 ], [ 169.249522332000083, -73.19068775799991 ], [ 169.251149936000047, -73.248467705999929 ], [ 169.214610222000033, -73.276462497999944 ], [ 169.007823113000086, -73.271091403999947 ], [ 168.97974694100003, -73.263929945999905 ], [ 168.982758009, -73.238864841999941 ], [ 168.934580925000091, -73.240980726999908 ], [ 168.893890821000014, -73.223402601999908 ], [ 168.911306186000047, -73.209405205999929 ], [ 168.879079623000052, -73.178399346999925 ], [ 168.886892123000052, -73.163181247999944 ], [ 168.945078972000033, -73.135511976999908 ], [ 168.954844597000033, -73.115411065999922 ], [ 169.005707227000016, -73.110446872999944 ], [ 168.975108269000089, -73.09148528399993 ], [ 168.851084832000083, -73.102715752999927 ], [ 168.79460696700005, -73.123304945999905 ], [ 168.71452884200005, -73.120049737999921 ], [ 168.761729363000086, -73.097426039999903 ], [ 168.752614780000044, -73.076918226999908 ], [ 168.638926629000025, -73.067803643999923 ], [ 168.540537957000083, -73.008558851999908 ], [ 168.394053582000083, -72.97193775799991 ], [ 168.334971550000091, -72.970310153999947 ], [ 168.297618035000028, -72.990329684999949 ], [ 168.402517123000052, -73.102959893999923 ], [ 168.381114129000025, -73.147881768999923 ], [ 168.334157748000052, -73.165459893999923 ], [ 168.226898634, -73.137790622999944 ], [ 168.162933790000011, -73.153008721999925 ], [ 168.041514519000089, -73.117445570999905 ], [ 167.955332879000025, -73.135511976999908 ], [ 167.865896030000044, -73.129327080999929 ], [ 167.780772332000083, -73.152927341999941 ], [ 167.693695509, -73.144789320999905 ], [ 167.644786004000025, -73.114678643999923 ], [ 167.504079623000052, -73.148614190999922 ], [ 167.171397332000083, -73.153008721999925 ], [ 167.058441602000016, -73.129082940999922 ], [ 166.991221550000091, -73.052504164999903 ], [ 166.946299675000091, -73.023858330999929 ], [ 166.835459832000083, -72.99732838299991 ], [ 166.61646569100003, -72.972914320999905 ], [ 166.520518425000091, -72.929782809999949 ], [ 166.582855665000011, -72.882012627999927 ], [ 166.340830925000091, -72.903903903999947 ], [ 166.330821160000028, -72.913669528999947 ], [ 166.338877800000091, -72.929620049999926 ], [ 166.414073113000086, -72.986748955999929 ], [ 166.549164259, -73.028497002999927 ], [ 166.766774936000047, -73.064873955999929 ], [ 166.746348504000025, -73.105401299999926 ], [ 166.705577019000089, -73.120863539999903 ], [ 166.776377800000091, -73.18914153399993 ], [ 166.872080925000091, -73.221368096999925 ], [ 166.73951256600003, -73.329196872999944 ], [ 166.777598504000025, -73.365329684999949 ], [ 166.822520379000025, -73.354261976999908 ], [ 166.975108269000089, -73.274997653999947 ], [ 167.095225457000083, -73.252129815999922 ], [ 167.311534050000091, -73.273614190999922 ], [ 167.295909050000091, -73.303643487999921 ], [ 167.331390821000014, -73.313653252999927 ], [ 167.445974155000044, -73.303887627999927 ], [ 167.92937259200005, -73.35865650799991 ], [ 167.756846550000091, -73.36842213299991 ], [ 167.622894727000016, -73.359144789999903 ], [ 167.641123894000089, -73.38209400799991 ], [ 167.75318444100003, -73.432061455999929 ], [ 167.71648196700005, -73.446872653999947 ], [ 167.520030144000089, -73.419691664999903 ], [ 167.464691602000016, -73.398044528999947 ], [ 167.24968509200005, -73.405450127999927 ], [ 167.22193444100003, -73.418145440999922 ], [ 167.22584069100003, -73.434340101999908 ], [ 167.275401238000086, -73.452732028999947 ], [ 167.223643425000091, -73.476983330999929 ], [ 167.305349155000044, -73.476820570999905 ], [ 167.434743686000047, -73.50318775799991 ], [ 167.326996290000011, -73.53248463299991 ], [ 167.272797071000014, -73.528008721999925 ], [ 167.19459069100003, -73.491957289999903 ], [ 166.989268425000091, -73.465101820999905 ], [ 167.076914910000028, -73.512627862999921 ], [ 167.032969597000033, -73.56609465899993 ], [ 166.885427280000044, -73.561293226999908 ], [ 166.849131707000083, -73.590508721999925 ], [ 166.815440300000091, -73.577732028999947 ], [ 166.839610222000033, -73.558363539999903 ], [ 166.827321811000047, -73.548272393999923 ], [ 166.781748894000089, -73.539483330999929 ], [ 166.832774285000028, -73.522067966999941 ], [ 166.74732506600003, -73.486423434999949 ], [ 166.701914910000028, -73.492364190999922 ], [ 166.660166863000086, -73.518649997999944 ], [ 166.614268425000091, -73.580824476999908 ], [ 166.590342644000089, -73.590427341999941 ], [ 166.472178582000083, -73.581231377999927 ], [ 166.451426629000025, -73.592705987999921 ], [ 166.194834832000083, -73.489841403999947 ], [ 166.139821811000047, -73.482028903999947 ], [ 166.09343509200005, -73.49342213299991 ], [ 166.218516472000033, -73.566176039999903 ], [ 165.873708530000044, -73.565850518999923 ], [ 165.817067905000044, -73.578220309999949 ], [ 165.844737175000091, -73.607191664999903 ], [ 165.996348504000025, -73.62273528399993 ], [ 166.20085696700005, -73.671807549999926 ], [ 166.150645379000025, -73.70086028399993 ], [ 166.266449415000011, -73.708916924999926 ], [ 166.29420006600003, -73.725762627999927 ], [ 166.235362175000091, -73.759209893999923 ], [ 166.170176629000025, -73.762139580999929 ], [ 166.144379102000016, -73.813409112999921 ], [ 166.029958530000044, -73.809177341999941 ], [ 165.937754754000025, -73.833428643999923 ], [ 165.670258009, -73.796970309999949 ], [ 165.583018425000091, -73.805108330999929 ], [ 165.683116082000083, -73.853448174999926 ], [ 165.793142123000052, -73.872491143999923 ], [ 165.651866082000083, -73.913669528999947 ], [ 165.260590040000011, -73.893324476999908 ], [ 165.198985222000033, -73.85906340899993 ], [ 165.192149285000028, -73.830173434999949 ], [ 165.24537194100003, -73.777927341999941 ], [ 165.256032748000052, -73.744073174999926 ], [ 165.230642123000052, -73.722263278999947 ], [ 165.244965040000011, -73.697442315999922 ], [ 165.215993686000047, -73.661065362999921 ], [ 165.236664259, -73.606622002999927 ], [ 165.167491082000083, -73.549248955999929 ], [ 165.125010613000086, -73.46217213299991 ], [ 165.031993035000028, -73.410902601999908 ], [ 165.177500847000033, -73.351006768999923 ], [ 165.358164910000028, -73.340020440999922 ], [ 165.195160352000016, -73.322198174999926 ], [ 165.033050977000016, -73.373793226999908 ], [ 164.913910352000016, -73.387872002999927 ], [ 164.558848504000025, -73.324395440999922 ], [ 164.526133660000028, -73.330173434999949 ], [ 164.443207227000016, -73.368747653999947 ], [ 164.53874759200005, -73.417168877999927 ], [ 164.70240319100003, -73.419040622999944 ], [ 164.829112175000091, -73.437758070999905 ], [ 164.88013756600003, -73.461602471999925 ], [ 164.89380944100003, -73.483493747999944 ], [ 164.878103061000047, -73.526950778999947 ], [ 164.911957227000016, -73.57195403399993 ], [ 164.90593509200005, -73.657159112999921 ], [ 164.861989780000044, -73.697686455999929 ], [ 164.775563998000052, -73.714613539999903 ], [ 164.714610222000033, -73.781670830999929 ], [ 164.790782097000033, -73.814060153999947 ], [ 164.824880405000044, -73.816013278999947 ], [ 164.862803582000083, -73.864027601999908 ], [ 164.952484571000014, -73.890883070999905 ], [ 164.870860222000033, -73.931573174999926 ], [ 164.91138756600003, -73.954196872999944 ], [ 165.000010613000086, -73.974867445999905 ], [ 165.046641472000033, -73.972588799999926 ], [ 165.019379102000016, -73.943780205999929 ], [ 165.260264519000089, -74.001153252999927 ], [ 165.239105665000011, -74.010023695999905 ], [ 165.308848504000025, -74.030368747999944 ], [ 165.255218946000014, -74.046075127999927 ], [ 165.075531446000014, -74.054782809999949 ], [ 165.056813998000052, -74.017998955999929 ], [ 164.896006707000083, -73.999607028999947 ], [ 164.823741082000083, -73.964776299999926 ], [ 164.59148196700005, -73.926690362999921 ], [ 164.468272332000083, -73.929131768999923 ], [ 164.410817905000044, -73.943291924999926 ], [ 164.587738477000016, -73.979668877999927 ], [ 164.593272332000083, -74.019463799999926 ], [ 164.672536655000044, -73.999607028999947 ], [ 164.679047071000014, -74.044366143999923 ], [ 164.715830925000091, -74.041192315999922 ], [ 164.756521030000044, -74.016534112999921 ], [ 164.818207227000016, -74.040215752999927 ], [ 164.864431186000047, -74.088636976999908 ], [ 164.818125847000033, -74.101983330999929 ], [ 164.89380944100003, -74.12037525799991 ], [ 164.812754754000025, -74.145928643999923 ], [ 164.882334832000083, -74.170830987999921 ], [ 164.859873894000089, -74.209161065999922 ], [ 164.898936394000089, -74.227471612999921 ], [ 165.062754754000025, -74.256605726999908 ], [ 165.088633660000028, -74.313164971999925 ], [ 165.113942905000044, -74.320082289999903 ], [ 165.12818444100003, -74.340915622999944 ], [ 165.100596550000091, -74.342461846999925 ], [ 165.153819207000083, -74.389825127999927 ], [ 165.223643425000091, -74.415785414999903 ], [ 165.271657748000052, -74.458754164999903 ], [ 165.457774285000028, -74.494398695999905 ], [ 165.463552280000044, -74.529961846999925 ], [ 165.434743686000047, -74.629001559999949 ], [ 165.410980665000011, -74.64031340899993 ], [ 165.387217644000089, -74.633965752999927 ], [ 165.238536004000025, -74.546644789999903 ], [ 165.176931186000047, -74.526299737999921 ], [ 165.130869988000086, -74.530043226999908 ], [ 165.082692905000044, -74.554294528999947 ], [ 164.897471550000091, -74.566827080999929 ], [ 164.848399285000028, -74.58521900799991 ], [ 164.76490319100003, -74.56959400799991 ], [ 164.488536004000025, -74.567315362999921 ], [ 164.340830925000091, -74.502129815999922 ], [ 164.11296634200005, -74.54851653399993 ], [ 163.92505944100003, -74.557712497999944 ], [ 163.961680535000028, -74.585137627999927 ], [ 163.84734134200005, -74.617608330999929 ], [ 163.684743686000047, -74.615655205999929 ], [ 163.662852410000028, -74.596612237999921 ], [ 163.642832879000025, -74.515801690999922 ], [ 163.647146030000044, -74.490329684999949 ], [ 163.671885613000086, -74.474379164999903 ], [ 163.570648634, -74.448174737999921 ], [ 163.533376498000052, -74.456475518999923 ], [ 163.555511915000011, -74.360446872999944 ], [ 163.535411004000025, -74.340752862999921 ], [ 163.469899936000047, -74.341973565999922 ], [ 163.256602410000028, -74.413018487999921 ], [ 163.121348504000025, -74.409356377999927 ], [ 163.098643425000091, -74.418877862999921 ], [ 163.08757571700005, -74.438083591999941 ], [ 163.097504102000016, -74.445082289999903 ], [ 163.196787957000083, -74.455743096999925 ], [ 163.27076256600003, -74.541761976999908 ], [ 163.08912194100003, -74.658298434999949 ], [ 163.045258009, -74.707777601999908 ], [ 163.011892123000052, -74.701429945999905 ], [ 162.937754754000025, -74.60475025799991 ], [ 162.812998894000089, -74.603773695999905 ], [ 162.838715040000011, -74.651055596999925 ], [ 162.770518425000091, -74.712823174999926 ], [ 162.730804884, -74.731377862999921 ], [ 162.59148196700005, -74.750176690999922 ], [ 162.601328972000033, -74.77898528399993 ], [ 162.62818444100003, -74.791110934999949 ], [ 162.583343946000014, -74.850192966999941 ], [ 162.511485222000033, -74.87078215899993 ], [ 162.404551629000025, -74.837823174999926 ], [ 162.363780144000089, -74.841566664999903 ], [ 162.455088738000086, -74.882419528999947 ], [ 162.451996290000011, -74.92115650799991 ], [ 162.489593946000014, -74.943617445999905 ], [ 162.689463738000086, -74.959405205999929 ], [ 162.786143425000091, -74.990004164999903 ], [ 162.75749759200005, -75.016289971999925 ], [ 162.710459832000083, -75.028252862999921 ], [ 162.617849155000044, -75.03093840899993 ], [ 162.685720248000052, -75.050713799999926 ], [ 162.658050977000016, -75.080987237999921 ], [ 162.546234571000014, -75.101169528999947 ], [ 162.579112175000091, -75.137465101999908 ], [ 162.655609571000014, -75.167413018999923 ], [ 162.646006707000083, -75.188897393999923 ], [ 162.595225457000083, -75.223728122999944 ], [ 162.543467644000089, -75.240166924999926 ], [ 162.262543165000011, -75.27117278399993 ], [ 162.029551629000025, -75.259860934999949 ], [ 161.920258009, -75.236260674999926 ], [ 161.831390821000014, -75.194431247999944 ], [ 161.776377800000091, -75.188897393999923 ], [ 161.614268425000091, -75.214288018999923 ], [ 161.554698113000086, -75.263929945999905 ], [ 161.474864129000025, -75.285577080999929 ], [ 160.975922071000014, -75.287204684999949 ], [ 160.848480665000011, -75.31023528399993 ], [ 160.799571160000028, -75.340427341999941 ], [ 160.707774285000028, -75.365492445999905 ], [ 160.582367384, -75.378350518999923 ], [ 160.638682488000086, -75.397637627999927 ], [ 160.925303582000083, -75.427992445999905 ], [ 161.087087436000047, -75.384372653999947 ], [ 162.19109134200005, -75.387790622999944 ], [ 162.262217644000089, -75.441664320999905 ], [ 162.306651238000086, -75.529392184999949 ], [ 162.280772332000083, -75.54265715899993 ], [ 162.073578321000014, -75.542738539999903 ], [ 162.029551629000025, -75.574151299999926 ], [ 162.111827019000089, -75.59498463299991 ], [ 162.21648196700005, -75.591973565999922 ], [ 162.223155144000089, -75.613051039999903 ], [ 162.200531446000014, -75.637872002999927 ], [ 162.225352410000028, -75.642673434999949 ], [ 162.250336134, -75.666924737999921 ], [ 162.297699415000011, -75.672539971999925 ], [ 162.314952019000089, -75.694431247999944 ], [ 162.487803582000083, -75.710870049999926 ], [ 162.513194207000083, -75.748793226999908 ], [ 162.595225457000083, -75.747653903999947 ], [ 162.62427819100003, -75.76140715899993 ], [ 162.843109571000014, -75.793064059999949 ], [ 162.90007571700005, -75.822930596999925 ], [ 162.805023634, -75.873630466999941 ], [ 162.809418165000011, -75.897149346999925 ], [ 162.792735222000033, -75.907159112999921 ], [ 162.577321811000047, -75.909274997999944 ], [ 162.540537957000083, -75.921807549999926 ], [ 162.559906446000014, -75.940036716999941 ], [ 162.626800977000016, -75.945489190999922 ], [ 162.706879102000016, -75.981052341999941 ], [ 162.696055535000028, -76.019789320999905 ], [ 162.722992384, -76.040459893999923 ], [ 162.736094597000033, -76.07390715899993 ], [ 162.65007571700005, -76.09107838299991 ], [ 162.39421634200005, -76.05982838299991 ], [ 162.521820509, -76.098239841999941 ], [ 162.44109134200005, -76.105726820999905 ], [ 162.361827019000089, -76.078057549999926 ], [ 162.301117384, -76.100518487999921 ], [ 162.447601759, -76.12818775799991 ], [ 162.414073113000086, -76.14812590899993 ], [ 162.165782097000033, -76.154961846999925 ], [ 162.115570509, -76.170179945999905 ], [ 162.092295769000089, -76.202243747999944 ], [ 162.148610873000052, -76.205010674999926 ], [ 162.166270379000025, -76.250258070999905 ], [ 162.262543165000011, -76.256442966999941 ], [ 162.329437696000014, -76.276299737999921 ], [ 162.482269727000016, -76.220635674999926 ], [ 162.57154381600003, -76.214776299999926 ], [ 162.622813347000033, -76.234307549999926 ], [ 162.751475457000083, -76.235121351999908 ], [ 162.787282748000052, -76.25945403399993 ], [ 162.787282748000052, -76.28484465899993 ], [ 162.748057488000086, -76.308526299999926 ], [ 162.70045006600003, -76.307712497999944 ], [ 162.72234134200005, -76.317559502999927 ], [ 162.738780144000089, -76.358575127999927 ], [ 162.884287957000083, -76.439060153999947 ], [ 162.834483269000089, -76.493340752999927 ], [ 162.72388756600003, -76.54265715899993 ], [ 162.686208530000044, -76.55006275799991 ], [ 162.564300977000016, -76.534600518999923 ], [ 162.53443444100003, -76.546970309999949 ], [ 162.558767123000052, -76.560316664999903 ], [ 162.484548373000052, -76.572442315999922 ], [ 162.473317905000044, -76.597914320999905 ], [ 162.455088738000086, -76.602471612999921 ], [ 162.423187696000014, -76.639255466999941 ], [ 162.491953972000033, -76.656833591999941 ], [ 162.756195509, -76.649346612999921 ], [ 162.843109571000014, -76.664727471999925 ], [ 162.931407097000033, -76.707452080999929 ], [ 162.974619988000086, -76.789727471999925 ], [ 162.938487175000091, -76.798923434999949 ], [ 162.899587436000047, -76.84107838299991 ], [ 162.865977410000028, -76.850030205999929 ], [ 162.78288821700005, -76.832452080999929 ], [ 162.626149936000047, -76.824883721999925 ], [ 162.422536655000044, -76.899183851999908 ], [ 162.545420769000089, -76.904392184999949 ], [ 162.58562259200005, -76.918064059999949 ], [ 162.520192905000044, -76.936944268999923 ], [ 162.301768425000091, -76.951348565999922 ], [ 162.526703321000014, -76.96021900799991 ], [ 162.461680535000028, -76.985121351999908 ], [ 162.386973504000025, -76.988457940999922 ], [ 162.42937259200005, -77.011651299999926 ], [ 162.617442254000025, -77.001397393999923 ], [ 162.716156446000014, -77.027601820999905 ], [ 163.02076256600003, -77.014092705999929 ], [ 163.162852410000028, -77.043633721999925 ], [ 163.124359571000014, -77.083916924999926 ], [ 163.267100457000083, -77.159112237999921 ], [ 163.377289259, -77.176690362999921 ], [ 163.418142123000052, -77.225681247999944 ], [ 163.466156446000014, -77.239434502999927 ], [ 163.542979363000086, -77.313164971999925 ], [ 163.535655144000089, -77.36256275799991 ], [ 163.603526238000086, -77.38795338299991 ], [ 163.715830925000091, -77.396579684999949 ], [ 163.759776238000086, -77.428643487999921 ], [ 163.824066602000016, -77.430840752999927 ], [ 163.774261915000011, -77.447849216999941 ], [ 163.83130944100003, -77.49578215899993 ], [ 163.821787957000083, -77.518324476999908 ], [ 163.800547722000033, -77.528008721999925 ], [ 163.548187696000014, -77.549004815999922 ], [ 163.50513756600003, -77.569431247999944 ], [ 163.667491082000083, -77.595147393999923 ], [ 163.718760613000086, -77.61492278399993 ], [ 163.655772332000083, -77.646661065999922 ], [ 163.585703972000033, -77.661309502999927 ], [ 163.440114780000044, -77.668552341999941 ], [ 163.557139519000089, -77.71998463299991 ], [ 163.906504754000025, -77.696384372999944 ], [ 163.935313347000033, -77.713311455999929 ], [ 164.243337436000047, -77.781914971999925 ], [ 164.198985222000033, -77.808038018999923 ], [ 163.975352410000028, -77.802504164999903 ], [ 163.83757571700005, -77.815850518999923 ], [ 163.702647332000083, -77.849786065999922 ], [ 163.728526238000086, -77.879164320999905 ], [ 163.879079623000052, -77.859470309999949 ], [ 164.500743035000028, -77.853936455999929 ], [ 164.556651238000086, -77.889580987999921 ], [ 164.567393425000091, -77.914320570999905 ], [ 164.527110222000033, -77.919122002999927 ], [ 164.533702019000089, -77.987074476999908 ], [ 164.483571811000047, -78.018975518999923 ], [ 164.33952884200005, -78.029961846999925 ], [ 164.420258009, -78.063083591999941 ], [ 164.401133660000028, -78.086032809999949 ], [ 164.030772332000083, -78.170830987999921 ], [ 163.842051629000025, -78.226983330999929 ], [ 163.934336785000028, -78.230889580999929 ], [ 164.116547071000014, -78.214288018999923 ], [ 164.207855665000011, -78.225762627999927 ], [ 164.374034050000091, -78.279066664999903 ], [ 164.467458530000044, -78.288506768999923 ], [ 164.531748894000089, -78.317152601999908 ], [ 164.639659050000091, -78.325616143999923 ], [ 164.758555535000028, -78.291436455999929 ], [ 165.097178582000083, -78.254001559999949 ], [ 165.16334069100003, -78.20826588299991 ], [ 165.234548373000052, -78.193454684999949 ], [ 165.155609571000014, -78.165622653999947 ], [ 165.226817254000025, -78.117608330999929 ], [ 165.416188998000052, -78.025323174999926 ], [ 165.494395379000025, -78.018649997999944 ], [ 165.561859571000014, -78.033379815999922 ], [ 165.606130405000044, -78.059340101999908 ], [ 165.619639519000089, -78.102227471999925 ], [ 165.604340040000011, -78.122491143999923 ], [ 165.337087436000047, -78.19890715899993 ], [ 165.50749759200005, -78.244561455999929 ], [ 165.656097852000016, -78.255466403999947 ], [ 165.708506707000083, -78.27117278399993 ], [ 165.751719597000033, -78.309747002999927 ], [ 165.732758009, -78.324476820999905 ], [ 165.761241082000083, -78.334079684999949 ], [ 165.688243035000028, -78.364434502999927 ], [ 165.730235222000033, -78.399590752999927 ], [ 165.786875847000033, -78.420668226999908 ], [ 166.129079623000052, -78.46998463299991 ], [ 166.345876498000052, -78.472588799999926 ], [ 166.565196160000028, -78.50709400799991 ], [ 167.058116082000083, -78.50904713299991 ], [ 167.106293165000011, -78.527520440999922 ], [ 167.215668165000011, -78.600681247999944 ], [ 167.243011915000011, -78.648044528999947 ], [ 167.22779381600003, -78.66920338299991 ], [ 167.068207227000016, -78.70671965899993 ], [ 166.546722852000016, -78.712009372999944 ], [ 166.418630405000044, -78.685479424999926 ], [ 166.198252800000091, -78.587823174999926 ], [ 166.089610222000033, -78.566827080999929 ], [ 165.443614129000025, -78.563653252999927 ], [ 165.485850457000083, -78.585707289999903 ], [ 165.309743686000047, -78.605238539999903 ], [ 164.409678582000083, -78.603936455999929 ], [ 164.071787957000083, -78.687107028999947 ], [ 163.986582879000025, -78.685804945999905 ], [ 164.072032097000033, -78.706149997999944 ], [ 163.96021569100003, -78.708103122999944 ], [ 163.899750196000014, -78.736748955999929 ], [ 163.577484571000014, -78.720798434999949 ], [ 163.59693444100003, -78.736097914999903 ], [ 163.542979363000086, -78.743747653999947 ], [ 163.558604363000086, -78.769626559999949 ], [ 163.484711134, -78.781914971999925 ], [ 163.470876498000052, -78.779880466999941 ], [ 163.434743686000047, -78.733819268999923 ], [ 163.355479363000086, -78.744805596999925 ], [ 163.258555535000028, -78.733005466999941 ], [ 163.138519727000016, -78.745863539999903 ], [ 163.064952019000089, -78.736911716999941 ], [ 162.96998131600003, -78.801446221999925 ], [ 162.901377800000091, -78.814385674999926 ], [ 162.88209069100003, -78.857354424999926 ], [ 162.911306186000047, -78.881768487999921 ], [ 162.74927819100003, -78.940606377999927 ], [ 162.621592644000089, -78.945245049999926 ], [ 162.543467644000089, -78.895114841999941 ], [ 162.47974694100003, -78.892510674999926 ], [ 162.45281009200005, -78.878024997999944 ], [ 162.464610222000033, -78.865492445999905 ], [ 162.458506707000083, -78.829847914999903 ], [ 162.524424675000091, -78.796319268999923 ], [ 162.481944207000083, -78.77898528399993 ], [ 162.336924675000091, -78.795342705999929 ], [ 162.125743035000028, -78.759860934999949 ], [ 161.971853061000047, -78.67701588299991 ], [ 161.85279381600003, -78.655368747999944 ], [ 161.760508660000028, -78.610446872999944 ], [ 161.875010613000086, -78.522881768999923 ], [ 161.863942905000044, -78.500746351999908 ], [ 161.823985222000033, -78.481215101999908 ], [ 161.698252800000091, -78.521091403999947 ], [ 161.552907748000052, -78.50554778399993 ], [ 161.507334832000083, -78.515720309999949 ], [ 161.474457227000016, -78.545993747999944 ], [ 161.335948113000086, -78.581231377999927 ], [ 161.372243686000047, -78.590752862999921 ], [ 161.40552819100003, -78.641696872999944 ], [ 161.502452019000089, -78.734307549999926 ], [ 161.556000196000014, -78.749607028999947 ], [ 161.52076256600003, -78.795342705999929 ], [ 161.546397332000083, -78.805840752999927 ], [ 161.668142123000052, -78.807793877999927 ], [ 161.755381707000083, -78.839450778999947 ], [ 161.729991082000083, -78.859470309999949 ], [ 161.632578972000033, -78.871026299999926 ], [ 161.791758660000028, -78.909926039999903 ], [ 161.916514519000089, -78.997653903999947 ], [ 162.065440300000091, -79.068617445999905 ], [ 161.777598504000025, -79.069512627999927 ], [ 161.49341881600003, -79.019626559999949 ], [ 161.49537194100003, -78.990899346999925 ], [ 161.38404381600003, -78.921807549999926 ], [ 161.34888756600003, -78.914971612999921 ], [ 161.263438347000033, -78.918389580999929 ], [ 161.206797722000033, -78.942966403999947 ], [ 161.003672722000033, -78.933689059999949 ], [ 161.198090040000011, -78.96217213299991 ], [ 161.15552819100003, -78.989434502999927 ], [ 161.130381707000083, -79.049411716999941 ], [ 161.098480665000011, -79.059991143999923 ], [ 160.695078972000033, -79.037530205999929 ], [ 160.747243686000047, -79.074883721999925 ], [ 160.710134311000047, -79.097263278999947 ], [ 160.386973504000025, -79.168145440999922 ], [ 160.495127800000091, -79.199476820999905 ], [ 160.484873894000089, -79.225355726999908 ], [ 160.519786004000025, -79.240492445999905 ], [ 160.510508660000028, -79.25750090899993 ], [ 160.438975457000083, -79.276950778999947 ], [ 160.460134311000047, -79.302992445999905 ], [ 160.654063347000033, -79.32000090899993 ], [ 160.728770379000025, -79.340590101999908 ], [ 160.680023634, -79.367445570999905 ], [ 160.624034050000091, -79.37859465899993 ], [ 160.661957227000016, -79.405368747999944 ], [ 160.710703972000033, -79.41920338299991 ], [ 160.962657097000033, -79.427666924999926 ], [ 161.027598504000025, -79.442152601999908 ], [ 161.034190300000091, -79.474786065999922 ], [ 161.012461785000028, -79.483168226999908 ], [ 160.755869988000086, -79.467705987999921 ], [ 160.687510613000086, -79.450127862999921 ], [ 160.623545769000089, -79.449965101999908 ], [ 160.505869988000086, -79.465264580999929 ], [ 160.41724694100003, -79.523207289999903 ], [ 160.245616082000083, -79.539808851999908 ], [ 160.140798373000052, -79.578545830999929 ], [ 159.635020379000025, -79.525648695999905 ], [ 159.718272332000083, -79.56178150799991 ], [ 159.719737175000091, -79.602634372999944 ], [ 159.737071160000028, -79.617282809999949 ], [ 159.875498894000089, -79.662041924999926 ], [ 160.840505405000044, -79.61842213299991 ], [ 160.761485222000033, -79.650811455999929 ], [ 160.086192254000025, -79.772067966999941 ], [ 159.788584832000083, -79.779880466999941 ], [ 159.668142123000052, -79.806410414999903 ], [ 159.496104363000086, -79.819512627999927 ], [ 159.664886915000011, -79.834405205999929 ], [ 159.63599694100003, -79.85320403399993 ], [ 159.523692254000025, -79.874932549999926 ], [ 159.670258009, -79.90943775799991 ], [ 159.82195071700005, -79.925713799999926 ], [ 159.97429446700005, -79.922133070999905 ], [ 160.328868035000028, -79.861260674999926 ], [ 160.370127800000091, -79.861586195999905 ], [ 160.457530144000089, -79.896579684999949 ], [ 160.627207879000025, -79.912774346999925 ], [ 160.793467644000089, -79.955010674999926 ], [ 160.850922071000014, -79.957452080999929 ], [ 161.320160352000016, -79.877536716999941 ], [ 161.470550977000016, -79.90162525799991 ], [ 161.383311394000089, -79.947035414999903 ], [ 158.782399936000047, -80.258965752999927 ], [ 158.786957227000016, -80.299493096999925 ], [ 158.733083530000044, -80.324639580999929 ], [ 158.173024936000047, -80.419528903999947 ], [ 158.191254102000016, -80.444431247999944 ], [ 158.531586134, -80.457614841999941 ], [ 158.587901238000086, -80.476983330999929 ], [ 160.774912957000083, -80.383233330999929 ], [ 160.840586785000028, -80.409356377999927 ], [ 160.87427819100003, -80.443536065999922 ], [ 160.952647332000083, -80.448011976999908 ], [ 161.040049675000091, -80.497979424999926 ], [ 160.98991946700005, -80.522637627999927 ], [ 160.932383660000028, -80.523207289999903 ], [ 160.624034050000091, -80.470472914999903 ], [ 160.556651238000086, -80.473809502999927 ], [ 160.664886915000011, -80.529717705999929 ], [ 160.612071160000028, -80.546807549999926 ], [ 160.100271030000044, -80.590915622999944 ], [ 160.037364129000025, -80.58562590899993 ], [ 159.933767123000052, -80.549737237999921 ], [ 159.754161004000025, -80.570733330999929 ], [ 159.877614780000044, -80.650160414999903 ], [ 160.260101759, -80.678806247999944 ], [ 160.857432488000086, -80.610446872999944 ], [ 161.099375847000033, -80.64771900799991 ], [ 161.179942254000025, -80.637790622999944 ], [ 161.200938347000033, -80.648207289999903 ], [ 161.195648634, -80.683363539999903 ], [ 161.154551629000025, -80.68678150799991 ], [ 161.125498894000089, -80.732354424999926 ], [ 161.101735873000052, -80.741957289999903 ], [ 161.009287957000083, -80.758558851999908 ], [ 161.346446160000028, -80.784356377999927 ], [ 161.240977410000028, -80.802992445999905 ], [ 160.159922722000033, -80.781508070999905 ], [ 160.041270379000025, -80.796482028999947 ], [ 159.746429884, -80.792087497999944 ], [ 159.578298373000052, -80.767998955999929 ], [ 159.529795769000089, -80.780368747999944 ], [ 159.60279381600003, -80.79810963299991 ], [ 159.497569207000083, -80.84303150799991 ], [ 159.531748894000089, -80.853936455999929 ], [ 159.749847852000016, -80.829196872999944 ], [ 160.601573113000086, -80.869073174999926 ], [ 160.592539910000028, -80.890394789999903 ], [ 160.876149936000047, -80.914646091999941 ], [ 160.716563347000033, -80.946465752999927 ], [ 160.640798373000052, -80.934258721999925 ], [ 160.66570071700005, -80.953057549999926 ], [ 160.701914910000028, -80.958184502999927 ], [ 160.876963738000086, -80.95086028399993 ], [ 160.933929884, -80.972263278999947 ], [ 160.90748131600003, -80.992852471999925 ], [ 160.547373894000089, -81.006768487999921 ], [ 160.605235222000033, -81.025811455999929 ], [ 160.622813347000033, -81.038832289999903 ], [ 160.596364780000044, -81.047051690999922 ], [ 160.649180535000028, -81.067315362999921 ], [ 160.824473504000025, -81.098239841999941 ], [ 160.774750196000014, -81.125095309999949 ], [ 160.541514519000089, -81.119235934999949 ], [ 160.75904381600003, -81.157810153999947 ], [ 160.814463738000086, -81.189711195999905 ], [ 160.765879754000025, -81.199476820999905 ], [ 160.60865319100003, -81.193129164999903 ], [ 160.877940300000091, -81.22429778399993 ], [ 161.082041863000086, -81.219008070999905 ], [ 161.142425977000016, -81.244398695999905 ], [ 160.919444207000083, -81.270196221999925 ], [ 160.132009311000047, -81.203708591999941 ], [ 160.156748894000089, -81.222832940999922 ], [ 160.260752800000091, -81.249607028999947 ], [ 160.363291863000086, -81.293633721999925 ], [ 160.62623131600003, -81.316664320999905 ], [ 160.402517123000052, -81.325616143999923 ], [ 160.36451256600003, -81.336358330999929 ], [ 160.361094597000033, -81.360772393999923 ], [ 160.307790561000047, -81.379815362999921 ], [ 160.349864129000025, -81.392836195999905 ], [ 160.886892123000052, -81.357028903999947 ], [ 161.072764519000089, -81.384860934999949 ], [ 160.990000847000033, -81.416680596999925 ], [ 160.842051629000025, -81.428480726999908 ], [ 160.882578972000033, -81.43914153399993 ], [ 160.851573113000086, -81.459405205999929 ], [ 160.889821811000047, -81.470879815999922 ], [ 161.015472852000016, -81.448418877999927 ], [ 161.454112175000091, -81.42351653399993 ], [ 161.51921634200005, -81.452080987999921 ], [ 161.471446160000028, -81.489678643999923 ], [ 161.011485222000033, -81.548760674999926 ], [ 161.592539910000028, -81.571465752999927 ], [ 161.505869988000086, -81.584161065999922 ], [ 161.563975457000083, -81.604668877999927 ], [ 161.99732506600003, -81.618584893999923 ], [ 161.91374759200005, -81.633884372999944 ], [ 162.479340040000011, -81.68914153399993 ], [ 162.47429446700005, -81.710544528999947 ], [ 162.53052819100003, -81.719008070999905 ], [ 162.445811394000089, -81.727227471999925 ], [ 162.506846550000091, -81.746758721999925 ], [ 162.62037194100003, -81.754327080999929 ], [ 162.390147332000083, -81.798028252999927 ], [ 162.469737175000091, -81.807549737999921 ], [ 162.237478061000047, -81.824802341999941 ], [ 162.327159050000091, -81.849786065999922 ], [ 162.636485222000033, -81.836032809999949 ], [ 162.767914259, -81.848402601999908 ], [ 162.755218946000014, -81.831149997999944 ], [ 162.791514519000089, -81.812920830999929 ], [ 162.893728061000047, -81.807224216999941 ], [ 163.102224155000044, -81.873711846999925 ], [ 162.977305535000028, -81.893161716999941 ], [ 162.726084832000083, -81.887627862999921 ], [ 162.610362175000091, -81.912286065999922 ], [ 162.660655144000089, -81.922946872999944 ], [ 162.844737175000091, -81.914808851999908 ], [ 163.03484134200005, -81.940199476999908 ], [ 163.004730665000011, -81.95086028399993 ], [ 162.902191602000016, -81.950127862999921 ], [ 163.073008660000028, -81.999932549999926 ], [ 163.248545769000089, -82.023532809999949 ], [ 163.207286004000025, -82.038506768999923 ], [ 163.59734134200005, -82.090427341999941 ], [ 163.46607506600003, -82.10279713299991 ], [ 163.541026238000086, -82.122491143999923 ], [ 163.776540561000047, -82.12859465899993 ], [ 163.741709832000083, -82.142185153999947 ], [ 163.622813347000033, -82.147556247999944 ], [ 163.916758660000028, -82.190118096999925 ], [ 163.838715040000011, -82.231052341999941 ], [ 160.639659050000091, -82.422946872999944 ], [ 160.802093946000014, -82.491957289999903 ], [ 160.857676629000025, -82.500909112999921 ], [ 162.442230665000011, -82.494235934999949 ], [ 162.528656446000014, -82.476657809999949 ], [ 162.768565300000091, -82.486993096999925 ], [ 162.934092644000089, -82.53093840899993 ], [ 163.081879102000016, -82.544691664999903 ], [ 163.145355665000011, -82.514825127999927 ], [ 163.439463738000086, -82.545179945999905 ], [ 163.403005405000044, -82.512383721999925 ], [ 163.318858269000089, -82.483005466999941 ], [ 163.164805535000028, -82.449476820999905 ], [ 163.280039910000028, -82.426364841999941 ], [ 164.673187696000014, -82.338799737999921 ], [ 164.882334832000083, -82.38014088299991 ], [ 165.23015384200005, -82.392836195999905 ], [ 165.438243035000028, -82.476495049999926 ], [ 165.559255405000044, -82.49342213299991 ], [ 165.478363477000016, -82.515801690999922 ], [ 165.440440300000091, -82.557061455999929 ], [ 165.39576256600003, -82.573663018999923 ], [ 165.304942254000025, -82.579522393999923 ], [ 165.373301629000025, -82.606133721999925 ], [ 166.108897332000083, -82.652927341999941 ], [ 166.226817254000025, -82.643649997999944 ], [ 166.529795769000089, -82.702732028999947 ], [ 166.430186394000089, -82.750420830999929 ], [ 166.538259311000047, -82.781508070999905 ], [ 166.905772332000083, -82.757582289999903 ], [ 167.306488477000016, -82.817071221999925 ], [ 167.343760613000086, -82.829278252999927 ], [ 167.350759311000047, -82.843845309999949 ], [ 167.33326256600003, -82.858493747999944 ], [ 167.166514519000089, -82.900323174999926 ], [ 167.408457879000025, -82.924981377999927 ], [ 167.344737175000091, -82.95281340899993 ], [ 167.062754754000025, -82.956149997999944 ], [ 167.106944207000083, -82.969659112999921 ], [ 167.458018425000091, -82.981133721999925 ], [ 167.451833530000044, -83.010674737999921 ], [ 167.424164259, -83.026055596999925 ], [ 167.656586134, -83.061700127999927 ], [ 167.890961134, -83.024509372999944 ], [ 168.044281446000014, -82.971368096999925 ], [ 168.118988477000016, -82.961114190999922 ], [ 168.592784050000091, -82.998955987999921 ], [ 168.623383009, -83.006036065999922 ], [ 168.589691602000016, -83.029554945999905 ], [ 168.60084069100003, -83.055433851999908 ], [ 168.771657748000052, -83.093194268999923 ], [ 168.86882571700005, -83.145928643999923 ], [ 168.763926629000025, -83.191338799999926 ], [ 168.076914910000028, -83.183851820999905 ], [ 168.18091881600003, -83.222751559999949 ], [ 168.534190300000091, -83.23365650799991 ], [ 168.415212436000047, -83.26685963299991 ], [ 167.887461785000028, -83.233168226999908 ], [ 167.748789910000028, -83.25514088299991 ], [ 167.236989780000044, -83.191827080999929 ], [ 166.998789910000028, -83.199151299999926 ], [ 167.058116082000083, -83.22584400799991 ], [ 168.034678582000083, -83.307061455999929 ], [ 167.955088738000086, -83.328545830999929 ], [ 168.031748894000089, -83.359633070999905 ], [ 168.16138756600003, -83.36842213299991 ], [ 168.284678582000083, -83.353122653999947 ], [ 168.359141472000033, -83.365166924999926 ], [ 168.474457227000016, -83.352959893999923 ], [ 168.660899285000028, -83.397149346999925 ], [ 169.383474155000044, -83.336846612999921 ], [ 169.427093946000014, -83.37078215899993 ], [ 169.364105665000011, -83.422051690999922 ], [ 169.466156446000014, -83.447360934999949 ], [ 169.560883009, -83.44695403399993 ], [ 169.599864129000025, -83.418145440999922 ], [ 169.630056186000047, -83.414808851999908 ], [ 169.584727410000028, -83.398695570999905 ], [ 169.629649285000028, -83.369073174999926 ], [ 170.102549675000091, -83.404717705999929 ], [ 170.059255405000044, -83.413181247999944 ], [ 170.105967644000089, -83.429131768999923 ], [ 170.086436394000089, -83.44850025799991 ], [ 170.127614780000044, -83.463311455999929 ], [ 170.223480665000011, -83.483982028999947 ], [ 170.403330925000091, -83.491631768999923 ], [ 170.447601759, -83.462497653999947 ], [ 170.734141472000033, -83.451836846999925 ], [ 170.754079623000052, -83.426364841999941 ], [ 171.193125847000033, -83.445570570999905 ], [ 171.260752800000091, -83.463311455999929 ], [ 171.576914910000028, -83.500258070999905 ], [ 171.426280144000089, -83.52898528399993 ], [ 170.924327019000089, -83.534274997999944 ], [ 171.02076256600003, -83.546319268999923 ], [ 170.97820071700005, -83.56178150799991 ], [ 171.003103061000047, -83.568780205999929 ], [ 171.331228061000047, -83.555433851999908 ], [ 171.959727410000028, -83.620212497999944 ], [ 171.866221550000091, -83.644138278999947 ], [ 172.046722852000016, -83.658461195999905 ], [ 171.914886915000011, -83.687758070999905 ], [ 172.001149936000047, -83.716892184999949 ], [ 172.097911004000025, -83.71803150799991 ], [ 172.368500196000014, -83.677504164999903 ], [ 172.820648634, -83.667901299999926 ], [ 173.230235222000033, -83.712334893999923 ], [ 173.31959069100003, -83.732028903999947 ], [ 173.30787194100003, -83.752618096999925 ], [ 173.410411004000025, -83.76140715899993 ], [ 173.618988477000016, -83.74928150799991 ], [ 173.721364780000044, -83.763604424999926 ], [ 173.680349155000044, -83.791192315999922 ], [ 173.291270379000025, -83.856377862999921 ], [ 173.409027540000011, -83.878106377999927 ], [ 173.834157748000052, -83.873630466999941 ], [ 173.882009311000047, -83.861260674999926 ], [ 173.96216881600003, -83.881768487999921 ], [ 174.97388756600003, -83.830498955999929 ], [ 175.122813347000033, -83.869235934999949 ], [ 175.443125847000033, -83.903252862999921 ], [ 175.377452019000089, -83.927992445999905 ], [ 175.16179446700005, -83.957289320999905 ], [ 175.301036004000025, -83.984470309999949 ], [ 175.677744988000086, -83.961602471999925 ], [ 177.535166863000086, -84.05787525799991 ], [ 177.616547071000014, -84.073418877999927 ], [ 177.558116082000083, -84.080010674999926 ], [ 177.613942905000044, -84.092380466999941 ], [ 178.129893425000091, -84.116143487999921 ], [ 178.217946811000047, -84.144626559999949 ], [ 178.405284050000091, -84.117608330999929 ], [ 178.527598504000025, -84.121351820999905 ], [ 178.406260613000086, -84.155450127999927 ], [ 178.48015384200005, -84.179131768999923 ], [ 178.567393425000091, -84.183770440999922 ], [ 178.780039910000028, -84.171319268999923 ], [ 179.354991082000083, -84.197360934999949 ], [ 179.787852410000028, -84.283949476999908 ], [ 179.601573113000086, -84.311293226999908 ], [ 179.698252800000091, -84.33131275799991 ], [ 180.0, -84.352792988999909 ], [ 180.0, -90.0 ], [ -180.0, -90.0 ], [ -180.0, -84.352796000999945 ], [ -178.297556118999921, -84.307712497999944 ], [ -178.171579555999926, -84.323825778999947 ], [ -178.213856574999909, -84.335137627999927 ], [ -178.032460089999915, -84.356540622999944 ], [ -178.003041144999912, -84.366631768999923 ], [ -177.997995571999923, -84.386163018999923 ], [ -177.704701300999915, -84.418389580999929 ], [ -177.539540167999917, -84.400160414999903 ], [ -177.325021938999924, -84.40553150799991 ], [ -177.106800910999908, -84.383558851999908 ], [ -176.064320441999911, -84.395928643999923 ], [ -176.116037563999924, -84.407810153999947 ], [ -176.457712368999921, -84.419854424999926 ], [ -176.510609503999916, -84.435479424999926 ], [ -175.998727993999921, -84.487399997999944 ], [ -176.042225714999915, -84.49342213299991 ], [ -175.881337042999917, -84.547458591999941 ], [ -175.248890753999916, -84.497491143999923 ], [ -175.189890102999925, -84.485121351999908 ], [ -175.142893032999922, -84.452325127999927 ], [ -175.224802212999919, -84.440199476999908 ], [ -175.207224087999919, -84.420017184999949 ], [ -175.178049282999922, -84.414808851999908 ], [ -168.254709438999924, -84.648207289999903 ], [ -168.12364661399991, -84.695082289999903 ], [ -168.164865688999924, -84.721856377999927 ], [ -168.056752081999917, -84.77076588299991 ], [ -167.508249477999925, -84.811944268999923 ], [ -167.480091925999915, -84.836358330999929 ], [ -167.555002407999922, -84.848402601999908 ], [ -167.441761847999913, -84.867445570999905 ], [ -166.911203579999921, -84.820245049999926 ], [ -164.047434048999918, -84.876071872999944 ], [ -163.934641079999921, -84.895196221999925 ], [ -162.994089321999923, -84.914157809999949 ], [ -162.848947719999927, -84.883070570999905 ], [ -158.871449347999913, -85.076348565999922 ], [ -158.673166469999927, -85.13250090899993 ], [ -158.465769008999928, -85.155205987999921 ], [ -158.509958462999919, -85.119724216999941 ], [ -158.56505286399991, -85.09929778399993 ], [ -158.423939581999917, -85.092217705999929 ], [ -158.351511196999923, -85.102959893999923 ], [ -158.163319464999915, -85.164727471999925 ], [ -156.00841223899991, -85.22193775799991 ], [ -156.055490688999924, -85.203789971999925 ], [ -156.927479620999918, -85.195245049999926 ], [ -155.990712042999917, -85.186211846999925 ], [ -155.942250128999916, -85.17937590899993 ], [ -155.901112433999913, -85.157647393999923 ], [ -155.944569464999915, -85.143487237999921 ], [ -156.099720831999917, -85.142347914999903 ], [ -155.503977016999926, -85.126071872999944 ], [ -156.938832160999908, -85.007012627999927 ], [ -157.046620245999918, -84.957207940999922 ], [ -157.637196417999917, -84.897230726999908 ], [ -157.581044074999909, -84.882989190999922 ], [ -155.788156704999921, -84.904554945999905 ], [ -155.749623175999915, -84.900323174999926 ], [ -156.109730597999913, -84.885349216999941 ], [ -155.703439907999922, -84.879164320999905 ], [ -155.740305141999926, -84.865980726999908 ], [ -155.867298956999917, -84.86060963299991 ], [ -155.589222785999908, -84.840508721999925 ], [ -155.642648891999926, -84.82781340899993 ], [ -158.383615688999924, -84.789239190999922 ], [ -158.277292446999923, -84.78093840899993 ], [ -158.249582485999923, -84.767185153999947 ], [ -163.862863735999923, -84.549899997999944 ], [ -163.89317786399991, -84.545342705999929 ], [ -163.912180141999926, -84.530450127999927 ], [ -163.901722785999908, -84.517998955999929 ], [ -163.910837368999921, -84.513278903999947 ], [ -164.096628383999928, -84.480564059999949 ], [ -163.265492316999911, -84.491794528999947 ], [ -163.660227016999926, -84.429131768999923 ], [ -165.130686001999919, -84.419854424999926 ], [ -165.194203253999916, -84.434665622999944 ], [ -166.423451300999915, -84.370293877999927 ], [ -165.504628058999913, -84.398614190999922 ], [ -165.514597133999928, -84.381117445999905 ], [ -165.409738735999923, -84.36451588299991 ], [ -163.001088019999912, -84.36296965899993 ], [ -163.057972785999908, -84.340508721999925 ], [ -164.156686977999925, -84.292087497999944 ], [ -164.182850714999915, -84.282321872999944 ], [ -164.098337368999921, -84.262627862999921 ], [ -164.272287563999924, -84.238457940999922 ], [ -164.190297003999916, -84.225518487999921 ], [ -164.623361782999922, -84.185316664999903 ], [ -164.740223761999914, -84.156182549999926 ], [ -165.154408331999917, -84.13795338299991 ], [ -165.128000454999921, -84.117933851999908 ], [ -165.091908331999917, -84.11256275799991 ], [ -165.018544074999909, -84.118910414999903 ], [ -165.093454555999926, -84.072198174999926 ], [ -165.009714321999923, -84.056735934999949 ], [ -163.702829555999926, -84.049899997999944 ], [ -163.743112758999928, -84.031914971999925 ], [ -164.039011196999923, -83.990655205999929 ], [ -163.890126105999911, -83.963555596999925 ], [ -163.993885870999918, -83.939060153999947 ], [ -164.911325649999924, -83.823011976999908 ], [ -164.979603644999912, -83.796482028999947 ], [ -165.420725063999924, -83.766778252999927 ], [ -165.514393683999913, -83.745700778999947 ], [ -165.935373501999919, -83.785739841999941 ], [ -166.068226691999911, -83.817966403999947 ], [ -167.679188605999911, -83.770114841999941 ], [ -167.625355597999913, -83.79029713299991 ], [ -167.253529425999915, -83.811130466999941 ], [ -167.195179816999911, -83.82545338299991 ], [ -167.299549933999913, -83.837823174999926 ], [ -168.082590298999918, -83.779554945999905 ], [ -167.98851477799991, -83.766778252999927 ], [ -168.259510870999918, -83.743584893999923 ], [ -167.67719479099992, -83.744235934999949 ], [ -167.733347133999928, -83.722588799999926 ], [ -168.216379360999923, -83.713148695999905 ], [ -168.337473110999923, -83.692803643999923 ], [ -168.609730597999913, -83.622491143999923 ], [ -168.634348110999923, -83.604587497999944 ], [ -168.534169074999909, -83.573011976999908 ], [ -168.547718878999916, -83.542575778999947 ], [ -168.58263098899991, -83.530368747999944 ], [ -169.016550258999928, -83.515557549999926 ], [ -169.075672980999911, -83.489190362999921 ], [ -169.005726691999911, -83.474541924999926 ], [ -168.77989661399991, -83.475681247999944 ], [ -169.345448370999918, -83.442478122999944 ], [ -169.43305416599992, -83.40943775799991 ], [ -171.740956183999913, -83.227227471999925 ], [ -171.694447394999912, -83.216892184999949 ], [ -170.956654425999915, -83.261895440999922 ], [ -174.02757727799991, -82.915215752999927 ], [ -174.337473110999923, -82.812107028999947 ], [ -174.369618292999917, -82.778903903999947 ], [ -174.339833136999914, -82.758884372999944 ], [ -174.26899166599992, -82.755791924999926 ], [ -173.181019660999908, -82.916436455999929 ], [ -172.741769985999923, -82.918389580999929 ], [ -172.512440558999913, -82.869886976999908 ], [ -171.408314581999917, -82.953789971999925 ], [ -170.929798956999917, -83.06414153399993 ], [ -170.793405727999925, -83.168877862999921 ], [ -170.719471808999913, -83.19695403399993 ], [ -169.599680141999926, -83.310479424999926 ], [ -169.535349087999919, -83.301934502999927 ], [ -169.734567837999919, -83.244398695999905 ], [ -168.085804816999911, -83.25554778399993 ], [ -168.009388800999915, -83.208103122999944 ], [ -167.443063930999926, -83.226495049999926 ], [ -167.333200649999924, -83.198011976999908 ], [ -165.086293097999913, -83.202080987999921 ], [ -164.85411536399991, -83.250258070999905 ], [ -164.873402472999913, -83.26531340899993 ], [ -164.947702602999925, -83.281345309999949 ], [ -164.947946743999921, -83.304782809999949 ], [ -164.985829230999911, -83.355889580999929 ], [ -164.779611782999922, -83.390883070999905 ], [ -164.668080206999917, -83.452080987999921 ], [ -164.696522589999915, -83.468194268999923 ], [ -164.691029425999915, -83.485039971999925 ], [ -164.657338019999912, -83.498142184999949 ], [ -164.177316860999923, -83.527113539999903 ], [ -164.113962368999921, -83.506442966999941 ], [ -164.173166469999927, -83.46998463299991 ], [ -164.203236456999917, -83.431735934999949 ], [ -164.189768032999922, -83.40357838299991 ], [ -164.16624915299991, -83.396091403999947 ], [ -163.597360805999926, -83.367608330999929 ], [ -163.46507727799991, -83.337090752999927 ], [ -163.284128383999928, -83.338555596999925 ], [ -163.133981899999924, -83.315524997999944 ], [ -162.869943813999924, -83.321465752999927 ], [ -162.827992316999911, -83.33326588299991 ], [ -162.803700324999909, -83.366143487999921 ], [ -162.827015753999916, -83.372816664999903 ], [ -162.803578253999916, -83.39185963299991 ], [ -162.370106574999909, -83.424004815999922 ], [ -162.260080532999922, -83.449883721999925 ], [ -162.45726477799991, -83.473809502999927 ], [ -162.406442837999919, -83.49537525799991 ], [ -162.169056769999912, -83.52467213299991 ], [ -160.070017055999926, -83.479180596999925 ], [ -159.484242316999911, -83.545586846999925 ], [ -159.193430141999926, -83.544366143999923 ], [ -159.101673956999917, -83.533379815999922 ], [ -159.044667120999918, -83.476006768999923 ], [ -158.999867316999911, -83.457126559999949 ], [ -157.55528723899991, -83.390232028999947 ], [ -157.452707485999923, -83.341729424999926 ], [ -156.917673305999926, -83.23015715899993 ], [ -157.024484829999921, -83.205824476999908 ], [ -158.46349036399991, -83.167168877999927 ], [ -158.521921352999925, -83.158379815999922 ], [ -158.557932094999927, -83.132745049999926 ], [ -158.497181769999912, -83.117933851999908 ], [ -155.592233852999925, -83.046075127999927 ], [ -155.436390753999916, -83.007745049999926 ], [ -155.496774868999921, -82.955498955999929 ], [ -155.134510870999918, -82.877536716999941 ], [ -155.058786587999919, -82.801934502999927 ], [ -152.542917446999923, -82.54810963299991 ], [ -152.555409308999913, -82.526543877999927 ], [ -152.721180792999917, -82.44304778399993 ], [ -152.896799282999922, -82.374118747999944 ], [ -154.214833136999914, -82.125664971999925 ], [ -154.255604620999918, -82.101495049999926 ], [ -154.111439581999917, -82.07154713299991 ], [ -154.804025844999927, -81.965997002999927 ], [ -154.838937954999921, -81.944756768999923 ], [ -154.532053188999924, -81.879082940999922 ], [ -154.351918097999913, -81.82350025799991 ], [ -153.829782680999926, -81.79225025799991 ], [ -153.692372199999909, -81.747002862999921 ], [ -153.816395636999914, -81.681247653999947 ], [ -153.983225063999924, -81.676934502999927 ], [ -154.064808722999913, -81.643243096999925 ], [ -154.298451300999915, -81.608819268999923 ], [ -154.357858852999925, -81.574883721999925 ], [ -154.410023566999911, -81.562107028999947 ], [ -154.819203253999916, -81.533623955999929 ], [ -154.996571417999917, -81.489190362999921 ], [ -157.056711391999926, -81.351332289999903 ], [ -157.145863410999908, -81.319024346999925 ], [ -157.095814581999917, -81.266371351999908 ], [ -156.450144008999928, -81.148695570999905 ], [ -147.628000454999921, -80.920179945999905 ], [ -147.548329230999911, -80.886895440999922 ], [ -147.625559048999918, -80.847263278999947 ], [ -148.252023891999926, -80.822523695999905 ], [ -148.298776821999923, -80.813083591999941 ], [ -148.090931769999912, -80.807061455999929 ], [ -148.180165167999917, -80.791924737999921 ], [ -148.451527472999913, -80.782159112999921 ], [ -148.364816860999923, -80.770928643999923 ], [ -148.406605597999913, -80.746026299999926 ], [ -149.461659308999913, -80.719170830999929 ], [ -148.885202602999925, -80.700616143999923 ], [ -149.445505337999919, -80.683200778999947 ], [ -149.35492916599992, -80.663262627999927 ], [ -149.035593227999925, -80.661228122999944 ], [ -149.248361782999922, -80.642836195999905 ], [ -149.190256313999924, -80.626560153999947 ], [ -148.257679816999911, -80.636325778999947 ], [ -148.343332485999923, -80.624932549999926 ], [ -148.888783331999917, -80.621189059999949 ], [ -149.018747524999924, -80.59148528399993 ], [ -149.680490688999924, -80.590020440999922 ], [ -149.727040167999917, -80.582452080999929 ], [ -149.502674933999913, -80.568780205999929 ], [ -149.794545050999915, -80.553806247999944 ], [ -149.622670050999915, -80.537041924999926 ], [ -149.665150519999912, -80.52703215899993 ], [ -150.235910610999923, -80.528008721999925 ], [ -150.322132941999911, -80.514825127999927 ], [ -150.271677212999919, -80.495863539999903 ], [ -150.084909633999928, -80.496270440999922 ], [ -150.44867916599992, -80.456149997999944 ], [ -150.386830206999917, -80.437107028999947 ], [ -150.422230597999913, -80.429620049999926 ], [ -151.011586066999911, -80.429457289999903 ], [ -150.945017055999926, -80.411228122999944 ], [ -150.72325598899991, -80.412774346999925 ], [ -150.890817837999919, -80.398044528999947 ], [ -149.968251105999911, -80.393731377999927 ], [ -150.395456508999928, -80.316338799999926 ], [ -150.725778774999924, -80.320407809999949 ], [ -150.571888800999915, -80.305840752999927 ], [ -150.609120245999918, -80.269707940999922 ], [ -150.803212042999917, -80.245538018999923 ], [ -150.726267055999926, -80.21648528399993 ], [ -150.477284308999913, -80.22193775799991 ], [ -150.133737758999928, -80.185723565999922 ], [ -150.20763098899991, -80.13054778399993 ], [ -150.311594204999921, -80.10865650799991 ], [ -150.369699673999918, -80.074639580999929 ], [ -148.834095831999917, -80.131280205999929 ], [ -148.802927212999919, -80.104099216999941 ], [ -148.546213344999927, -80.07154713299991 ], [ -147.554758266999926, -80.051202080999929 ], [ -147.609527147999927, -80.04029713299991 ], [ -148.455067511999914, -80.024183851999908 ], [ -148.511708136999914, -80.007989190999922 ], [ -147.879017706999917, -80.003024997999944 ], [ -147.934966600999928, -79.985446872999944 ], [ -148.949899868999921, -79.972588799999926 ], [ -148.905588344999927, -79.963067315999922 ], [ -148.194284633999928, -79.971286716999941 ], [ -148.646962042999917, -79.954034112999921 ], [ -148.514881964999915, -79.936130466999941 ], [ -148.608998175999915, -79.923272393999923 ], [ -148.499867316999911, -79.912855726999908 ], [ -148.847767706999917, -79.900567315999922 ], [ -148.778797980999911, -79.89185963299991 ], [ -148.999745245999918, -79.860772393999923 ], [ -148.704090949999909, -79.863946221999925 ], [ -148.518625454999921, -79.886814059999949 ], [ -148.043771938999924, -79.890232028999947 ], [ -148.078806118999921, -79.905857028999947 ], [ -148.207508917999917, -79.906833591999941 ], [ -148.156931118999921, -79.917575778999947 ], [ -147.994048631999902, -79.91725025799991 ], [ -148.02875729099992, -79.929131768999923 ], [ -147.976918097999913, -79.937676690999922 ], [ -147.155262824999909, -79.945896091999941 ], [ -147.181792772999927, -79.917413018999923 ], [ -147.067128058999913, -79.908623955999929 ], [ -147.16856848899991, -79.896661065999922 ], [ -147.270904100999928, -79.90162525799991 ], [ -147.392445441999911, -79.925388278999947 ], [ -147.570139126999919, -79.899997653999947 ], [ -147.897450324999909, -79.901136976999908 ], [ -147.863758917999917, -79.88990650799991 ], [ -147.585194464999915, -79.874607028999947 ], [ -148.059030727999925, -79.835056247999944 ], [ -148.141184048999918, -79.810804945999905 ], [ -148.014637824999909, -79.814385674999926 ], [ -147.888824022999927, -79.80046965899993 ], [ -147.945668097999913, -79.786553643999923 ], [ -147.773101365999906, -79.779473565999922 ], [ -149.001332160999908, -79.686211846999925 ], [ -149.07249915299991, -79.666110934999949 ], [ -149.039743618999921, -79.649102471999925 ], [ -149.09239661399991, -79.630303643999923 ], [ -150.446888800999915, -79.559177341999941 ], [ -150.534413214999915, -79.534112237999921 ], [ -152.003773566999911, -79.342461846999925 ], [ -151.757883266999926, -79.277927341999941 ], [ -151.65489661399991, -79.267673434999949 ], [ -151.697987433999913, -79.25164153399993 ], [ -151.748158331999917, -79.246758721999925 ], [ -152.214222785999908, -79.310153903999947 ], [ -152.316151495999918, -79.298760674999926 ], [ -152.414173956999917, -79.263929945999905 ], [ -152.31196041599992, -79.236423434999949 ], [ -151.989572719999927, -79.204034112999921 ], [ -152.107004360999923, -79.201429945999905 ], [ -151.975087042999917, -79.170342705999929 ], [ -152.002064581999917, -79.150974216999941 ], [ -151.720082160999908, -79.083754164999903 ], [ -152.074777798999918, -79.107191664999903 ], [ -152.256825324999909, -79.077080987999921 ], [ -152.232004360999923, -79.098565362999921 ], [ -152.234242316999911, -79.110935153999947 ], [ -152.337513800999915, -79.142673434999949 ], [ -152.564442511999914, -79.17506275799991 ], [ -152.591623501999919, -79.172458591999941 ], [ -152.704660610999923, -79.113864841999941 ], [ -152.93500729099992, -79.170098565999922 ], [ -153.079335089999915, -79.139418226999908 ], [ -154.969797329999921, -79.034763278999947 ], [ -155.052723761999914, -78.994073174999926 ], [ -156.528269008999928, -78.663669528999947 ], [ -156.546742316999911, -78.650811455999929 ], [ -156.549997524999924, -78.623630466999941 ], [ -156.499256964999915, -78.594333591999941 ], [ -156.087595180999926, -78.557305596999925 ], [ -156.039377407999922, -78.542087497999944 ], [ -156.07367916599992, -78.51685963299991 ], [ -156.116037563999924, -78.507582289999903 ], [ -156.052845831999917, -78.494073174999926 ], [ -155.013661261999914, -78.469008070999905 ], [ -154.978260870999918, -78.456963799999926 ], [ -155.050282355999911, -78.425876559999949 ], [ -154.89085852799991, -78.423923434999949 ], [ -154.730336066999911, -78.454685153999947 ], [ -154.52289791599992, -78.434014580999929 ], [ -154.582142706999917, -78.416924737999921 ], [ -154.361398891999926, -78.405368747999944 ], [ -154.290842251999919, -78.388929945999905 ], [ -154.33263098899991, -78.374118747999944 ], [ -154.303537563999924, -78.352227471999925 ], [ -154.18110104099992, -78.33521900799991 ], [ -154.235300258999928, -78.281019789999903 ], [ -154.136586066999911, -78.248304945999905 ], [ -153.917958136999914, -78.249444268999923 ], [ -153.81505286399991, -78.233168226999908 ], [ -154.209706183999913, -78.221774997999944 ], [ -154.277780727999925, -78.177178643999923 ], [ -154.396188930999926, -78.135918877999927 ], [ -154.567941860999923, -78.134372653999947 ], [ -154.717722133999928, -78.15398528399993 ], [ -154.650502081999917, -78.175225518999923 ], [ -154.752145962999919, -78.208916924999926 ], [ -154.774118618999921, -78.234470309999949 ], [ -155.119984503999916, -78.257012627999927 ], [ -155.214060024999924, -78.246351820999905 ], [ -155.251576300999915, -78.205010674999926 ], [ -155.091989712999919, -78.193536065999922 ], [ -154.977650519999912, -78.20671965899993 ], [ -155.042673305999926, -78.15398528399993 ], [ -155.181630011999914, -78.162530205999929 ], [ -155.322743292999917, -78.199883721999925 ], [ -155.421498175999915, -78.170830987999921 ], [ -155.519154425999915, -78.194105726999908 ], [ -155.746896938999924, -78.203871351999908 ], [ -155.933216925999915, -78.18873463299991 ], [ -156.348011847999913, -78.199883721999925 ], [ -156.445261196999923, -78.168145440999922 ], [ -156.452951626999919, -78.145684502999927 ], [ -156.62523352799991, -78.142836195999905 ], [ -156.679758266999926, -78.158379815999922 ], [ -156.652699347999913, -78.168552341999941 ], [ -156.681833462999919, -78.193942966999941 ], [ -156.740915493999921, -78.213311455999929 ], [ -156.96739661399991, -78.253350518999923 ], [ -157.199574347999913, -78.252699476999908 ], [ -157.257191535999908, -78.241143487999921 ], [ -157.353830532999922, -78.195896091999941 ], [ -157.983631964999915, -78.052911065999922 ], [ -158.088815883999928, -78.005303643999923 ], [ -158.180043097999913, -78.006117445999905 ], [ -158.253285285999908, -77.98170338299991 ], [ -158.343861456999917, -77.974379164999903 ], [ -158.401844855999911, -77.94850025799991 ], [ -158.455026821999923, -77.899346612999921 ], [ -158.637074347999913, -77.86451588299991 ], [ -158.639963344999927, -77.848565362999921 ], [ -158.53343665299991, -77.76490650799991 ], [ -158.400827602999925, -77.722263278999947 ], [ -158.324899868999921, -77.636488539999903 ], [ -158.157338019999912, -77.590101820999905 ], [ -158.118112758999928, -77.555840752999927 ], [ -158.286325649999924, -77.513929945999905 ], [ -158.218698696999923, -77.462823174999926 ], [ -158.140207485999923, -77.427911065999922 ], [ -158.181507941999911, -77.400485934999949 ], [ -158.291818813999924, -77.375583591999941 ], [ -158.329457160999908, -77.342868747999944 ], [ -158.325388149999924, -77.296075127999927 ], [ -158.280832485999923, -77.257582289999903 ], [ -158.177479620999918, -77.205824476999908 ], [ -158.311716274999924, -77.132419528999947 ], [ -158.300892706999917, -77.105645440999922 ], [ -158.220204230999911, -77.073663018999923 ], [ -157.925404425999915, -77.05632903399993 ], [ -157.843088344999927, -77.074965101999908 ], [ -157.693308071999923, -77.142754815999922 ], [ -157.609364386999914, -77.158298434999949 ], [ -157.573068813999924, -77.187107028999947 ], [ -157.394032355999911, -77.250746351999908 ], [ -157.250721808999913, -77.273044528999947 ], [ -157.30492102799991, -77.281996351999908 ], [ -157.256337042999917, -77.302178643999923 ], [ -157.021839972999913, -77.35865650799991 ], [ -156.980824347999913, -77.342461846999925 ], [ -156.903309699999909, -77.348402601999908 ], [ -156.896066860999923, -77.319268487999921 ], [ -156.821278449999909, -77.319105726999908 ], [ -156.467111782999922, -77.260674737999921 ], [ -156.696359829999921, -77.234958591999941 ], [ -156.833566860999923, -77.187676690999922 ], [ -156.782338019999912, -77.165785414999903 ], [ -156.655140753999916, -77.157159112999921 ], [ -156.590280727999925, -77.112399997999944 ], [ -156.323841925999915, -77.06609465899993 ], [ -155.865549282999922, -77.059747002999927 ], [ -155.695017055999926, -77.08171965899993 ], [ -155.582590298999918, -77.113213799999926 ], [ -155.475046352999925, -77.167901299999926 ], [ -155.315785285999908, -77.170179945999905 ], [ -155.305856899999924, -77.136488539999903 ], [ -155.290516730999911, -77.128838799999926 ], [ -154.894398566999911, -77.103692315999922 ], [ -154.839100714999915, -77.112399997999944 ], [ -154.750314907999922, -77.153497002999927 ], [ -154.405222133999928, -77.152927341999941 ], [ -154.195627407999922, -77.175876559999949 ], [ -154.096791144999912, -77.213799737999921 ], [ -153.534047003999916, -77.254164320999905 ], [ -153.317209438999924, -77.338148695999905 ], [ -153.379017706999917, -77.380791924999926 ], [ -153.455393032999922, -77.398370049999926 ], [ -153.905100063999924, -77.405205987999921 ], [ -153.941843227999925, -77.415948174999926 ], [ -153.862416144999912, -77.442559502999927 ], [ -153.248036261999914, -77.446465752999927 ], [ -153.080637173999918, -77.473077080999929 ], [ -152.934641079999921, -77.48015715899993 ], [ -152.828561977999925, -77.467868747999944 ], [ -152.752634243999921, -77.490329684999949 ], [ -152.575428839999915, -77.502048434999949 ], [ -152.614938930999926, -77.438571872999944 ], [ -152.476389126999919, -77.40789153399993 ], [ -152.502390102999925, -77.387465101999908 ], [ -152.467884894999912, -77.342054945999905 ], [ -152.485463019999912, -77.319105726999908 ], [ -152.350697394999912, -77.302666924999926 ], [ -152.185658331999917, -77.333184502999927 ], [ -152.096547003999916, -77.391045830999929 ], [ -151.514597133999928, -77.416436455999929 ], [ -151.371164516999926, -77.450616143999923 ], [ -151.466135219999927, -77.486504815999922 ], [ -151.420887824999909, -77.508965752999927 ], [ -151.001088019999912, -77.558526299999926 ], [ -150.911813930999926, -77.590752862999921 ], [ -150.454050258999928, -77.680596612999921 ], [ -150.247670050999915, -77.77312590899993 ], [ -150.09906979099992, -77.779229424999926 ], [ -149.974964972999913, -77.816176039999903 ], [ -149.856800910999908, -77.820082289999903 ], [ -149.615589972999913, -77.80242278399993 ], [ -149.502430792999917, -77.772556247999944 ], [ -149.245310024999924, -77.75750090899993 ], [ -149.303537563999924, -77.727715752999927 ], [ -149.383127407999922, -77.719333591999941 ], [ -149.590809699999909, -77.649346612999921 ], [ -149.814279751999919, -77.647881768999923 ], [ -149.765573696999923, -77.643243096999925 ], [ -149.785471157999922, -77.624607028999947 ], [ -149.643055792999917, -77.608493747999944 ], [ -149.498524542999917, -77.609470309999949 ], [ -148.956735805999926, -77.707452080999929 ], [ -148.884510870999918, -77.707207940999922 ], [ -148.673695441999911, -77.674899997999944 ], [ -148.801503058999913, -77.583754164999903 ], [ -148.781605597999913, -77.579847914999903 ], [ -148.81468665299991, -77.561455987999921 ], [ -148.752145962999919, -77.55201588299991 ], [ -148.559396938999924, -77.559991143999923 ], [ -148.018666144999912, -77.49578215899993 ], [ -147.87173417899993, -77.498955987999921 ], [ -147.793080206999917, -77.490329684999949 ], [ -147.758208787999905, -77.461683851999908 ], [ -149.020863410999908, -77.337823174999926 ], [ -149.055531378999916, -77.320245049999926 ], [ -149.062082485999923, -77.293877862999921 ], [ -149.027455206999917, -77.263929945999905 ], [ -148.802723761999914, -77.234307549999926 ], [ -148.971180792999917, -77.227471612999921 ], [ -148.851185675999915, -77.125746351999908 ], [ -148.769724087999919, -77.10475025799991 ], [ -148.513050910999908, -77.107598565999922 ], [ -147.846831834999904, -77.263767184999949 ], [ -147.769927537999905, -77.31178150799991 ], [ -147.77794348899991, -77.369724216999941 ], [ -147.661447719999927, -77.423028252999927 ], [ -147.62132727799991, -77.417413018999923 ], [ -147.714263475999928, -77.355564059999949 ], [ -147.686919725999928, -77.349053643999923 ], [ -147.579579230999911, -77.385349216999941 ], [ -147.490549282999922, -77.353692315999922 ], [ -147.23302161399991, -77.31373463299991 ], [ -147.275217251999919, -77.269301039999903 ], [ -147.264149542999917, -77.259535414999903 ], [ -146.976185675999915, -77.235935153999947 ], [ -146.889800584999904, -77.255791924999926 ], [ -146.46898352799991, -77.439873955999929 ], [ -146.375111456999917, -77.503106377999927 ], [ -146.025502081999917, -77.51921965899993 ], [ -145.932606574999909, -77.500095309999949 ], [ -145.999663865999906, -77.480075778999947 ], [ -145.786976691999911, -77.478122653999947 ], [ -145.462798631999902, -77.523207289999903 ], [ -145.429839647999927, -77.506605726999908 ], [ -145.459380662999905, -77.494805596999925 ], [ -145.406646287999905, -77.479261976999908 ], [ -145.558176235999923, -77.451267184999949 ], [ -145.56899980399993, -77.42701588299991 ], [ -145.734730597999913, -77.368747653999947 ], [ -145.955067511999914, -77.363376559999949 ], [ -145.885650193999908, -77.345961195999905 ], [ -145.809803839999915, -77.347914320999905 ], [ -145.900380011999914, -77.328789971999925 ], [ -145.879302537999905, -77.314385674999926 ], [ -145.964466925999915, -77.254489841999941 ], [ -145.953439907999922, -77.233086846999925 ], [ -145.920033331999917, -77.227308851999908 ], [ -145.817209438999924, -77.251560153999947 ], [ -145.709095831999917, -77.24342213299991 ], [ -145.564076300999915, -77.251560153999947 ], [ -145.525380011999914, -77.234551690999922 ], [ -145.427235480999911, -77.247002862999921 ], [ -145.245961066999911, -77.232354424999926 ], [ -145.936879035999908, -77.066338799999926 ], [ -146.162912563999924, -77.058526299999926 ], [ -146.309071417999917, -77.030205987999921 ], [ -146.381418423999918, -77.003106377999927 ], [ -146.319243943999908, -76.990492445999905 ], [ -145.536000128999916, -77.055108330999929 ], [ -145.52407792899993, -77.077243747999944 ], [ -145.506947394999912, -77.079522393999923 ], [ -145.309966600999928, -77.058689059999949 ], [ -145.361683722999913, -77.028415622999944 ], [ -145.569325324999909, -76.982598565999922 ], [ -145.545236782999922, -76.96998463299991 ], [ -145.546701626999919, -76.947849216999941 ], [ -145.592518683999913, -76.916761976999908 ], [ -145.810373501999919, -76.919854424999926 ], [ -145.914865688999924, -76.897556247999944 ], [ -145.963612433999913, -76.857517184999949 ], [ -145.945057745999918, -76.830254815999922 ], [ -145.913563605999911, -76.817966403999947 ], [ -145.739491339999915, -76.828220309999949 ], [ -145.524403449999909, -76.798923434999949 ], [ -145.475738084999904, -76.778497002999927 ], [ -145.398345506999902, -76.779473565999922 ], [ -145.462635870999918, -76.75164153399993 ], [ -145.534250454999921, -76.73796965899993 ], [ -146.10997473899991, -76.709161065999922 ], [ -146.185129360999923, -76.662530205999929 ], [ -146.310902472999913, -76.630059502999927 ], [ -146.41661536399991, -76.627373955999929 ], [ -146.450306769999912, -76.617852471999925 ], [ -146.470122850999928, -76.592705987999921 ], [ -146.39122473899991, -76.558689059999949 ], [ -146.618072068999908, -76.532403252999927 ], [ -147.081695115999906, -76.432793877999927 ], [ -148.039540167999917, -76.44850025799991 ], [ -148.452829555999926, -76.506036065999922 ], [ -149.639759894999912, -76.429945570999905 ], [ -149.714060024999924, -76.39771900799991 ], [ -149.708973761999914, -76.376722914999903 ], [ -149.659779425999915, -76.338148695999905 ], [ -149.545765753999916, -76.300388278999947 ], [ -149.033273891999926, -76.301934502999927 ], [ -148.874094204999921, -76.265720309999949 ], [ -148.53966223899991, -76.228285414999903 ], [ -148.690297003999916, -76.191501559999949 ], [ -148.689279751999919, -76.161065362999921 ], [ -148.591420050999915, -76.11687590899993 ], [ -148.425404425999915, -76.089450778999947 ], [ -148.197092251999919, -76.087090752999927 ], [ -147.164458787999905, -76.232191664999903 ], [ -147.216297980999911, -76.240899346999925 ], [ -146.956654425999915, -76.298923434999949 ], [ -146.760975714999915, -76.312269789999903 ], [ -146.597564256999902, -76.359633070999905 ], [ -146.494455532999922, -76.326755466999941 ], [ -146.393055792999917, -76.390232028999947 ], [ -146.250721808999913, -76.423760674999926 ], [ -146.169178839999915, -76.408623955999929 ], [ -146.005441860999923, -76.416761976999908 ], [ -145.934071417999917, -76.442803643999923 ], [ -145.718373175999915, -76.464939059999949 ], [ -145.354644334999904, -76.434502862999921 ], [ -145.538644985999923, -76.315524997999944 ], [ -145.909087693999908, -76.259209893999923 ], [ -146.499623175999915, -76.087009372999944 ], [ -146.437652147999927, -76.05006275799991 ], [ -146.363392706999917, -76.037855726999908 ], [ -146.37759355399993, -76.014336846999925 ], [ -146.290516730999911, -75.994805596999925 ], [ -146.303456183999913, -75.965508721999925 ], [ -146.20921790299991, -75.915459893999923 ], [ -145.950835740999906, -75.882582289999903 ], [ -145.18032792899993, -75.907159112999921 ], [ -145.213612433999913, -75.893487237999921 ], [ -144.89122473899991, -75.840915622999944 ], [ -144.590402798999918, -75.843357028999947 ], [ -144.387928839999915, -75.812676690999922 ], [ -144.22130286399991, -75.821221612999921 ], [ -144.16038977799991, -75.80396900799991 ], [ -144.204701300999915, -75.749444268999923 ], [ -144.202504035999908, -75.718519789999903 ], [ -143.971831834999932, -75.696058851999908 ], [ -143.995594855999911, -75.674899997999944 ], [ -144.199045376999919, -75.661228122999944 ], [ -144.357248501999919, -75.623955987999921 ], [ -144.088978644999912, -75.614190362999921 ], [ -143.391835089999915, -75.538262627999927 ], [ -142.679432745999918, -75.56178150799991 ], [ -142.616078253999945, -75.540215752999927 ], [ -142.537180141999897, -75.53679778399993 ], [ -142.514027472999942, -75.51881275799991 ], [ -142.578236456999889, -75.451267184999949 ], [ -142.46703040299991, -75.431735934999949 ], [ -142.130197719999899, -75.460870049999926 ], [ -142.031239386999914, -75.495538018999923 ], [ -141.911854620999918, -75.50359465899993 ], [ -141.861398891999897, -75.52117278399993 ], [ -141.690541144999941, -75.653741143999923 ], [ -141.647450324999909, -75.706801039999903 ], [ -141.527170376999891, -75.767510674999926 ], [ -141.41624915299991, -75.764092705999929 ], [ -141.379505988999938, -75.73951588299991 ], [ -140.912953253999945, -75.762383721999925 ], [ -140.826079881999931, -75.801039320999905 ], [ -140.646473761999914, -75.807224216999941 ], [ -140.776478644999941, -75.743910414999903 ], [ -140.684885219999899, -75.746026299999926 ], [ -140.837228969999899, -75.68287525799991 ], [ -141.238433397999927, -75.598728122999944 ], [ -141.298166469999899, -75.566176039999903 ], [ -141.326527472999942, -75.526788018999923 ], [ -141.298817511999914, -75.50164153399993 ], [ -141.230458136999914, -75.492364190999922 ], [ -140.927479620999918, -75.511488539999903 ], [ -140.819650844999899, -75.53093840899993 ], [ -140.277007615999935, -75.432549737999921 ], [ -140.217355923999889, -75.410251559999949 ], [ -140.198557094999899, -75.392510674999926 ], [ -140.218820766999897, -75.375176690999922 ], [ -140.157053188999896, -75.340590101999908 ], [ -139.849720831999889, -75.240655205999929 ], [ -139.674183722999942, -75.218519789999903 ], [ -139.676991339999915, -75.196384372999944 ], [ -139.659413214999915, -75.176364841999941 ], [ -139.56663977799991, -75.148044528999947 ], [ -139.351429816999939, -75.14771900799991 ], [ -139.204253709999932, -75.124932549999926 ], [ -139.034250454999892, -75.140720309999949 ], [ -137.904286261999914, -75.105564059999949 ], [ -137.742339647999927, -75.060642184999949 ], [ -137.477447068999936, -75.088148695999905 ], [ -137.094878709999932, -75.179864190999922 ], [ -136.995228644999941, -75.144789320999905 ], [ -136.346018032999893, -75.177829684999949 ], [ -136.381988084999932, -75.146091403999947 ], [ -136.430083787999934, -75.133884372999944 ], [ -136.335031704999892, -75.125420830999929 ], [ -136.374379035999937, -75.108086846999925 ], [ -137.009877081999946, -75.009860934999949 ], [ -136.885609503999945, -74.981377862999921 ], [ -136.864328579999892, -74.964613539999903 ], [ -136.891224738999938, -74.880303643999923 ], [ -136.884877081999946, -74.828301690999922 ], [ -136.834299282999893, -74.760430596999925 ], [ -136.794300910999937, -74.749932549999926 ], [ -136.565297003999945, -74.758558851999908 ], [ -136.22484290299991, -74.701429945999905 ], [ -136.122954881999931, -74.701104424999926 ], [ -135.936146613999938, -74.723565362999921 ], [ -135.856068488999938, -74.749769789999903 ], [ -135.70181230399993, -74.74732838299991 ], [ -135.647816535999937, -74.713474216999941 ], [ -135.700103318999936, -74.677992445999905 ], [ -135.495472785999937, -74.581231377999927 ], [ -135.419992641999897, -74.565118096999925 ], [ -135.342396613999938, -74.560153903999947 ], [ -134.518625454999892, -74.643243096999925 ], [ -134.48892167899993, -74.65748463299991 ], [ -134.501372850999928, -74.676853122999944 ], [ -134.586252407999893, -74.736260674999926 ], [ -134.515248175999943, -74.780857028999947 ], [ -134.373036261999914, -74.811700127999927 ], [ -134.377552863999938, -74.829196872999944 ], [ -134.41470292899993, -74.858982028999947 ], [ -134.355620897999927, -74.87037525799991 ], [ -134.176136847999942, -74.854913018999923 ], [ -134.058990037999934, -74.884942315999922 ], [ -133.929188605999911, -74.884209893999923 ], [ -133.953724738999938, -74.89576588299991 ], [ -133.948109503999945, -74.920342705999929 ], [ -133.865549282999893, -74.928317966999941 ], [ -133.318226691999939, -74.834893487999921 ], [ -133.199818488999938, -74.840264580999929 ], [ -132.791167772999927, -74.768649997999944 ], [ -132.761219855999911, -74.768487237999921 ], [ -132.635731574999909, -74.818942966999941 ], [ -132.578724738999938, -74.825778903999947 ], [ -132.093129035999937, -74.763278903999947 ], [ -131.778797980999911, -74.78093840899993 ], [ -131.555409308999913, -74.845961195999905 ], [ -131.012806769999941, -74.816501559999949 ], [ -130.954660610999895, -74.831149997999944 ], [ -130.815825975999928, -74.81568775799991 ], [ -130.731922980999911, -74.838636976999908 ], [ -129.975087042999917, -74.913262627999927 ], [ -129.274647589999915, -74.840752862999921 ], [ -129.227609829999892, -74.820570570999905 ], [ -128.711496548999946, -74.822523695999905 ], [ -128.473011847999942, -74.763441664999903 ], [ -128.005034959999932, -74.741306247999944 ], [ -127.959136522999927, -74.717705987999921 ], [ -127.850493943999936, -74.726332289999903 ], [ -127.795969204999892, -74.703871351999908 ], [ -127.629872199999909, -74.719821872999944 ], [ -127.352365688999896, -74.706801039999903 ], [ -127.244740363999938, -74.680108330999929 ], [ -127.125803188999896, -74.689711195999905 ], [ -126.939076300999943, -74.676690362999921 ], [ -126.594634568999936, -74.742445570999905 ], [ -126.113433397999927, -74.761488539999903 ], [ -126.056060350999928, -74.748223565999922 ], [ -125.933583136999914, -74.752536716999941 ], [ -125.740061001999891, -74.70476653399993 ], [ -124.935943162999934, -74.715101820999905 ], [ -124.826324022999927, -74.73601653399993 ], [ -124.476429816999939, -74.713636976999908 ], [ -124.423003709999932, -74.721449476999908 ], [ -124.365630662999934, -74.706963799999926 ], [ -124.307362433999913, -74.712334893999923 ], [ -124.19985917899993, -74.74732838299991 ], [ -124.051340298999946, -74.811130466999941 ], [ -123.466135219999899, -74.781833591999941 ], [ -123.344146287999934, -74.756442966999941 ], [ -123.217844204999892, -74.755629164999903 ], [ -123.224436001999948, -74.774834893999923 ], [ -123.118234829999892, -74.796319268999923 ], [ -123.009877081999946, -74.796482028999947 ], [ -122.836252407999893, -74.765720309999949 ], [ -122.723378058999913, -74.776055596999925 ], [ -122.454823370999918, -74.753350518999923 ], [ -122.333119269999941, -74.77662525799991 ], [ -122.200021938999896, -74.753838799999926 ], [ -122.003895636999914, -74.775160414999903 ], [ -121.912831183999913, -74.765557549999926 ], [ -121.772531704999892, -74.786065362999921 ], [ -121.743478969999899, -74.75709400799991 ], [ -121.715687628999945, -74.751071872999944 ], [ -121.474924282999893, -74.755791924999926 ], [ -121.43382727799991, -74.735039971999925 ], [ -121.254628058999913, -74.724704684999949 ], [ -121.317697719999899, -74.74773528399993 ], [ -121.203114386999914, -74.755954684999949 ], [ -121.043365037999934, -74.71607838299991 ], [ -120.946644660999937, -74.747816664999903 ], [ -120.829335089999915, -74.739841403999947 ], [ -120.71703040299991, -74.713311455999929 ], [ -120.153960740999935, -74.660088799999926 ], [ -119.897328253999945, -74.681898695999905 ], [ -119.543771938999896, -74.64226653399993 ], [ -119.421050584999932, -74.657647393999923 ], [ -119.321156378999945, -74.616631768999923 ], [ -119.13499915299991, -74.598077080999929 ], [ -118.867054816999939, -74.602471612999921 ], [ -118.679595506999931, -74.56373463299991 ], [ -118.62913977799991, -74.545179945999905 ], [ -118.616525844999899, -74.522230726999908 ], [ -118.647084113999938, -74.50945403399993 ], [ -119.138254360999895, -74.503350518999923 ], [ -119.069650844999899, -74.439629815999922 ], [ -118.975493943999936, -74.404229424999926 ], [ -118.123890753999945, -74.312758070999905 ], [ -117.970814581999946, -74.258070570999905 ], [ -117.922759568999936, -74.272149346999925 ], [ -117.849191860999895, -74.316338799999926 ], [ -117.841135219999899, -74.337660414999903 ], [ -117.978138800999943, -74.399834893999923 ], [ -117.913929816999939, -74.41961028399993 ], [ -117.809193488999938, -74.414727471999925 ], [ -117.792836066999939, -74.431410414999903 ], [ -117.882720506999931, -74.469821872999944 ], [ -117.84398352799991, -74.510023695999905 ], [ -117.785755988999938, -74.517510674999926 ], [ -117.66234290299991, -74.503350518999923 ], [ -117.489979620999918, -74.534763278999947 ], [ -117.341216600999928, -74.546807549999926 ], [ -117.142445441999939, -74.53484465899993 ], [ -116.693470831999946, -74.55787525799991 ], [ -116.462880011999914, -74.511163018999923 ], [ -116.296050584999932, -74.51921965899993 ], [ -116.211903449999909, -74.494561455999929 ], [ -116.151844855999911, -74.504164320999905 ], [ -116.050200975999928, -74.49732838299991 ], [ -116.097523566999939, -74.466892184999949 ], [ -116.100982225999928, -74.447686455999929 ], [ -116.084136522999927, -74.419122002999927 ], [ -115.906727667999917, -74.385430596999925 ], [ -115.928212042999917, -74.422458591999941 ], [ -115.888295050999943, -74.455987237999921 ], [ -115.793568488999938, -74.501153252999927 ], [ -115.649322068999936, -74.53093840899993 ], [ -115.416859503999945, -74.511163018999923 ], [ -115.237172003999945, -74.515069268999923 ], [ -115.023915167999917, -74.482517184999949 ], [ -114.874338344999899, -74.481622002999927 ], [ -114.838490363999938, -74.471449476999908 ], [ -114.883656378999945, -74.436618747999944 ], [ -114.891102667999917, -74.398207289999903 ], [ -114.842396613999938, -74.385023695999905 ], [ -114.994496222999942, -74.324639580999929 ], [ -115.067982550999943, -74.256442966999941 ], [ -115.091460740999935, -74.205824476999908 ], [ -115.123768683999913, -74.173028252999927 ], [ -115.126088019999941, -74.151055596999925 ], [ -115.08267167899993, -74.11296965899993 ], [ -115.124867316999939, -74.094903252999927 ], [ -115.022206183999913, -74.046644789999903 ], [ -114.912912563999896, -74.01685963299991 ], [ -114.944976365999935, -73.994398695999905 ], [ -114.813343878999945, -73.963636976999908 ], [ -114.796864386999914, -73.938897393999923 ], [ -114.505360480999911, -73.920017184999949 ], [ -114.374379035999937, -73.881524346999925 ], [ -114.210031704999892, -73.863457940999922 ], [ -113.951771613999938, -73.914646091999941 ], [ -114.011301235999895, -73.968357028999947 ], [ -114.286000128999945, -74.059177341999941 ], [ -114.242339647999927, -74.078301690999922 ], [ -113.892486131999931, -74.02271900799991 ], [ -113.611195441999939, -74.025160414999903 ], [ -113.562001105999911, -74.035251559999949 ], [ -113.439605272999927, -74.099704684999949 ], [ -113.426136847999942, -74.119886976999908 ], [ -113.44554602799991, -74.12664153399993 ], [ -113.447010870999918, -74.142754815999922 ], [ -113.422027147999927, -74.174899997999944 ], [ -113.883208787999934, -74.237074476999908 ], [ -113.947824673999946, -74.256442966999941 ], [ -113.804554816999939, -74.27662525799991 ], [ -113.749908006999931, -74.273207289999903 ], [ -113.685170050999943, -74.29656340899993 ], [ -113.80532792899993, -74.342705987999921 ], [ -113.802235480999911, -74.392754815999922 ], [ -113.748361782999893, -74.411309502999927 ], [ -113.801258917999917, -74.451836846999925 ], [ -113.731068488999938, -74.469821872999944 ], [ -113.657460089999915, -74.466403903999947 ], [ -113.512440558999913, -74.431247653999947 ], [ -113.225087042999917, -74.402113539999903 ], [ -113.263010219999899, -74.45086028399993 ], [ -113.310943162999934, -74.480726820999905 ], [ -113.621937628999945, -74.581149997999944 ], [ -114.05923417899993, -74.628350518999923 ], [ -114.146107550999943, -74.660414320999905 ], [ -114.325795050999943, -74.681898695999905 ], [ -114.357004360999895, -74.695896091999941 ], [ -114.265736456999946, -74.71607838299991 ], [ -114.15298417899993, -74.715264580999929 ], [ -113.915353969999899, -74.679945570999905 ], [ -113.861805792999917, -74.689060153999947 ], [ -113.826730923999946, -74.712985934999949 ], [ -113.842396613999938, -74.748711846999925 ], [ -113.919545050999943, -74.78289153399993 ], [ -113.935617641999897, -74.80201588299991 ], [ -113.969634568999936, -74.884860934999949 ], [ -114.019032355999911, -74.912204684999949 ], [ -114.142079230999911, -74.935804945999905 ], [ -114.269683397999927, -75.003838799999926 ], [ -114.278065558999913, -75.019707940999922 ], [ -114.238636847999942, -75.053399346999925 ], [ -114.105783657999893, -75.068942966999941 ], [ -113.964426235999895, -75.037774346999925 ], [ -113.888295050999943, -75.035902601999908 ], [ -113.789662238999938, -74.977471612999921 ], [ -113.734934048999946, -74.960381768999923 ], [ -113.654896613999938, -74.965508721999925 ], [ -113.443918423999946, -74.948988539999903 ], [ -112.917795376999948, -74.873142184999949 ], [ -112.675770636999914, -74.898044528999947 ], [ -112.624338344999899, -74.852146091999941 ], [ -112.570179816999939, -74.846368096999925 ], [ -112.245757615999935, -74.86256275799991 ], [ -112.213734503999945, -74.83717213299991 ], [ -112.075754360999895, -74.808851820999905 ], [ -111.542632615999935, -74.801527601999908 ], [ -111.560210740999935, -74.781345309999949 ], [ -111.557606574999909, -74.762302341999941 ], [ -111.514963344999899, -74.73992278399993 ], [ -111.550119594999899, -74.722832940999922 ], [ -111.666859503999945, -74.736260674999926 ], [ -111.710438605999911, -74.721449476999908 ], [ -111.806304490999935, -74.656426690999922 ], [ -111.916818813999896, -74.61842213299991 ], [ -111.926136847999942, -74.551202080999929 ], [ -111.900461391999897, -74.521905205999929 ], [ -111.818186001999948, -74.490899346999925 ], [ -111.485218878999945, -74.501071872999944 ], [ -111.325550910999937, -74.475518487999921 ], [ -111.357533331999946, -74.459242445999905 ], [ -111.478505011999914, -74.455336195999905 ], [ -111.740793423999946, -74.409763278999947 ], [ -111.887115037999934, -74.315362237999921 ], [ -111.904774542999917, -74.282403252999927 ], [ -111.877064581999946, -74.252536716999941 ], [ -111.906320766999897, -74.241957289999903 ], [ -111.887033657999893, -74.228610934999949 ], [ -111.815174933999913, -74.222751559999949 ], [ -111.649810350999928, -74.174899997999944 ], [ -111.592640753999945, -74.172458591999941 ], [ -111.230783657999893, -74.196709893999923 ], [ -111.046376105999911, -74.239434502999927 ], [ -111.006255662999934, -74.263441664999903 ], [ -110.888295050999943, -74.281996351999908 ], [ -110.827463344999899, -74.32350025799991 ], [ -110.796620245999918, -74.326755466999941 ], [ -110.741363084999932, -74.320245049999926 ], [ -110.668812628999945, -74.240492445999905 ], [ -110.55492102799991, -74.244073174999926 ], [ -110.448597785999937, -74.271254164999903 ], [ -110.248199022999927, -74.372247002999927 ], [ -110.44554602799991, -74.409356377999927 ], [ -110.35179602799991, -74.440199476999908 ], [ -110.192860480999911, -74.432305596999925 ], [ -110.122181769999941, -74.478285414999903 ], [ -110.135324673999946, -74.496840101999908 ], [ -110.103138800999943, -74.548597914999903 ], [ -110.136708136999914, -74.600192966999941 ], [ -110.243560350999928, -74.611423434999949 ], [ -110.31704667899993, -74.655450127999927 ], [ -110.320708787999934, -74.666273695999905 ], [ -110.248402472999942, -74.704685153999947 ], [ -110.241607225999928, -74.722832940999922 ], [ -110.247222459999932, -74.752536716999941 ], [ -110.294422980999911, -74.781914971999925 ], [ -110.472320115999935, -74.821872653999947 ], [ -110.675445115999935, -74.82935963299991 ], [ -110.850209113999938, -74.931084893999923 ], [ -110.989125128999945, -74.981052341999941 ], [ -111.256662563999896, -75.019952080999929 ], [ -111.382720506999931, -75.07350025799991 ], [ -111.526844855999911, -75.108005466999941 ], [ -111.57835852799991, -75.128838799999926 ], [ -111.600738084999932, -75.155205987999921 ], [ -111.490834113999938, -75.157647393999923 ], [ -111.618723110999895, -75.197360934999949 ], [ -111.481068488999938, -75.195733330999929 ], [ -111.364125128999945, -75.234307549999926 ], [ -111.304188605999911, -75.240899346999925 ], [ -111.129872199999909, -75.202080987999921 ], [ -110.445912238999938, -75.192966403999947 ], [ -110.337880011999914, -75.226657809999949 ], [ -110.172840949999909, -75.239190362999921 ], [ -109.994252081999946, -75.220310153999947 ], [ -109.867176886999914, -75.230645440999922 ], [ -109.692860480999911, -75.146091403999947 ], [ -108.103667772999927, -75.256524346999925 ], [ -107.866078253999945, -75.32350025799991 ], [ -107.387684699999909, -75.312920830999929 ], [ -107.290760870999918, -75.340997002999927 ], [ -107.192941860999895, -75.34303150799991 ], [ -107.114328579999949, -75.308851820999905 ], [ -106.904896613999938, -75.309991143999923 ], [ -106.815174933999913, -75.330498955999929 ], [ -106.714507615999935, -75.333591403999947 ], [ -106.655384894999941, -75.37037525799991 ], [ -106.591297980999911, -75.37859465899993 ], [ -106.525217251999948, -75.372816664999903 ], [ -106.481027798999946, -75.355238539999903 ], [ -106.449126756999931, -75.316827080999929 ], [ -105.716949022999927, -75.25164153399993 ], [ -105.661691860999895, -75.220310153999947 ], [ -105.141753709999932, -75.18132903399993 ], [ -105.10415605399993, -75.167087497999944 ], [ -105.096302863999938, -75.124118747999944 ], [ -105.026478644999941, -75.107842705999929 ], [ -104.836252407999893, -75.106622002999927 ], [ -104.760853644999941, -75.141289971999925 ], [ -104.550648566999939, -75.160739841999941 ], [ -104.334828253999945, -75.124769789999903 ], [ -104.101389126999948, -75.12078215899993 ], [ -103.931141730999911, -75.153903903999947 ], [ -103.812163865999935, -75.153008721999925 ], [ -103.295969204999949, -75.085381768999923 ], [ -102.596547003999945, -75.129001559999949 ], [ -102.438872850999928, -75.109144789999903 ], [ -102.340728318999936, -75.130466403999947 ], [ -102.077504035999937, -75.129571221999925 ], [ -101.859283006999931, -75.105645440999922 ], [ -101.760731574999909, -75.082940362999921 ], [ -101.654286261999914, -75.100355726999908 ], [ -101.598622199999909, -75.11882903399993 ], [ -101.564198370999918, -75.146742445999905 ], [ -101.554432745999918, -75.196709893999923 ], [ -101.631418423999946, -75.262790622999944 ], [ -101.656849738999938, -75.305352471999925 ], [ -101.534413214999915, -75.348321221999925 ], [ -101.148589647999927, -75.371758721999925 ], [ -101.160023566999939, -75.39381275799991 ], [ -101.154774542999917, -75.413669528999947 ], [ -101.112700975999928, -75.432061455999929 ], [ -100.628570115999935, -75.391696872999944 ], [ -100.435699022999927, -75.350518487999921 ], [ -100.222279425999943, -75.360121351999908 ], [ -100.109934048999946, -75.38640715899993 ], [ -99.831613735999895, -75.329847914999903 ], [ -99.431385870999918, -75.303399346999925 ], [ -99.01431230399993, -75.33953215899993 ], [ -98.945668097999942, -75.317071221999925 ], [ -98.772043423999946, -75.320977471999925 ], [ -98.641957160999937, -75.309502862999921 ], [ -98.579335089999915, -75.273614190999922 ], [ -98.402211066999939, -75.236423434999949 ], [ -98.429839647999927, -75.217868747999944 ], [ -98.478586391999897, -75.215590101999908 ], [ -98.744211391999897, -75.224541924999926 ], [ -98.434315558999913, -75.133396091999941 ], [ -98.547718878999945, -75.123467705999929 ], [ -98.89907792899993, -75.174981377999927 ], [ -99.040028449999909, -75.14617278399993 ], [ -99.379709438999896, -75.112725518999923 ], [ -99.335438605999911, -75.076348565999922 ], [ -99.323963995999918, -74.96257903399993 ], [ -99.383412238999938, -74.926690362999921 ], [ -99.438465949999909, -74.913262627999927 ], [ -99.602040167999917, -74.94654713299991 ], [ -99.741281704999949, -74.924899997999944 ], [ -99.884429490999935, -74.921970309999949 ], [ -100.105091925999943, -74.943129164999903 ], [ -100.341053839999915, -74.926527601999908 ], [ -100.522287563999896, -74.890883070999905 ], [ -100.543812628999945, -74.873711846999925 ], [ -100.528635219999899, -74.855238539999903 ], [ -100.363107876999948, -74.840427341999941 ], [ -100.149159308999913, -74.859144789999903 ], [ -100.083363410999937, -74.846123955999929 ], [ -100.012318488999938, -74.795668226999908 ], [ -99.919300910999937, -74.769789320999905 ], [ -100.010609503999945, -74.731866143999923 ], [ -100.110178188999896, -74.716241143999923 ], [ -100.01789303299995, -74.643649997999944 ], [ -100.113433397999927, -74.631036065999922 ], [ -100.052805141999897, -74.601739190999922 ], [ -99.876616990999935, -74.577325127999927 ], [ -99.800852016999897, -74.536716403999947 ], [ -99.928130662999934, -74.507745049999926 ], [ -100.031971808999913, -74.508396091999941 ], [ -100.130726691999939, -74.473402601999908 ], [ -100.24640865799995, -74.489678643999923 ], [ -100.43578040299991, -74.475681247999944 ], [ -100.599517381999931, -74.484551690999922 ], [ -100.927316860999895, -74.550551039999903 ], [ -101.395904100999928, -74.502699476999908 ], [ -101.462635870999918, -74.47625090899993 ], [ -101.37718665299991, -74.425551039999903 ], [ -101.424224412999934, -74.412774346999925 ], [ -101.434315558999913, -74.397230726999908 ], [ -101.428700324999909, -74.37428150799991 ], [ -101.306630011999914, -74.306573174999926 ], [ -101.295033331999946, -74.274834893999923 ], [ -101.426380988999938, -74.279961846999925 ], [ -101.359934048999946, -74.245293877999927 ], [ -101.36546790299991, -74.19890715899993 ], [ -101.405018683999913, -74.160088799999926 ], [ -101.433705206999946, -74.154473565999922 ], [ -101.427113410999937, -74.129001559999949 ], [ -101.439198370999918, -74.11646900799991 ], [ -101.535145636999914, -74.073174737999921 ], [ -101.556792772999927, -74.023044528999947 ], [ -101.589222785999937, -74.000176690999922 ], [ -101.901437954999949, -73.997247002999927 ], [ -102.063710089999915, -73.957452080999929 ], [ -102.229400193999936, -73.962497653999947 ], [ -102.393666144999941, -73.931817315999922 ], [ -102.733265753999945, -73.93718840899993 ], [ -102.848622199999909, -73.92156340899993 ], [ -102.896392381999931, -73.902113539999903 ], [ -102.923329230999911, -73.857517184999949 ], [ -102.788970506999931, -73.748793226999908 ], [ -102.803944464999915, -73.716973565999922 ], [ -102.978260870999918, -73.682224216999941 ], [ -102.986887173999946, -73.674981377999927 ], [ -102.98265540299991, -73.621026299999926 ], [ -102.998646613999938, -73.609633070999905 ], [ -102.950998501999948, -73.58912525799991 ], [ -102.889759894999941, -73.585544528999947 ], [ -101.911976691999939, -73.63640715899993 ], [ -101.800526495999918, -73.663262627999927 ], [ -101.385365363999938, -73.667168877999927 ], [ -101.273426886999914, -73.695570570999905 ], [ -101.250599738999938, -73.748304945999905 ], [ -101.163929816999939, -73.770684502999927 ], [ -100.632069464999915, -73.782159112999921 ], [ -100.587228969999899, -73.747491143999923 ], [ -100.533558722999942, -73.751885674999926 ], [ -100.458607550999943, -73.726169528999947 ], [ -99.86742102799991, -73.733086846999925 ], [ -99.66860917899993, -73.70240650799991 ], [ -99.584543423999946, -73.706963799999926 ], [ -99.472075975999928, -73.675551039999903 ], [ -99.585926886999914, -73.634860934999949 ], [ -99.497303839999915, -73.618584893999923 ], [ -99.210113084999932, -73.64421965899993 ], [ -98.814361131999931, -73.632256768999923 ], [ -98.867746548999946, -73.593926690999922 ], [ -99.485259568999936, -73.547458591999941 ], [ -99.587717251999948, -73.522637627999927 ], [ -99.551584438999896, -73.499769789999903 ], [ -99.502349412999934, -73.489353122999944 ], [ -99.405588344999899, -73.486586195999905 ], [ -99.60024980399993, -73.448174737999921 ], [ -99.714914516999897, -73.467705987999921 ], [ -99.730458136999914, -73.448418877999927 ], [ -99.711333787999934, -73.398858330999929 ], [ -99.734120245999918, -73.372979424999926 ], [ -99.768055792999917, -73.364190362999921 ], [ -101.120350714999915, -73.329522393999923 ], [ -101.212635870999918, -73.315362237999921 ], [ -101.694203253999945, -73.335870049999926 ], [ -101.856597459999932, -73.304457289999903 ], [ -102.602609829999949, -73.330743096999925 ], [ -102.873646613999938, -73.308200778999947 ], [ -102.986887173999946, -73.23796965899993 ], [ -103.044056769999941, -73.224541924999926 ], [ -103.117502407999893, -73.185967705999929 ], [ -103.266428188999896, -73.16725025799991 ], [ -103.306711391999897, -73.147149346999925 ], [ -103.315907355999911, -73.130954684999949 ], [ -103.307484503999945, -73.116306247999944 ], [ -103.239572719999899, -73.07781340899993 ], [ -103.287831183999913, -73.047784112999921 ], [ -103.261341925999943, -73.006605726999908 ], [ -103.333851691999939, -72.961521091999941 ], [ -103.403797980999911, -72.863539320999905 ], [ -103.42992102799991, -72.849379164999903 ], [ -103.298573370999918, -72.757582289999903 ], [ -103.041411912999934, -72.707614841999941 ], [ -102.328602667999917, -72.738051039999903 ], [ -102.269927537999934, -72.754652601999908 ], [ -102.09398352799991, -72.771742445999905 ], [ -102.168812628999945, -72.80982838299991 ], [ -102.148304816999939, -72.830498955999929 ], [ -102.197661912999934, -72.86060963299991 ], [ -102.161203579999949, -72.880303643999923 ], [ -102.188628709999932, -72.894463799999926 ], [ -102.291859503999945, -72.908949476999908 ], [ -102.351144985999895, -72.938409112999921 ], [ -102.427561001999948, -72.940362237999921 ], [ -102.484852667999917, -72.962090752999927 ], [ -102.554269985999895, -72.963474216999941 ], [ -102.716908331999946, -72.99773528399993 ], [ -102.676747199999909, -73.005303643999923 ], [ -102.076649542999917, -72.978448174999926 ], [ -101.983998175999943, -72.986993096999925 ], [ -101.997059699999909, -73.039727471999925 ], [ -101.960316535999937, -73.055596612999921 ], [ -101.397206183999913, -73.013441664999903 ], [ -101.310170050999943, -72.990817966999941 ], [ -100.76593990799995, -72.976006768999923 ], [ -100.658680792999917, -73.010511976999908 ], [ -100.318267381999931, -73.068780205999929 ], [ -100.141957160999937, -73.022637627999927 ], [ -100.023264126999948, -73.024021091999941 ], [ -99.853586391999897, -72.995538018999923 ], [ -99.682240363999938, -73.01726653399993 ], [ -97.71743730399993, -73.025323174999926 ], [ -97.835438605999911, -73.110446872999944 ], [ -97.981190558999913, -73.169366143999923 ], [ -97.928822394999941, -73.188409112999921 ], [ -97.81663977799991, -73.201267184999949 ], [ -97.761138475999928, -73.194105726999908 ], [ -97.602609829999949, -73.136163018999923 ], [ -97.418853318999936, -73.124932549999926 ], [ -97.335072394999941, -73.149346612999921 ], [ -97.225738084999932, -73.153090101999908 ], [ -97.15656490799995, -73.185967705999929 ], [ -96.992095506999931, -73.191989841999941 ], [ -96.912098761999914, -73.229180596999925 ], [ -96.474964972999942, -73.299493096999925 ], [ -95.842681443999936, -73.331475518999923 ], [ -95.794585740999935, -73.275648695999905 ], [ -95.746571417999917, -73.255059502999927 ], [ -95.688588019999941, -73.244398695999905 ], [ -95.511341925999943, -73.244805596999925 ], [ -95.338612433999913, -73.220147393999923 ], [ -95.278309699999909, -73.227146091999941 ], [ -95.193755662999934, -73.209079684999949 ], [ -95.003163214999915, -73.244073174999926 ], [ -94.577992316999939, -73.235528252999927 ], [ -94.335804816999939, -73.32154713299991 ], [ -94.131011522999927, -73.312595309999949 ], [ -93.935902472999942, -73.279473565999922 ], [ -93.774322068999936, -73.216241143999923 ], [ -93.697010870999918, -73.212334893999923 ], [ -93.634266730999911, -73.223809502999927 ], [ -93.616281704999949, -73.216566664999903 ], [ -93.599029100999928, -73.183038018999923 ], [ -93.571644660999937, -73.175225518999923 ], [ -93.022694464999915, -73.193129164999903 ], [ -92.801380988999938, -73.142754815999922 ], [ -92.76984615799995, -73.149102471999925 ], [ -92.742298956999946, -73.178317966999941 ], [ -92.718332485999895, -73.183770440999922 ], [ -92.539865688999896, -73.166110934999949 ], [ -91.953846808999913, -73.184502862999921 ], [ -91.933664516999897, -73.191176039999903 ], [ -91.919300910999937, -73.224216403999947 ], [ -91.843617316999939, -73.255059502999927 ], [ -91.662993943999936, -73.245212497999944 ], [ -91.114857550999943, -73.300713799999926 ], [ -91.077381964999915, -73.336602471999925 ], [ -90.759917772999927, -73.308200778999947 ], [ -90.648915167999917, -73.277601820999905 ], [ -90.534291144999941, -73.280205987999921 ], [ -90.16079667899993, -73.139743747999944 ], [ -90.070301886999914, -73.142998955999929 ], [ -89.946848110999952, -73.127211195999905 ], [ -89.745594855999911, -73.14226653399993 ], [ -89.536732550999943, -73.104261976999908 ], [ -89.443186001999948, -73.120863539999903 ], [ -89.230295376999948, -73.111260674999926 ], [ -89.281727667999917, -73.062595309999949 ], [ -89.280018683999913, -73.037692966999941 ], [ -89.087961391999897, -72.960056247999944 ], [ -89.054066535999937, -72.929131768999923 ], [ -89.119252081999946, -72.902520440999922 ], [ -89.099517381999931, -72.808363539999903 ], [ -89.110503709999932, -72.764336846999925 ], [ -89.171376105999911, -72.730564059999949 ], [ -89.358265753999945, -72.67701588299991 ], [ -89.424712693999936, -72.643487237999921 ], [ -89.348500128999945, -72.634535414999903 ], [ -88.223500128999945, -72.712334893999923 ], [ -88.173491990999935, -72.73211028399993 ], [ -88.13890540299991, -72.762139580999929 ], [ -88.108754035999937, -72.843357028999947 ], [ -88.286122199999909, -72.899590752999927 ], [ -88.406320766999897, -72.918389580999929 ], [ -88.433583136999914, -72.935967705999929 ], [ -88.441232876999948, -72.956149997999944 ], [ -88.393666144999941, -72.990492445999905 ], [ -88.419300910999937, -73.021091403999947 ], [ -88.714019334999932, -73.119805596999925 ], [ -88.566395636999914, -73.16529713299991 ], [ -88.478342251999948, -73.242933851999908 ], [ -88.40689042899993, -73.270603122999944 ], [ -88.229725714999915, -73.212823174999926 ], [ -88.152333136999914, -73.209893487999921 ], [ -88.057769334999932, -73.24342213299991 ], [ -87.921498175999943, -73.252699476999908 ], [ -87.824777798999946, -73.221123955999929 ], [ -87.648793097999942, -73.194512627999927 ], [ -87.504953579999949, -73.201104424999926 ], [ -87.349517381999931, -73.16961028399993 ], [ -87.323557094999899, -73.184258721999925 ], [ -87.33234615799995, -73.202080987999921 ], [ -87.393666144999941, -73.22625090899993 ], [ -87.358306443999936, -73.256117445999905 ], [ -87.134510870999918, -73.287204684999949 ], [ -87.110747850999928, -73.309747002999927 ], [ -87.13345292899993, -73.352471612999921 ], [ -87.04133053299995, -73.377211195999905 ], [ -86.946522589999915, -73.383558851999908 ], [ -86.666615363999938, -73.372002862999921 ], [ -86.594593878999945, -73.348809502999927 ], [ -86.460357225999928, -73.337334893999923 ], [ -86.413889126999948, -73.311944268999923 ], [ -86.367746548999946, -73.262790622999944 ], [ -86.317005988999938, -73.257989190999922 ], [ -86.222279425999943, -73.277601820999905 ], [ -86.071197068999936, -73.24732838299991 ], [ -85.986073370999918, -73.201836846999925 ], [ -85.886830206999946, -73.176934502999927 ], [ -85.782582160999937, -73.169122002999927 ], [ -85.678618943999936, -73.177504164999903 ], [ -85.58039303299995, -73.20045338299991 ], [ -85.658599412999934, -73.222100518999923 ], [ -85.664906378999945, -73.255059502999927 ], [ -85.594715949999909, -73.283461195999905 ], [ -85.564076300999943, -73.334893487999921 ], [ -85.503732876999948, -73.352959893999923 ], [ -85.542876756999931, -73.371840101999908 ], [ -85.531605597999942, -73.385349216999941 ], [ -85.439849412999934, -73.410088799999926 ], [ -85.339507615999935, -73.396254164999903 ], [ -85.101470506999931, -73.487074476999908 ], [ -84.850331183999913, -73.532321872999944 ], [ -84.466908331999946, -73.569431247999944 ], [ -84.113026495999918, -73.549574476999908 ], [ -84.041005011999914, -73.567966403999947 ], [ -83.948963995999918, -73.545993747999944 ], [ -83.864613410999937, -73.565362237999921 ], [ -83.751698370999918, -73.56023528399993 ], [ -83.759755011999914, -73.634942315999922 ], [ -83.836089647999927, -73.644952080999929 ], [ -83.881581183999913, -73.666680596999925 ], [ -83.808745897999927, -73.693780205999929 ], [ -83.820383266999897, -73.722832940999922 ], [ -83.809315558999913, -73.741306247999944 ], [ -83.691029425999943, -73.726657809999949 ], [ -83.665760870999918, -73.728448174999926 ], [ -83.631662563999896, -73.752211195999905 ], [ -83.553456183999913, -73.730645440999922 ], [ -83.519195115999935, -73.737074476999908 ], [ -83.488636847999942, -73.701918226999908 ], [ -83.450103318999936, -73.68523528399993 ], [ -83.295765753999945, -73.706149997999944 ], [ -82.933705206999946, -73.710381768999923 ], [ -82.714263475999928, -73.744235934999949 ], [ -82.673980272999927, -73.770114841999941 ], [ -82.601185675999943, -73.768731377999927 ], [ -82.34829667899993, -73.826348565999922 ], [ -82.20921790299991, -73.880059502999927 ], [ -82.137074347999942, -73.889743747999944 ], [ -81.998402472999942, -73.87037525799991 ], [ -81.892689581999946, -73.818291924999926 ], [ -81.707183397999927, -73.826836846999925 ], [ -81.233998175999943, -73.730238539999903 ], [ -81.184681769999941, -73.704196872999944 ], [ -81.11164303299995, -73.604424737999921 ], [ -81.08625240799995, -73.594496351999908 ], [ -81.11546790299991, -73.569512627999927 ], [ -81.272572394999941, -73.521742445999905 ], [ -81.328236456999946, -73.480075778999947 ], [ -81.332102016999897, -73.433200778999947 ], [ -81.309478318999936, -73.353610934999949 ], [ -81.355458136999914, -73.323825778999947 ], [ -81.31118730399993, -73.273044528999947 ], [ -81.23468990799995, -73.247979424999926 ], [ -81.149281378999945, -73.23992278399993 ], [ -80.810170050999943, -73.263116143999923 ], [ -80.70929928299995, -73.324395440999922 ], [ -80.61196855399993, -73.333754164999903 ], [ -80.393788214999915, -73.414239190999922 ], [ -80.271392381999931, -73.422539971999925 ], [ -80.196848110999952, -73.401950778999947 ], [ -80.35179602799991, -73.345472914999903 ], [ -80.363840298999946, -73.28639088299991 ], [ -80.436756964999915, -73.188164971999925 ], [ -80.519398566999939, -73.153252862999921 ], [ -80.564198370999918, -73.109795830999929 ], [ -80.650990363999938, -73.084405205999929 ], [ -80.66437740799995, -73.022881768999923 ], [ -80.646473761999914, -72.996758721999925 ], [ -80.606312628999945, -72.974786065999922 ], [ -80.492543097999942, -72.953301690999922 ], [ -80.377674933999913, -72.949965101999908 ], [ -79.647450324999909, -73.038669528999947 ], [ -79.581410285999937, -73.079522393999923 ], [ -79.232533331999946, -73.195570570999905 ], [ -79.092274542999917, -73.26531340899993 ], [ -78.91860917899993, -73.292738539999903 ], [ -78.78189042899993, -73.337985934999949 ], [ -78.744048631999931, -73.36492278399993 ], [ -78.74250240799995, -73.41334400799991 ], [ -78.763742641999897, -73.445489190999922 ], [ -78.860503709999932, -73.519626559999949 ], [ -78.871815558999913, -73.583184502999927 ], [ -78.86742102799991, -73.59929778399993 ], [ -78.844960089999915, -73.608819268999923 ], [ -78.782704230999911, -73.611748955999929 ], [ -78.58462480399993, -73.582126559999949 ], [ -78.501372850999928, -73.556573174999926 ], [ -78.201242641999897, -73.55632903399993 ], [ -77.973255988999938, -73.523532809999949 ], [ -77.85187740799995, -73.522556247999944 ], [ -77.531158006999931, -73.467461846999925 ], [ -77.441965298999946, -73.47234465899993 ], [ -77.331206834999932, -73.508396091999941 ], [ -77.244048631999931, -73.512627862999921 ], [ -77.079213019999941, -73.462497653999947 ], [ -76.879750128999945, -73.458591403999947 ], [ -76.780100063999953, -73.489027601999908 ], [ -76.718251105999911, -73.523532809999949 ], [ -76.698719855999911, -73.547539971999925 ], [ -76.728179490999935, -73.591729424999926 ], [ -76.940907355999911, -73.667901299999926 ], [ -76.99478105399993, -73.70867278399993 ], [ -77.24242102799991, -73.812432549999926 ], [ -77.122425910999937, -73.87078215899993 ], [ -77.080799933999913, -73.879327080999929 ], [ -77.01976477799991, -73.870700778999947 ], [ -76.931304490999935, -73.832696221999925 ], [ -76.778309699999909, -73.79029713299991 ], [ -76.603871222999942, -73.787367445999905 ], [ -76.509836391999897, -73.815850518999923 ], [ -76.277211066999939, -73.820896091999941 ], [ -76.224598761999914, -73.785902601999908 ], [ -75.966053839999915, -73.75164153399993 ], [ -75.897816535999937, -73.727146091999941 ], [ -75.560699022999927, -73.713799737999921 ], [ -75.356678839999915, -73.635511976999908 ], [ -75.268137173999946, -73.621189059999949 ], [ -74.907622850999928, -73.642347914999903 ], [ -74.781727667999917, -73.66920338299991 ], [ -74.662831183999913, -73.735284112999921 ], [ -74.512806769999941, -73.716892184999949 ], [ -74.411610480999911, -73.67156340899993 ], [ -74.277170376999948, -73.662692966999941 ], [ -74.105132615999935, -73.71607838299991 ], [ -74.025298631999931, -73.72389088299991 ], [ -73.949126756999931, -73.709649346999925 ], [ -73.86351477799991, -73.666599216999941 ], [ -73.769439256999931, -73.648695570999905 ], [ -73.686512824999909, -73.589043877999927 ], [ -73.626698370999918, -73.592705987999921 ], [ -73.59203040299991, -73.611097914999903 ], [ -73.599191860999952, -73.628024997999944 ], [ -73.572865363999938, -73.645196221999925 ], [ -73.497466600999928, -73.581963799999926 ], [ -73.450428839999915, -73.565036716999941 ], [ -73.228505011999914, -73.559747002999927 ], [ -73.139068162999934, -73.468926690999922 ], [ -73.073109503999945, -73.444431247999944 ], [ -72.828928188999953, -73.443780205999929 ], [ -72.643422003999945, -73.469659112999921 ], [ -72.513539191999939, -73.460870049999926 ], [ -72.384510870999918, -73.469821872999944 ], [ -72.35578365799995, -73.454034112999921 ], [ -72.417347785999937, -73.436130466999941 ], [ -72.239247199999909, -73.388848565999922 ], [ -72.001616990999935, -73.373304945999905 ], [ -71.863636847999942, -73.378838799999926 ], [ -71.749338344999899, -73.351657809999949 ], [ -71.542388475999928, -73.361260674999926 ], [ -71.422963019999941, -73.353773695999905 ], [ -71.062001105999911, -73.266371351999908 ], [ -70.882923956999946, -73.256036065999922 ], [ -70.507720506999931, -73.275485934999949 ], [ -70.42642167899993, -73.26921965899993 ], [ -70.292958136999914, -73.293389580999929 ], [ -69.918853318999936, -73.218519789999903 ], [ -69.336984829999949, -73.180108330999929 ], [ -68.916737433999913, -73.103610934999949 ], [ -68.779693162999934, -73.108005466999941 ], [ -68.667347785999937, -73.088148695999905 ], [ -68.596750454999949, -73.057386976999908 ], [ -68.537505662999934, -73.053806247999944 ], [ -68.466867641999954, -73.015720309999949 ], [ -67.942494269999941, -72.928155205999929 ], [ -67.788929816999939, -72.853692315999922 ], [ -67.738758917999917, -72.852146091999941 ], [ -67.662709113999938, -72.877862237999921 ], [ -67.511097785999937, -72.834079684999949 ], [ -67.533802863999938, -72.768161716999941 ], [ -67.504058397999927, -72.736423434999949 ], [ -67.221913214999915, -72.593682549999926 ], [ -67.218413865999935, -72.500258070999905 ], [ -67.189564581999946, -72.461195570999905 ], [ -67.151275193999936, -72.428887627999927 ], [ -67.095366990999935, -72.412774346999925 ], [ -66.978260870999918, -72.349541924999926 ], [ -66.972523566999939, -72.30828215899993 ], [ -66.92804928299995, -72.277520440999922 ], [ -66.919422980999911, -72.223809502999927 ], [ -66.790516730999911, -72.157403252999927 ], [ -66.750843878999945, -72.113051039999903 ], [ -66.747954881999931, -72.092054945999905 ], [ -66.786488410999937, -72.025323174999926 ], [ -66.779042120999918, -71.985446872999944 ], [ -66.792144334999932, -71.96062590899993 ], [ -66.85570227799991, -71.94459400799991 ], [ -66.869292772999927, -71.90748463299991 ], [ -66.890044725999928, -71.89812590899993 ], [ -66.995025193999936, -71.877129815999922 ], [ -67.181263800999943, -71.76685963299991 ], [ -67.102894660999937, -71.753024997999944 ], [ -67.142160610999952, -71.722588799999926 ], [ -67.42414303299995, -71.620538018999923 ], [ -67.481312628999945, -71.587090752999927 ], [ -67.524728969999899, -71.507582289999903 ], [ -67.622629360999952, -71.433363539999903 ], [ -67.61742102799991, -71.377211195999905 ], [ -67.601144985999952, -71.35320403399993 ], [ -67.536244269999941, -71.29615650799991 ], [ -67.499094204999949, -71.280857028999947 ], [ -67.47297115799995, -71.248304945999905 ], [ -67.443959113999938, -71.238946221999925 ], [ -67.486480272999927, -71.213067315999922 ], [ -67.544585740999935, -71.207452080999929 ], [ -67.458159959999932, -71.189873955999929 ], [ -67.514027472999942, -71.111260674999926 ], [ -67.498402472999942, -71.090752862999921 ], [ -67.465728318999936, -71.078545830999929 ], [ -67.401437954999949, -71.070489190999922 ], [ -67.425282355999911, -71.036228122999944 ], [ -67.411122199999909, -70.992852471999925 ], [ -67.512196417999917, -70.953220309999949 ], [ -67.551258917999917, -70.908868096999925 ], [ -67.642689581999946, -70.85475025799991 ], [ -67.704579230999911, -70.76336028399993 ], [ -67.667591925999943, -70.71998463299991 ], [ -67.683990037999934, -70.687595309999949 ], [ -67.67446855399993, -70.639825127999927 ], [ -67.759266730999911, -70.55396900799991 ], [ -67.855865037999934, -70.500909112999921 ], [ -67.900502081999946, -70.390394789999903 ], [ -67.949370897999927, -70.31178150799991 ], [ -67.980376756999931, -70.287692966999941 ], [ -68.024159308999913, -70.282403252999927 ], [ -68.06859290299991, -70.25554778399993 ], [ -68.190663214999915, -70.234958591999941 ], [ -68.323109503999945, -70.109144789999903 ], [ -68.42796790299991, -70.086521091999941 ], [ -68.483754035999937, -70.052666924999926 ], [ -68.483225063999953, -70.006117445999905 ], [ -68.462635870999918, -69.970635674999926 ], [ -68.487294074999909, -69.917901299999926 ], [ -68.453846808999913, -69.888929945999905 ], [ -68.389515753999945, -69.88014088299991 ], [ -68.380116339999915, -69.869317315999922 ], [ -68.392974412999934, -69.773532809999949 ], [ -68.362416144999941, -69.716973565999922 ], [ -68.361887173999946, -69.683363539999903 ], [ -68.39671790299991, -69.659112237999921 ], [ -68.483143683999913, -69.63836028399993 ], [ -68.515126105999911, -69.599053643999923 ], [ -68.572010870999918, -69.586358330999929 ], [ -68.621937628999945, -69.523532809999949 ], [ -68.731800910999937, -69.481133721999925 ], [ -68.768788214999915, -69.446221612999921 ], [ -68.82485917899993, -69.43132903399993 ], [ -68.80695553299995, -69.40398528399993 ], [ -68.653797980999911, -69.38209400799991 ], [ -68.466664191999939, -69.383396091999941 ], [ -68.30882727799991, -69.40398528399993 ], [ -68.289173956999946, -69.393161716999941 ], [ -68.285878058999913, -69.349867445999905 ], [ -68.332386847999942, -69.303806247999944 ], [ -68.278879360999952, -69.281345309999949 ], [ -68.182036912999934, -69.313653252999927 ], [ -68.068023240999935, -69.33326588299991 ], [ -68.008778449999909, -69.327080987999921 ], [ -68.001535610999952, -69.365980726999908 ], [ -67.80687415299991, -69.368747653999947 ], [ -67.527495897999927, -69.433689059999949 ], [ -67.438465949999909, -69.499607028999947 ], [ -67.392323370999918, -69.502699476999908 ], [ -67.274403449999909, -69.443780205999929 ], [ -67.335031704999949, -69.410332940999922 ], [ -67.339182094999899, -69.394789320999905 ], [ -67.289784308999913, -69.359958591999941 ], [ -67.279367641999954, -69.309665622999944 ], [ -67.253041144999941, -69.273044528999947 ], [ -67.209095831999946, -69.25904713299991 ], [ -67.009592251999948, -69.262465101999908 ], [ -66.894032355999911, -69.232354424999926 ], [ -66.844553188999953, -69.17546965899993 ], [ -66.956369594999899, -69.122491143999923 ], [ -66.910511847999942, -69.100355726999908 ], [ -66.759144660999937, -69.071221612999921 ], [ -66.78929602799991, -69.036065362999921 ], [ -66.944976365999935, -69.050388278999947 ], [ -66.890736456999946, -69.013929945999905 ], [ -66.827056443999936, -68.997491143999923 ], [ -66.844960089999915, -68.972914320999905 ], [ -67.273264126999948, -68.943291924999926 ], [ -67.455637173999946, -68.865817966999941 ], [ -67.48070227799991, -68.841892184999949 ], [ -67.462757941999939, -68.814548434999949 ], [ -67.384185350999928, -68.793389580999929 ], [ -67.016184048999946, -68.785739841999941 ], [ -66.95921790299991, -68.748142184999949 ], [ -66.999501105999911, -68.688083591999941 ], [ -67.003488735999952, -68.628838799999926 ], [ -67.014637824999909, -68.614678643999923 ], [ -67.148182745999918, -68.557305596999925 ], [ -67.174712693999936, -68.525323174999926 ], [ -67.163156704999949, -68.489841403999947 ], [ -67.112945115999935, -68.476739190999922 ], [ -66.967681443999936, -68.472100518999923 ], [ -66.951649542999917, -68.460707289999903 ], [ -66.940785285999937, -68.42506275799991 ], [ -66.874256964999915, -68.418145440999922 ], [ -66.953846808999913, -68.386163018999923 ], [ -66.959136522999927, -68.367445570999905 ], [ -66.941314256999931, -68.358168226999908 ], [ -66.860666469999899, -68.367608330999929 ], [ -66.904449022999927, -68.351820570999905 ], [ -67.125843878999945, -68.341973565999922 ], [ -67.152251756999931, -68.331801039999903 ], [ -67.157093878999945, -68.302178643999923 ], [ -67.108225063999953, -68.278090101999908 ], [ -66.765614386999914, -68.313571872999944 ], [ -66.731068488999938, -68.302992445999905 ], [ -66.690541144999941, -68.267836195999905 ], [ -66.625070766999954, -68.246677341999941 ], [ -66.689442511999914, -68.190118096999925 ], [ -66.796742316999939, -68.197035414999903 ], [ -66.878977016999954, -68.230075778999947 ], [ -66.945871548999946, -68.222832940999922 ], [ -66.946888800999943, -68.200778903999947 ], [ -66.980132615999935, -68.176202080999929 ], [ -67.109120245999918, -68.118259372999944 ], [ -67.139881964999915, -68.089939059999949 ], [ -67.210560675999943, -68.075127862999921 ], [ -67.176747199999909, -68.06218840899993 ], [ -67.118763800999943, -68.070245049999926 ], [ -67.065012173999946, -68.041436455999929 ], [ -67.154693162999934, -68.025567315999922 ], [ -67.180287238999938, -68.016208591999941 ], [ -67.193104620999918, -67.987481377999927 ], [ -67.268706834999932, -67.968682549999926 ], [ -67.015451626999948, -67.92506275799991 ], [ -66.850575324999909, -67.913669528999947 ], [ -66.831532355999911, -67.869886976999908 ], [ -66.891224738999938, -67.829034112999921 ], [ -66.796742316999939, -67.80046965899993 ], [ -66.767079230999911, -67.775160414999903 ], [ -66.910878058999913, -67.768975518999923 ], [ -67.08031165299991, -67.779880466999941 ], [ -67.016021287999934, -67.741143487999921 ], [ -66.77953040299991, -67.722100518999923 ], [ -66.737904425999943, -67.730645440999922 ], [ -66.780262824999909, -67.696221612999921 ], [ -66.914418097999942, -67.705743096999925 ], [ -66.967640753999945, -67.693129164999903 ], [ -66.819203253999945, -67.604587497999944 ], [ -66.767241990999935, -67.588799737999921 ], [ -66.533762173999946, -67.609144789999903 ], [ -66.542225714999915, -67.574395440999922 ], [ -66.510243292999917, -67.527927341999941 ], [ -66.517486131999931, -67.513604424999926 ], [ -66.558176235999952, -67.508721612999921 ], [ -66.632069464999915, -67.543552341999941 ], [ -66.992746548999946, -67.468682549999926 ], [ -67.472157355999911, -67.549004815999922 ], [ -67.610747850999928, -67.546970309999949 ], [ -67.518869594999899, -67.507256768999923 ], [ -67.587269660999937, -67.482679945999905 ], [ -67.66079667899993, -67.482842705999929 ], [ -67.535878058999913, -67.358086846999925 ], [ -67.483306443999936, -67.328871351999908 ], [ -67.546009894999941, -67.310479424999926 ], [ -67.562489386999914, -67.293226820999905 ], [ -67.554798956999946, -67.264255466999941 ], [ -67.504709438999953, -67.22039153399993 ], [ -67.443837042999917, -67.189385674999926 ], [ -67.483957485999952, -67.181735934999949 ], [ -67.571400519999941, -67.19068775799991 ], [ -67.60773678299995, -67.178317966999941 ], [ -67.504994269999941, -67.111993096999925 ], [ -67.474964972999942, -67.07935963299991 ], [ -67.476185675999943, -67.054131768999923 ], [ -67.444732225999928, -67.047051690999922 ], [ -67.393422003999945, -67.080824476999908 ], [ -67.303089972999942, -67.09929778399993 ], [ -67.232533331999946, -67.041761976999908 ], [ -67.216542120999918, -66.973402601999908 ], [ -67.118967251999948, -67.016778252999927 ], [ -67.073963995999918, -67.000664971999925 ], [ -67.120187954999949, -66.954278252999927 ], [ -67.119048631999931, -66.936130466999941 ], [ -67.103993292999917, -66.927829684999949 ], [ -67.03189042899993, -66.921644789999903 ], [ -66.950672980999911, -66.938897393999923 ], [ -66.917307094999899, -66.956801039999903 ], [ -66.927845831999946, -66.982842705999929 ], [ -66.907460089999915, -67.037774346999925 ], [ -66.939198370999918, -67.091729424999926 ], [ -66.939320441999939, -67.118259372999944 ], [ -66.923898891999954, -67.15789153399993 ], [ -66.887521938999953, -67.168145440999922 ], [ -66.950266079999949, -67.214939059999949 ], [ -66.980865037999934, -67.276299737999921 ], [ -66.876820441999939, -67.284763278999947 ], [ -66.816395636999914, -67.311130466999941 ], [ -66.785633917999917, -67.311455987999921 ], [ -66.764475063999953, -67.288669528999947 ], [ -66.764515753999945, -67.26140715899993 ], [ -66.720204230999911, -67.221774997999944 ], [ -66.708851691999939, -67.190524997999944 ], [ -66.595814581999946, -67.245212497999944 ], [ -66.564361131999931, -67.277113539999903 ], [ -66.535755988999938, -67.340020440999922 ], [ -66.497425910999937, -67.346774997999944 ], [ -66.462798631999931, -67.336602471999925 ], [ -66.451039191999939, -67.308526299999926 ], [ -66.456532355999911, -67.198825778999947 ], [ -66.485340949999909, -67.14771900799991 ], [ -66.526844855999911, -67.113946221999925 ], [ -66.444162563999953, -67.085381768999923 ], [ -66.52171790299991, -67.048923434999949 ], [ -66.614165818999936, -67.038018487999921 ], [ -66.583159959999932, -66.994398695999905 ], [ -66.494943813999953, -66.918389580999929 ], [ -66.461537238999938, -66.913506768999923 ], [ -66.420318162999934, -66.881931247999944 ], [ -66.417225714999915, -66.861097914999903 ], [ -66.440581834999932, -66.845635674999926 ], [ -66.551909959999932, -66.810642184999949 ], [ -66.52798417899993, -66.744805596999925 ], [ -66.552072719999899, -66.679294528999947 ], [ -66.547922329999949, -66.650160414999903 ], [ -66.512074347999942, -66.63014088299991 ], [ -66.256825324999909, -66.583184502999927 ], [ -66.091908331999946, -66.591403903999947 ], [ -66.057036912999934, -66.626722914999903 ], [ -66.000477667999917, -66.63600025799991 ], [ -65.94399980399993, -66.67310963299991 ], [ -65.839507615999935, -66.688246351999908 ], [ -65.800363735999952, -66.715752862999921 ], [ -65.725453253999945, -66.683526299999926 ], [ -65.689361131999931, -66.683689059999949 ], [ -65.646148240999935, -66.653008721999925 ], [ -65.766713019999941, -66.601820570999905 ], [ -65.687977667999917, -66.586032809999949 ], [ -65.722401495999918, -66.55437590899993 ], [ -65.66470292899993, -66.462497653999947 ], [ -65.662709113999938, -66.434014580999929 ], [ -65.550363735999952, -66.400160414999903 ], [ -65.601551886999914, -66.378513278999947 ], [ -65.642933722999942, -66.377129815999922 ], [ -65.669260219999899, -66.330010674999926 ], [ -65.69163977799991, -66.320489190999922 ], [ -65.828114386999914, -66.321221612999921 ], [ -65.872425910999937, -66.298923434999949 ], [ -65.725900844999899, -66.270114841999941 ], [ -65.640533006999931, -66.214776299999926 ], [ -65.633697068999936, -66.200616143999923 ], [ -65.646839972999942, -66.181735934999949 ], [ -65.705474412999934, -66.149997653999947 ], [ -65.612945115999935, -66.125664971999925 ], [ -65.595814581999946, -66.098402601999908 ], [ -65.435617641999954, -66.144952080999929 ], [ -65.319976365999935, -66.147067966999941 ], [ -65.187408006999931, -66.172539971999925 ], [ -65.138661261999914, -66.169854424999926 ], [ -65.090931769999941, -66.15007903399993 ], [ -65.319162563999953, -66.038262627999927 ], [ -65.335926886999914, -66.00123463299991 ], [ -65.327748175999943, -65.981133721999925 ], [ -65.259755011999914, -65.957452080999929 ], [ -65.052154100999928, -65.962660414999903 ], [ -65.000843878999945, -65.939385674999926 ], [ -64.886626756999931, -65.928399346999925 ], [ -64.823353644999941, -65.940362237999921 ], [ -64.799712693999936, -65.980564059999949 ], [ -64.712635870999918, -66.017185153999947 ], [ -64.703521287999934, -66.032972914999903 ], [ -64.584095831999946, -66.033461195999905 ], [ -64.496001756999931, -65.980889580999929 ], [ -64.487700975999928, -65.95045338299991 ], [ -64.556060350999928, -65.88209400799991 ], [ -64.630238410999937, -65.878838799999926 ], [ -64.69367428299995, -65.840508721999925 ], [ -64.671986456999946, -65.814060153999947 ], [ -64.671376105999911, -65.752618096999925 ], [ -64.657948370999918, -65.737237237999921 ], [ -64.625599738999938, -65.738539320999905 ], [ -64.396392381999931, -65.809340101999908 ], [ -64.369007941999939, -65.797784112999921 ], [ -64.37718665299991, -65.741794528999947 ], [ -64.335275844999899, -65.716566664999903 ], [ -64.478667772999927, -65.631442966999941 ], [ -64.30500240799995, -65.631931247999944 ], [ -64.250965949999909, -65.642185153999947 ], [ -64.190581834999932, -65.684665622999944 ], [ -64.045074022999927, -65.693129164999903 ], [ -64.145130988999938, -65.623955987999921 ], [ -64.116607225999928, -65.610528252999927 ], [ -64.164540167999917, -65.56804778399993 ], [ -64.22687740799995, -65.553317966999941 ], [ -64.081898566999939, -65.514825127999927 ], [ -64.003732876999948, -65.515394789999903 ], [ -63.966175910999937, -65.574965101999908 ], [ -63.880482550999943, -65.599053643999923 ], [ -63.79515540299991, -65.605726820999905 ], [ -63.792307094999899, -65.591241143999923 ], [ -63.828684048999946, -65.547539971999925 ], [ -63.795480923999946, -65.531345309999949 ], [ -63.68228105399993, -65.523858330999929 ], [ -63.701161261999914, -65.504652601999908 ], [ -63.754383917999917, -65.496189059999949 ], [ -63.762318488999938, -65.471612237999921 ], [ -63.829986131999931, -65.484144789999903 ], [ -63.821400519999941, -65.461521091999941 ], [ -63.922027147999927, -65.468519789999903 ], [ -64.089955206999946, -65.41334400799991 ], [ -64.034291144999941, -65.399346612999921 ], [ -63.984486456999946, -65.369886976999908 ], [ -64.109852667999917, -65.267754815999922 ], [ -64.05492102799991, -65.262465101999908 ], [ -64.082142706999946, -65.193617445999905 ], [ -64.079701300999943, -65.16529713299991 ], [ -64.055897589999915, -65.144301039999903 ], [ -63.99445553299995, -65.147393487999921 ], [ -63.969593878999945, -65.133558851999908 ], [ -63.970326300999943, -65.11256275799991 ], [ -63.913075324999909, -65.09148528399993 ], [ -63.873890753999945, -65.045993747999944 ], [ -63.806223110999952, -65.026462497999944 ], [ -63.758697068999936, -65.041599216999941 ], [ -63.706288214999915, -65.040622653999947 ], [ -63.653391079999949, -65.075290622999944 ], [ -63.526600714999915, -65.07976653399993 ], [ -63.382435675999943, -65.110935153999947 ], [ -63.261301235999952, -65.080336195999905 ], [ -63.224191860999952, -65.136651299999926 ], [ -63.204823370999918, -65.146254164999903 ], [ -63.150746222999942, -65.142836195999905 ], [ -63.083607550999943, -65.166110934999949 ], [ -62.992014126999948, -65.125420830999929 ], [ -63.023019985999952, -65.08521900799991 ], [ -62.991810675999943, -65.072360934999949 ], [ -63.018869594999899, -65.054782809999949 ], [ -63.005441860999952, -65.035414320999905 ], [ -63.138742641999954, -65.027764580999929 ], [ -63.233754035999937, -64.965264580999929 ], [ -63.208811001999948, -64.949395440999922 ], [ -63.098622199999909, -64.934014580999929 ], [ -63.056507941999939, -64.904392184999949 ], [ -62.997222459999932, -64.923597914999903 ], [ -62.959950324999909, -64.914971612999921 ], [ -62.897857225999928, -64.931084893999923 ], [ -62.867909308999913, -64.920993747999944 ], [ -62.822092251999948, -64.877699476999908 ], [ -62.788807745999918, -64.866631768999923 ], [ -62.854318813999953, -64.831638278999947 ], [ -62.794097459999932, -64.812676690999922 ], [ -62.740101691999939, -64.823011976999908 ], [ -62.583973761999914, -64.910739841999941 ], [ -62.52603105399993, -64.881931247999944 ], [ -62.407215949999909, -64.87664153399993 ], [ -62.673817511999914, -64.777276299999926 ], [ -62.653146938999953, -64.763116143999923 ], [ -62.581613735999952, -64.760023695999905 ], [ -62.497181769999941, -64.731866143999923 ], [ -62.540882941999939, -64.701755466999941 ], [ -62.574086066999939, -64.656670830999929 ], [ -62.551869269999941, -64.637139580999929 ], [ -62.472482876999948, -64.631117445999905 ], [ -62.521148240999935, -64.612237237999921 ], [ -62.495513475999928, -64.598565362999921 ], [ -62.416493292999917, -64.60125090899993 ], [ -62.442982550999943, -64.624607028999947 ], [ -62.366322394999941, -64.669122002999927 ], [ -62.365386522999927, -64.645603122999944 ], [ -62.310943162999934, -64.656508070999905 ], [ -62.303822394999941, -64.672946872999944 ], [ -62.353627081999946, -64.702569268999923 ], [ -62.369007941999939, -64.749118747999944 ], [ -62.141835089999915, -64.78484465899993 ], [ -62.220082160999937, -64.738051039999903 ], [ -62.128895636999914, -64.746026299999926 ], [ -62.136830206999946, -64.68328215899993 ], [ -62.05492102799991, -64.717868747999944 ], [ -62.015207485999952, -64.695733330999929 ], [ -61.970855272999927, -64.690362237999921 ], [ -61.920725063999953, -64.637790622999944 ], [ -61.966786261999914, -64.612237237999921 ], [ -61.915679490999935, -64.574883721999925 ], [ -61.844634568999936, -64.59303150799991 ], [ -61.795033331999946, -64.582777601999908 ], [ -61.812570766999954, -64.572849216999941 ], [ -61.843739386999914, -64.518243096999925 ], [ -61.805734829999949, -64.492852471999925 ], [ -61.779652472999942, -64.497165622999944 ], [ -61.721587693999936, -64.562920830999929 ], [ -61.703277147999927, -64.609144789999903 ], [ -61.661244269999941, -64.625095309999949 ], [ -61.653146938999953, -64.65398528399993 ], [ -61.608306443999936, -64.667575778999947 ], [ -61.578846808999913, -64.662041924999926 ], [ -61.491037563999953, -64.61451588299991 ], [ -61.604318813999953, -64.560723565999922 ], [ -61.60578365799995, -64.532159112999921 ], [ -61.520497199999909, -64.524997653999947 ], [ -61.43228105399993, -64.545586846999925 ], [ -61.445423956999946, -64.531914971999925 ], [ -61.444691535999937, -64.465101820999905 ], [ -61.524810350999928, -64.48406340899993 ], [ -61.559315558999913, -64.477959893999923 ], [ -61.582875128999945, -64.44264088299991 ], [ -61.485463019999941, -64.40789153399993 ], [ -61.456125454999949, -64.368340752999927 ], [ -61.365061001999948, -64.358982028999947 ], [ -61.371693488999938, -64.376153252999927 ], [ -61.423410610999952, -64.392754815999922 ], [ -61.416574673999946, -64.407647393999923 ], [ -61.366688605999911, -64.404473565999922 ], [ -61.295318162999934, -64.432386976999908 ], [ -61.29523678299995, -64.405205987999921 ], [ -61.271311001999948, -64.394707940999922 ], [ -61.090687628999945, -64.386325778999947 ], [ -61.124745245999918, -64.370700778999947 ], [ -61.135161912999934, -64.333103122999944 ], [ -61.117339647999927, -64.333428643999923 ], [ -61.095814581999946, -64.302911065999922 ], [ -60.968658006999931, -64.295668226999908 ], [ -60.94172115799995, -64.281914971999925 ], [ -60.930816209999932, -64.251397393999923 ], [ -60.975982225999928, -64.240899346999925 ], [ -60.955962693999936, -64.213067315999922 ], [ -60.920480923999946, -64.210056247999944 ], [ -60.962880011999914, -64.156345309999949 ], [ -60.840809699999909, -64.164239190999922 ], [ -60.914540167999917, -64.110446872999944 ], [ -61.019439256999931, -64.082452080999929 ], [ -60.985666469999899, -64.064548434999949 ], [ -60.87718665299991, -64.047458591999941 ], [ -60.81867428299995, -64.07545338299991 ], [ -60.767160610999952, -64.064711195999905 ], [ -60.772857225999928, -64.085056247999944 ], [ -60.727365688999953, -64.06218840899993 ], [ -60.720204230999911, -64.038262627999927 ], [ -60.729318813999953, -64.011488539999903 ], [ -60.528472459999932, -63.98601653399993 ], [ -60.306467251999948, -63.915459893999923 ], [ -60.174224412999934, -63.916110934999949 ], [ -59.969960089999915, -63.958103122999944 ], [ -59.956206834999932, -63.951918226999908 ], [ -59.957102016999954, -63.930840752999927 ], [ -59.933338995999918, -63.898370049999926 ], [ -59.942860480999911, -63.865655205999929 ], [ -59.910878058999913, -63.847914320999905 ], [ -59.844471808999913, -63.859470309999949 ], [ -59.82249915299991, -63.845472914999903 ], [ -59.848378058999913, -63.805271091999941 ], [ -59.807443813999953, -63.771661065999922 ], [ -59.760731574999909, -63.799574476999908 ], [ -59.790638800999943, -63.834730726999908 ], [ -59.77017167899993, -63.859958591999941 ], [ -59.607411261999914, -63.873793226999908 ], [ -59.548736131999931, -63.891289971999925 ], [ -59.489003058999913, -63.879082940999922 ], [ -59.429107225999928, -63.909926039999903 ], [ -59.401193813999953, -63.861993096999925 ], [ -59.440581834999932, -63.830254815999922 ], [ -59.339751756999931, -63.785332940999922 ], [ -59.368885870999918, -63.723239841999941 ], [ -59.352284308999913, -63.708591403999947 ], [ -59.231271938999953, -63.680596612999921 ], [ -59.11546790299991, -63.71843840899993 ], [ -59.01203365799995, -63.67156340899993 ], [ -58.936146613999938, -63.66920338299991 ], [ -58.920765753999945, -63.650974216999941 ], [ -58.940337693999936, -63.564385674999926 ], [ -58.898548956999946, -63.540215752999927 ], [ -58.25649980399993, -63.454196872999944 ], [ -58.165191209999932, -63.462985934999949 ], [ -58.131703253999945, -63.444431247999944 ], [ -58.126535610999952, -63.416110934999949 ], [ -58.182850714999915, -63.40789153399993 ], [ -58.186146613999938, -63.391534112999921 ], [ -58.169911261999914, -63.376560153999947 ], [ -58.089182094999899, -63.410332940999922 ], [ -58.032948370999918, -63.413181247999944 ], [ -58.003895636999914, -63.391534112999921 ], [ -57.958566860999952, -63.381117445999905 ], [ -57.862782355999911, -63.306573174999926 ], [ -57.79710852799991, -63.307224216999941 ], [ -57.368723110999952, -63.217868747999944 ], [ -57.286610480999911, -63.214776299999926 ], [ -57.105865037999934, -63.241387627999927 ], [ -57.029408331999946, -63.281019789999903 ], [ -57.036203579999949, -63.347263278999947 ], [ -57.002919074999909, -63.362237237999921 ], [ -57.047596808999913, -63.415622653999947 ], [ -56.944406704999949, -63.398532809999949 ], [ -56.928863084999932, -63.420179945999905 ], [ -56.941802537999934, -63.438897393999923 ], [ -56.991322394999941, -63.460381768999923 ], [ -56.901193813999953, -63.516371351999908 ], [ -56.799631313999953, -63.543064059999949 ], [ -56.768137173999946, -63.582940362999921 ], [ -56.775786912999934, -63.603773695999905 ], [ -56.79906165299991, -63.62623463299991 ], [ -56.847808397999927, -63.643731377999927 ], [ -56.968373175999943, -63.611423434999949 ], [ -57.124419725999928, -63.654473565999922 ], [ -57.146473761999914, -63.643243096999925 ], [ -57.175526495999918, -63.596856377999927 ], [ -57.146636522999927, -63.567071221999925 ], [ -57.096547003999945, -63.558526299999926 ], [ -57.140288865999935, -63.524509372999944 ], [ -57.126779751999948, -63.503513278999947 ], [ -57.177316860999952, -63.476820570999905 ], [ -57.294260219999956, -63.481377862999921 ], [ -57.445383266999954, -63.444431247999944 ], [ -57.491037563999953, -63.460056247999944 ], [ -57.457915818999936, -63.492364190999922 ], [ -57.458404100999928, -63.533786716999941 ], [ -57.386097785999937, -63.541680596999925 ], [ -57.420725063999953, -63.561944268999923 ], [ -57.715565558999913, -63.554131768999923 ], [ -57.740589972999942, -63.580743096999925 ], [ -57.765614386999914, -63.587009372999944 ], [ -57.604400193999936, -63.602471612999921 ], [ -57.750884568999936, -63.656345309999949 ], [ -57.864165818999936, -63.651788018999923 ], [ -57.881337042999917, -63.65943775799991 ], [ -57.865386522999927, -63.669366143999923 ], [ -57.895375128999945, -63.683770440999922 ], [ -58.097727016999954, -63.663995049999926 ], [ -58.175282355999911, -63.716403903999947 ], [ -58.292469855999911, -63.75359465899993 ], [ -58.400461391999954, -63.842217705999929 ], [ -58.45726477799991, -63.842543226999908 ], [ -58.470692511999914, -63.85865650799991 ], [ -58.449086066999939, -63.872002862999921 ], [ -58.499134894999941, -63.910332940999922 ], [ -58.619007941999939, -63.944756768999923 ], [ -58.704701300999943, -63.994805596999925 ], [ -58.733306443999936, -64.031426690999922 ], [ -58.707386847999942, -64.087660414999903 ], [ -58.771311001999948, -64.131524346999925 ], [ -58.819894985999952, -64.218682549999926 ], [ -59.03343665299991, -64.188897393999923 ], [ -59.107899542999917, -64.227308851999908 ], [ -59.11164303299995, -64.246514580999929 ], [ -59.088978644999941, -64.256280205999929 ], [ -58.769927537999934, -64.282403252999927 ], [ -58.75454667899993, -64.293389580999929 ], [ -58.74868730399993, -64.316501559999949 ], [ -58.761382615999935, -64.332207940999922 ], [ -58.94945227799991, -64.357354424999926 ], [ -58.905873175999943, -64.40007903399993 ], [ -58.779896613999938, -64.431735934999949 ], [ -58.76203365799995, -64.45867278399993 ], [ -58.764027472999942, -64.498630466999941 ], [ -58.783924933999913, -64.527601820999905 ], [ -58.815785285999937, -64.542738539999903 ], [ -58.889881964999915, -64.551527601999908 ], [ -58.990834113999938, -64.514336846999925 ], [ -59.013050910999937, -64.496758721999925 ], [ -58.986073370999918, -64.463474216999941 ], [ -59.013661261999914, -64.430433851999908 ], [ -59.223215298999946, -64.461032809999949 ], [ -59.330881313999953, -64.440036716999941 ], [ -59.36750240799995, -64.411553643999923 ], [ -59.417632615999935, -64.330824476999908 ], [ -59.463937954999949, -64.310642184999949 ], [ -59.543934699999909, -64.326429945999905 ], [ -59.607533331999946, -64.37859465899993 ], [ -59.662180141999954, -64.391534112999921 ], [ -59.610666469999899, -64.448011976999908 ], [ -59.649240688999953, -64.520277601999908 ], [ -59.585560675999943, -64.514255466999941 ], [ -59.550892706999946, -64.544691664999903 ], [ -59.555409308999913, -64.562595309999949 ], [ -59.591053839999915, -64.587985934999949 ], [ -59.635609503999945, -64.594333591999941 ], [ -59.768910285999937, -64.566989841999941 ], [ -59.749094204999949, -64.496189059999949 ], [ -59.75422115799995, -64.436293226999908 ], [ -59.77017167899993, -64.424737237999921 ], [ -59.957508917999917, -64.387465101999908 ], [ -60.007313605999911, -64.398370049999926 ], [ -59.987212693999936, -64.441989841999941 ], [ -60.009510870999918, -64.46803150799991 ], [ -60.223866339999915, -64.515883070999905 ], [ -60.26195227799991, -64.56609465899993 ], [ -60.279286261999914, -64.570733330999929 ], [ -60.364165818999936, -64.531426690999922 ], [ -60.421986456999946, -64.524834893999923 ], [ -60.387766079999949, -64.592950127999927 ], [ -60.355539516999954, -64.62818775799991 ], [ -60.360910610999952, -64.643649997999944 ], [ -60.456654425999943, -64.639092705999929 ], [ -60.497181769999941, -64.663995049999926 ], [ -60.665882941999939, -64.70867278399993 ], [ -60.723255988999938, -64.758070570999905 ], [ -60.704945441999939, -64.781019789999903 ], [ -60.735178188999953, -64.810967705999929 ], [ -60.856068488999938, -64.863539320999905 ], [ -61.051747199999909, -65.010918877999927 ], [ -61.194325324999909, -64.999769789999903 ], [ -61.381214972999942, -65.053317966999941 ], [ -61.435414191999939, -65.008884372999944 ], [ -61.518462693999936, -64.979099216999941 ], [ -61.72874915299991, -64.968682549999926 ], [ -61.75031490799995, -64.975355726999908 ], [ -61.756214972999942, -64.992933851999908 ], [ -61.739369269999941, -65.087823174999926 ], [ -61.674631313999953, -65.119073174999926 ], [ -61.583485480999911, -65.125095309999949 ], [ -61.555775519999941, -65.15789153399993 ], [ -61.626210089999915, -65.170179945999905 ], [ -61.604481574999909, -65.199639580999929 ], [ -61.606434699999909, -65.224786065999922 ], [ -61.627552863999938, -65.241387627999927 ], [ -61.803700324999909, -65.246758721999925 ], [ -61.96117102799991, -65.191338799999926 ], [ -62.055734829999949, -65.229261976999908 ], [ -62.02171790299991, -65.249118747999944 ], [ -62.038889126999948, -65.261651299999926 ], [ -62.198312954999949, -65.304457289999903 ], [ -62.175119594999899, -65.344008070999905 ], [ -62.032093878999945, -65.372247002999927 ], [ -62.095448370999918, -65.403090101999908 ], [ -62.094309048999946, -65.462497653999947 ], [ -62.067372199999909, -65.477308851999908 ], [ -61.960845506999931, -65.493584893999923 ], [ -61.92210852799991, -65.541192315999922 ], [ -61.839955206999946, -65.547946872999944 ], [ -61.729969855999911, -65.529473565999922 ], [ -61.700998501999948, -65.545668226999908 ], [ -61.750152147999927, -65.570082289999903 ], [ -61.874175584999932, -65.57935963299991 ], [ -61.957508917999917, -65.564873955999929 ], [ -62.079945441999939, -65.596368096999925 ], [ -62.084828253999945, -65.626722914999903 ], [ -62.057728644999941, -65.648532809999949 ], [ -62.05492102799991, -65.666273695999905 ], [ -62.089711066999939, -65.711602471999925 ], [ -62.206288214999915, -65.746677341999941 ], [ -62.253529425999943, -65.781182549999926 ], [ -62.341664191999939, -65.795098565999922 ], [ -62.361887173999946, -65.814222914999903 ], [ -62.335275844999899, -65.859144789999903 ], [ -62.372425910999937, -65.91570403399993 ], [ -62.26431230399993, -65.928643487999921 ], [ -62.266184048999946, -65.984144789999903 ], [ -62.248402472999942, -66.009535414999903 ], [ -62.022775844999899, -66.111504815999922 ], [ -61.861195441999939, -66.133396091999941 ], [ -61.752919074999909, -66.102227471999925 ], [ -61.712147589999915, -66.139580987999921 ], [ -61.59601803299995, -66.165622653999947 ], [ -61.643910285999937, -66.06568775799991 ], [ -61.64712480399993, -66.033623955999929 ], [ -61.577626105999911, -66.02271900799991 ], [ -61.339344855999911, -66.087660414999903 ], [ -61.309071417999917, -66.086602471999925 ], [ -61.320139126999948, -66.039808851999908 ], [ -61.300160285999937, -65.999118747999944 ], [ -61.355376756999931, -65.932305596999925 ], [ -61.275502081999946, -65.912530205999929 ], [ -61.223988410999937, -65.922133070999905 ], [ -61.116078253999945, -65.984470309999949 ], [ -61.080189581999946, -66.030368747999944 ], [ -61.031239386999914, -66.035902601999908 ], [ -61.014068162999934, -66.034356377999927 ], [ -61.018381313999953, -65.924411716999941 ], [ -61.006703253999945, -65.912774346999925 ], [ -60.869862433999913, -65.911228122999944 ], [ -60.577504035999937, -65.940118096999925 ], [ -60.54710852799991, -65.95826588299991 ], [ -60.563384568999936, -65.996758721999925 ], [ -60.60187740799995, -66.035739841999941 ], [ -60.637766079999949, -66.055108330999929 ], [ -60.69985917899993, -66.041924737999921 ], [ -60.69790605399993, -66.116306247999944 ], [ -60.708363410999937, -66.130791924999926 ], [ -60.794585740999935, -66.098565362999921 ], [ -60.840199347999942, -66.045342705999929 ], [ -60.910308397999927, -66.040215752999927 ], [ -60.926991339999915, -66.06609465899993 ], [ -61.02407792899993, -66.082777601999908 ], [ -61.038970506999931, -66.106622002999927 ], [ -61.022206183999913, -66.132582289999903 ], [ -60.875884568999936, -66.187595309999949 ], [ -60.909901495999918, -66.227634372999944 ], [ -60.911976691999939, -66.269626559999949 ], [ -60.994740363999938, -66.34148528399993 ], [ -61.090240037999934, -66.352227471999925 ], [ -61.146311001999948, -66.332452080999929 ], [ -61.167632615999935, -66.304782809999949 ], [ -61.143950975999928, -66.222832940999922 ], [ -61.187408006999931, -66.181410414999903 ], [ -61.248768683999913, -66.158786716999941 ], [ -61.391509568999936, -66.155450127999927 ], [ -61.468658006999931, -66.114353122999944 ], [ -61.49242102799991, -66.12859465899993 ], [ -61.500477667999917, -66.153741143999923 ], [ -61.493519660999937, -66.259860934999949 ], [ -61.601185675999943, -66.21843840899993 ], [ -61.731271938999953, -66.20045338299991 ], [ -61.780384894999941, -66.212985934999949 ], [ -61.757923956999946, -66.254815362999921 ], [ -61.682362433999913, -66.316582940999922 ], [ -61.709095831999946, -66.354261976999908 ], [ -61.669300910999937, -66.392347914999903 ], [ -61.694081183999913, -66.458103122999944 ], [ -61.750884568999936, -66.477715752999927 ], [ -61.811634894999941, -66.464450778999947 ], [ -61.834095831999946, -66.44264088299991 ], [ -61.892445441999939, -66.328301690999922 ], [ -61.982329881999931, -66.269952080999929 ], [ -61.954986131999931, -66.222832940999922 ], [ -61.970204230999911, -66.198418877999927 ], [ -62.147084113999938, -66.203871351999908 ], [ -62.220326300999943, -66.174248955999929 ], [ -62.25804602799991, -66.175388278999947 ], [ -62.416127081999946, -66.186293226999908 ], [ -62.494984503999945, -66.211846612999921 ], [ -62.66828365799995, -66.227471612999921 ], [ -62.73851477799991, -66.260511976999908 ], [ -62.764637824999909, -66.288995049999926 ], [ -62.760894334999932, -66.31609465899993 ], [ -62.551136847999942, -66.413181247999944 ], [ -62.514475063999953, -66.47820403399993 ], [ -62.690419074999909, -66.509942315999922 ], [ -62.721994594999899, -66.542901299999926 ], [ -62.703724738999938, -66.580743096999925 ], [ -62.519683397999927, -66.593926690999922 ], [ -62.547596808999913, -66.624932549999926 ], [ -62.555490688999953, -66.664727471999925 ], [ -62.457915818999936, -66.643324476999908 ], [ -62.466420050999943, -66.690036716999941 ], [ -62.480580206999946, -66.702732028999947 ], [ -62.534087693999936, -66.718519789999903 ], [ -62.643869594999899, -66.724541924999926 ], [ -62.788238084999932, -66.664320570999905 ], [ -62.800445115999935, -66.648695570999905 ], [ -62.804107225999928, -66.59889088299991 ], [ -62.839222785999937, -66.58171965899993 ], [ -62.878651495999918, -66.493747653999947 ], [ -63.162993943999936, -66.352959893999923 ], [ -63.202463344999899, -66.295668226999908 ], [ -63.199330206999946, -66.260511976999908 ], [ -63.210845506999931, -66.248711846999925 ], [ -63.257394985999952, -66.242771091999941 ], [ -63.31899980399993, -66.266289971999925 ], [ -63.508900519999941, -66.229261976999908 ], [ -63.560129360999952, -66.197849216999941 ], [ -63.663197394999941, -66.214450778999947 ], [ -63.811594204999949, -66.188897393999923 ], [ -63.755767381999931, -66.214613539999903 ], [ -63.786488410999937, -66.231866143999923 ], [ -63.712147589999915, -66.250420830999929 ], [ -63.874134894999941, -66.272637627999927 ], [ -63.79751542899993, -66.29851653399993 ], [ -63.715240037999934, -66.300225518999923 ], [ -63.737538214999915, -66.319431247999944 ], [ -63.586089647999927, -66.352227471999925 ], [ -63.569732225999928, -66.370049737999921 ], [ -63.573353644999941, -66.391208591999941 ], [ -63.903309699999909, -66.381605726999908 ], [ -63.886382615999935, -66.40943775799991 ], [ -63.761301235999952, -66.434991143999923 ], [ -63.876576300999943, -66.447849216999941 ], [ -63.911976691999939, -66.502618096999925 ], [ -63.804798956999946, -66.529717705999929 ], [ -63.825550910999937, -66.559177341999941 ], [ -63.797027147999927, -66.588474216999941 ], [ -63.92642167899993, -66.60711028399993 ], [ -64.021229620999918, -66.557549737999921 ], [ -64.057606574999909, -66.58131275799991 ], [ -64.079660610999952, -66.62664153399993 ], [ -64.134917772999927, -66.643161716999941 ], [ -64.090809699999909, -66.688409112999921 ], [ -63.93618730399993, -66.704196872999944 ], [ -63.751332160999937, -66.787692966999941 ], [ -63.769195115999935, -66.808363539999903 ], [ -63.719838019999941, -66.862074476999908 ], [ -63.755523240999935, -66.897637627999927 ], [ -63.831288214999915, -66.917901299999926 ], [ -64.044422980999911, -66.936211846999925 ], [ -64.113392706999946, -66.928155205999929 ], [ -64.255360480999911, -66.848239841999941 ], [ -64.30882727799991, -66.836521091999941 ], [ -64.333892381999931, -66.851495049999926 ], [ -64.368519660999937, -66.911228122999944 ], [ -64.43423417899993, -66.898532809999949 ], [ -64.515980597999942, -66.904961846999925 ], [ -64.540760870999918, -66.894626559999949 ], [ -64.550933397999927, -66.873304945999905 ], [ -64.533599412999934, -66.831801039999903 ], [ -64.526926235999952, -66.756768487999921 ], [ -64.599110480999911, -66.774102471999925 ], [ -64.617909308999913, -66.767836195999905 ], [ -64.678293423999946, -66.821058851999908 ], [ -64.773793097999942, -66.845635674999926 ], [ -64.702951626999948, -66.927992445999905 ], [ -64.710519985999952, -66.987074476999908 ], [ -64.790882941999939, -66.986993096999925 ], [ -64.851673956999946, -66.93523528399993 ], [ -64.963775193999936, -66.896661065999922 ], [ -64.891957160999937, -66.943454684999949 ], [ -64.882232225999928, -66.963148695999905 ], [ -64.917062954999949, -67.004489841999941 ], [ -64.966297980999911, -67.033868096999925 ], [ -64.90884355399993, -67.06609465899993 ], [ -64.876210089999915, -67.109470309999949 ], [ -64.79124915299991, -67.090508721999925 ], [ -64.725412563999953, -67.098565362999921 ], [ -64.72288977799991, -67.129082940999922 ], [ -64.69009355399993, -67.148370049999926 ], [ -64.87336178299995, -67.165948174999926 ], [ -64.890533006999931, -67.191989841999941 ], [ -64.950550910999937, -67.200941664999903 ], [ -65.065907355999911, -67.202080987999921 ], [ -65.007679816999939, -67.237237237999921 ], [ -64.791167772999927, -67.262139580999929 ], [ -64.749134894999941, -67.307305596999925 ], [ -64.88149980399993, -67.331801039999903 ], [ -64.993234829999949, -67.297458591999941 ], [ -65.055653449999909, -67.326918226999908 ], [ -65.024484829999949, -67.340427341999941 ], [ -65.055043097999942, -67.36060963299991 ], [ -65.088937954999949, -67.364027601999908 ], [ -65.15851803299995, -67.323174737999921 ], [ -65.244252081999946, -67.371026299999926 ], [ -65.246083136999914, -67.394626559999949 ], [ -65.326893683999913, -67.399102471999925 ], [ -65.363880988999938, -67.383965752999927 ], [ -65.388498501999948, -67.350762627999927 ], [ -65.383412238999938, -67.304294528999947 ], [ -65.393625454999949, -67.291924737999921 ], [ -65.47687740799995, -67.263604424999926 ], [ -65.441273566999939, -67.306247653999947 ], [ -65.463612433999913, -67.345879815999922 ], [ -65.505441860999952, -67.35279713299991 ], [ -65.58429928299995, -67.311293226999908 ], [ -65.615956183999913, -67.368910414999903 ], [ -65.518462693999936, -67.40748463299991 ], [ -65.501454230999911, -67.462334893999923 ], [ -65.614979620999918, -67.495049737999921 ], [ -65.612660285999937, -67.517754815999922 ], [ -65.587635870999918, -67.523614190999922 ], [ -65.588734503999945, -67.55437590899993 ], [ -65.552723761999914, -67.574395440999922 ], [ -65.438465949999909, -67.602146091999941 ], [ -65.420277472999942, -67.637139580999929 ], [ -65.402699347999942, -67.645684502999927 ], [ -65.337473110999952, -67.657972914999903 ], [ -65.36587480399993, -67.703301690999922 ], [ -65.576730923999946, -67.728773695999905 ], [ -65.592152472999942, -67.754489841999941 ], [ -65.562245245999918, -67.81218840899993 ], [ -65.576079881999931, -67.844414971999925 ], [ -65.60374915299991, -67.85711028399993 ], [ -65.706695115999935, -67.859470309999949 ], [ -65.672840949999909, -67.88836028399993 ], [ -65.569325324999909, -67.914239190999922 ], [ -65.501779751999948, -67.948174737999921 ], [ -65.429554816999939, -67.952243747999944 ], [ -65.329172329999949, -67.983819268999923 ], [ -65.380360480999911, -68.011651299999926 ], [ -65.52171790299991, -68.044691664999903 ], [ -65.616444464999915, -68.048435153999947 ], [ -65.663644985999952, -68.086602471999925 ], [ -65.780913865999935, -68.094821872999944 ], [ -65.760731574999909, -68.16570403399993 ], [ -65.515370245999918, -68.142754815999922 ], [ -65.471302863999938, -68.158786716999941 ], [ -65.379261847999942, -68.139336846999925 ], [ -65.275135870999918, -68.171075127999927 ], [ -65.226429816999939, -68.163018487999921 ], [ -65.02562415299991, -68.073988539999903 ], [ -64.988636847999942, -68.036716403999947 ], [ -64.937408006999931, -68.022149346999925 ], [ -64.989084438999953, -68.08912525799991 ], [ -64.952463344999899, -68.100518487999921 ], [ -64.829213019999941, -68.100681247999944 ], [ -64.833566860999952, -68.070489190999922 ], [ -64.755848761999914, -68.108086846999925 ], [ -64.771392381999931, -68.125176690999922 ], [ -64.762115037999934, -68.144707940999922 ], [ -64.800770636999914, -68.16375090899993 ], [ -65.005197719999899, -68.224216403999947 ], [ -65.048980272999927, -68.230645440999922 ], [ -65.147450324999909, -68.207940362999921 ], [ -65.249867316999939, -68.256605726999908 ], [ -65.303944464999915, -68.253106377999927 ], [ -65.351063605999911, -68.288262627999927 ], [ -65.493885870999918, -68.317071221999925 ], [ -65.473947719999899, -68.365899346999925 ], [ -65.436390753999945, -68.381442966999941 ], [ -65.081125454999949, -68.36451588299991 ], [ -64.975697394999941, -68.407810153999947 ], [ -65.077137824999909, -68.461846612999921 ], [ -65.177723761999914, -68.485935153999947 ], [ -65.229969855999911, -68.516534112999921 ], [ -65.347401495999918, -68.533786716999941 ], [ -65.327992316999939, -68.572523695999905 ], [ -65.256988084999932, -68.584405205999929 ], [ -65.262603318999936, -68.618340752999927 ], [ -65.243804490999935, -68.629489841999941 ], [ -65.166493292999917, -68.62859465899993 ], [ -65.12759355399993, -68.65203215899993 ], [ -65.060902472999942, -68.650323174999926 ], [ -64.816151495999918, -68.689629815999922 ], [ -64.661488410999937, -68.672621351999908 ], [ -64.587269660999937, -68.751722914999903 ], [ -64.52798417899993, -68.773532809999949 ], [ -64.452381964999915, -68.765883070999905 ], [ -64.359445766999954, -68.78443775799991 ], [ -64.413889126999948, -68.73756275799991 ], [ -64.373158331999946, -68.738376559999949 ], [ -64.274728969999899, -68.778741143999923 ], [ -64.084868943999936, -68.829522393999923 ], [ -64.033029751999948, -68.83131275799991 ], [ -64.052886522999927, -68.799004815999922 ], [ -64.180165167999917, -68.747653903999947 ], [ -64.000599738999938, -68.754327080999929 ], [ -64.077381964999915, -68.714939059999949 ], [ -64.325835740999935, -68.642185153999947 ], [ -64.281605597999942, -68.632907809999949 ], [ -64.181060350999928, -68.649102471999925 ], [ -64.145619269999941, -68.631768487999921 ], [ -64.235747850999928, -68.59539153399993 ], [ -64.257313605999911, -68.573825778999947 ], [ -64.139637824999909, -68.585381768999923 ], [ -64.14476477799991, -68.559991143999923 ], [ -64.127837693999936, -68.545017184999949 ], [ -63.989165818999936, -68.491387627999927 ], [ -63.328480597999942, -68.415134372999944 ], [ -62.87173417899993, -68.420668226999908 ], [ -62.857574022999927, -68.43328215899993 ], [ -62.873199022999927, -68.459730726999908 ], [ -62.92446855399993, -68.505791924999926 ], [ -62.982167120999918, -68.502211195999905 ], [ -63.119862433999913, -68.457207940999922 ], [ -63.237904425999943, -68.446465752999927 ], [ -63.328928188999953, -68.471449476999908 ], [ -63.431467251999948, -68.538669528999947 ], [ -63.465443488999938, -68.547539971999925 ], [ -63.663400844999899, -68.548597914999903 ], [ -63.760609503999945, -68.580987237999921 ], [ -63.824045376999948, -68.639825127999927 ], [ -63.820301886999914, -68.652601820999905 ], [ -63.779896613999938, -68.670098565999922 ], [ -63.848500128999945, -68.67742278399993 ], [ -63.812896287999934, -68.717950127999927 ], [ -63.370757615999935, -68.774102471999925 ], [ -63.28579667899993, -68.799737237999921 ], [ -63.212310350999928, -68.838636976999908 ], [ -63.276356574999909, -68.858330987999921 ], [ -63.438099738999938, -68.817152601999908 ], [ -63.512684699999909, -68.813246351999908 ], [ -63.488392706999946, -68.837090752999927 ], [ -63.388579881999931, -68.880466403999947 ], [ -63.409250454999949, -68.898207289999903 ], [ -63.463612433999913, -68.902927341999941 ], [ -63.477121548999946, -68.923923434999949 ], [ -63.405100063999953, -68.935804945999905 ], [ -63.650054490999935, -68.960137627999927 ], [ -63.829213019999941, -68.942559502999927 ], [ -63.888295050999943, -68.957207940999922 ], [ -63.902495897999927, -68.966973565999922 ], [ -63.897084113999938, -68.982598565999922 ], [ -63.867543097999942, -69.007012627999927 ], [ -63.624623175999943, -69.043877862999921 ], [ -63.303537563999953, -69.055596612999921 ], [ -63.329416469999899, -69.096856377999927 ], [ -63.435536261999914, -69.157972914999903 ], [ -63.396351691999939, -69.186293226999908 ], [ -63.343129035999937, -69.196384372999944 ], [ -63.238677537999934, -69.188653252999927 ], [ -63.172678188999953, -69.162530205999929 ], [ -63.12132727799991, -69.191338799999926 ], [ -63.060373501999948, -69.253513278999947 ], [ -63.07054602799991, -69.306410414999903 ], [ -63.056996222999942, -69.328220309999949 ], [ -62.986317511999914, -69.373630466999941 ], [ -62.962513800999943, -69.379001559999949 ], [ -62.798939581999946, -69.348402601999908 ], [ -62.745228644999941, -69.352227471999925 ], [ -62.653431769999941, -69.388929945999905 ], [ -62.595814581999946, -69.467950127999927 ], [ -62.558583136999914, -69.492771091999941 ], [ -62.439605272999927, -69.487237237999921 ], [ -62.397287563999953, -69.515232028999947 ], [ -62.402211066999939, -69.57935963299991 ], [ -62.381825324999909, -69.655043226999908 ], [ -62.39289303299995, -69.706801039999903 ], [ -62.46125240799995, -69.815524997999944 ], [ -62.529652472999942, -69.863946221999925 ], [ -62.313303188999953, -69.91920338299991 ], [ -62.282378709999932, -69.951836846999925 ], [ -62.327259894999941, -69.982598565999922 ], [ -62.264149542999917, -70.000583591999941 ], [ -62.170318162999934, -70.006768487999921 ], [ -62.009266730999911, -70.07586028399993 ], [ -61.948353644999941, -70.144789320999905 ], [ -61.868723110999952, -70.20826588299991 ], [ -61.917307094999899, -70.25123463299991 ], [ -62.014556443999936, -70.292575778999947 ], [ -62.071034308999913, -70.25709400799991 ], [ -62.183176235999952, -70.247247002999927 ], [ -62.239857550999943, -70.219333591999941 ], [ -62.393462693999936, -70.218845309999949 ], [ -62.322173631999931, -70.276950778999947 ], [ -62.346913214999915, -70.291599216999941 ], [ -62.436390753999945, -70.304782809999949 ], [ -62.403431769999941, -70.337823174999926 ], [ -62.407215949999909, -70.405450127999927 ], [ -62.170277472999942, -70.42156340899993 ], [ -62.147938605999911, -70.437595309999949 ], [ -62.136463995999918, -70.49537525799991 ], [ -62.185454881999931, -70.537204684999949 ], [ -62.144886847999942, -70.552504164999903 ], [ -62.089833136999914, -70.547621351999908 ], [ -61.935170050999943, -70.499444268999923 ], [ -61.474110480999911, -70.493096612999921 ], [ -61.416371222999942, -70.502211195999905 ], [ -61.354237433999913, -70.561130466999941 ], [ -61.429432745999918, -70.590508721999925 ], [ -61.681141730999911, -70.61882903399993 ], [ -61.627552863999938, -70.65007903399993 ], [ -61.625396287999934, -70.670098565999922 ], [ -61.687896287999934, -70.707126559999949 ], [ -61.839995897999927, -70.736911716999941 ], [ -62.009632941999939, -70.71998463299991 ], [ -62.129261847999942, -70.723402601999908 ], [ -62.116200324999909, -70.749444268999923 ], [ -62.138091600999928, -70.770603122999944 ], [ -62.005767381999931, -70.793145440999922 ], [ -62.018299933999913, -70.836032809999949 ], [ -62.046538865999935, -70.872247002999927 ], [ -62.032582160999937, -70.903008721999925 ], [ -61.970204230999911, -70.924981377999927 ], [ -61.793039516999954, -70.91961028399993 ], [ -61.75845292899993, -70.909763278999947 ], [ -61.704213019999941, -70.862074476999908 ], [ -61.666818813999953, -70.849704684999949 ], [ -61.554432745999918, -70.841241143999923 ], [ -61.30500240799995, -70.856052341999941 ], [ -61.276519334999932, -70.869886976999908 ], [ -61.261708136999914, -70.89421965899993 ], [ -61.266957160999937, -70.93092213299991 ], [ -61.30728105399993, -70.988457940999922 ], [ -61.371205206999946, -71.015720309999949 ], [ -61.333851691999939, -71.039971612999921 ], [ -61.261057094999899, -71.028008721999925 ], [ -61.176584438999953, -71.033379815999922 ], [ -61.184559699999909, -71.056410414999903 ], [ -61.216786261999914, -71.082940362999921 ], [ -61.208607550999943, -71.100518487999921 ], [ -61.020090298999946, -71.135186455999929 ], [ -60.934559699999909, -71.182224216999941 ], [ -60.925363735999952, -71.220147393999923 ], [ -60.966867641999954, -71.234307549999926 ], [ -61.225331183999913, -71.217950127999927 ], [ -61.277414516999954, -71.224379164999903 ], [ -61.243641730999911, -71.250258070999905 ], [ -61.200917120999918, -71.261488539999903 ], [ -61.011219855999911, -71.286065362999921 ], [ -60.924183722999942, -71.338636976999908 ], [ -60.983754035999937, -71.366794528999947 ], [ -61.038970506999931, -71.36687590899993 ], [ -61.291900193999936, -71.314385674999926 ], [ -61.361887173999946, -71.309177341999941 ], [ -61.417388475999928, -71.322523695999905 ], [ -61.365386522999927, -71.340427341999941 ], [ -61.337066209999932, -71.364678643999923 ], [ -61.129302537999934, -71.414808851999908 ], [ -61.335804816999939, -71.465915622999944 ], [ -61.554025844999899, -71.447360934999949 ], [ -61.542225714999915, -71.50554778399993 ], [ -61.593129035999937, -71.529880466999941 ], [ -61.725819464999915, -71.532810153999947 ], [ -61.706898566999939, -71.586195570999905 ], [ -61.724598761999914, -71.604668877999927 ], [ -61.813628709999932, -71.627048434999949 ], [ -62.05492102799991, -71.62232838299991 ], [ -62.112212693999936, -71.639825127999927 ], [ -62.068226691999939, -71.673597914999903 ], [ -61.557240363999938, -71.690606377999927 ], [ -61.283802863999938, -71.593357028999947 ], [ -61.265126105999911, -71.558526299999926 ], [ -61.14126542899993, -71.53289153399993 ], [ -61.062123175999943, -71.589450778999947 ], [ -60.945790167999917, -71.619073174999926 ], [ -60.998524542999917, -71.639825127999927 ], [ -60.980336066999939, -71.660821221999925 ], [ -60.838246222999942, -71.662774346999925 ], [ -60.777943488999938, -71.67701588299991 ], [ -60.786529100999928, -71.691989841999941 ], [ -60.835275844999899, -71.711521091999941 ], [ -60.771555141999954, -71.760023695999905 ], [ -60.797840949999909, -71.781508070999905 ], [ -60.861805792999917, -71.788832289999903 ], [ -60.957102016999954, -71.772067966999941 ], [ -61.048654751999948, -71.739841403999947 ], [ -61.097035285999937, -71.708103122999944 ], [ -61.16274980399993, -71.718845309999949 ], [ -61.12913977799991, -71.76336028399993 ], [ -61.056060350999928, -71.796970309999949 ], [ -61.103098110999952, -71.805596612999921 ], [ -61.088042772999927, -71.819268487999921 ], [ -61.027211066999939, -71.832289320999905 ], [ -61.065744594999899, -71.845310153999947 ], [ -61.091786261999914, -71.871026299999926 ], [ -61.319650844999899, -71.875095309999949 ], [ -61.497222459999932, -71.854913018999923 ], [ -61.77603105399993, -71.868747653999947 ], [ -61.890451626999948, -71.897637627999927 ], [ -62.440907355999911, -71.91961028399993 ], [ -62.397368943999936, -71.96062590899993 ], [ -62.297596808999913, -71.987481377999927 ], [ -62.112212693999936, -72.009535414999903 ], [ -62.13312740799995, -72.028252862999921 ], [ -62.349110480999911, -72.097588799999926 ], [ -62.312652147999927, -72.131605726999908 ], [ -62.254302537999934, -72.135186455999929 ], [ -62.13540605399993, -72.111260674999926 ], [ -61.908111131999931, -72.092217705999929 ], [ -61.73265540299991, -72.049004815999922 ], [ -61.674305792999917, -72.04656340899993 ], [ -61.427398240999935, -72.065199476999908 ], [ -61.376210089999915, -72.078057549999926 ], [ -61.286691860999952, -72.133477471999925 ], [ -61.166981574999909, -72.169854424999926 ], [ -61.148548956999946, -72.154717705999929 ], [ -61.153675910999937, -72.129327080999929 ], [ -61.191802537999934, -72.087334893999923 ], [ -61.173695441999939, -72.066989841999941 ], [ -61.117014126999948, -72.05006275799991 ], [ -60.870594855999911, -72.04656340899993 ], [ -60.693837042999917, -71.997816664999903 ], [ -60.668324347999942, -72.010186455999929 ], [ -60.652455206999946, -72.078220309999949 ], [ -60.66234290299991, -72.106133721999925 ], [ -60.688628709999932, -72.120212497999944 ], [ -60.937855597999942, -72.158379815999922 ], [ -61.009388800999943, -72.15357838299991 ], [ -61.071888800999943, -72.191338799999926 ], [ -60.843006964999915, -72.188571872999944 ], [ -60.749623175999943, -72.204847914999903 ], [ -60.687245245999918, -72.230889580999929 ], [ -60.661773240999935, -72.255791924999926 ], [ -60.668446417999917, -72.298923434999949 ], [ -60.654408331999946, -72.312595309999949 ], [ -60.674387173999946, -72.325372002999927 ], [ -60.861398891999954, -72.316989841999941 ], [ -60.998036261999914, -72.356215101999908 ], [ -60.965931769999941, -72.369317315999922 ], [ -60.692209438999953, -72.37468840899993 ], [ -60.656117316999939, -72.38600025799991 ], [ -60.637318488999938, -72.407321872999944 ], [ -60.642567511999914, -72.429945570999905 ], [ -60.679025844999899, -72.445570570999905 ], [ -60.823475714999915, -72.465101820999905 ], [ -61.142079230999911, -72.454196872999944 ], [ -61.464670376999948, -72.407321872999944 ], [ -61.457183397999927, -72.42896900799991 ], [ -61.365630662999934, -72.465997002999927 ], [ -61.47101803299995, -72.497816664999903 ], [ -61.401763475999928, -72.533623955999929 ], [ -61.275502081999946, -72.526055596999925 ], [ -61.215443488999938, -72.638116143999923 ], [ -61.257964647999927, -72.652927341999941 ], [ -61.420277472999942, -72.64576588299991 ], [ -61.39289303299995, -72.670017184999949 ], [ -61.259266730999911, -72.691338799999926 ], [ -61.208485480999911, -72.720635674999926 ], [ -61.215321417999917, -72.763929945999905 ], [ -61.136586066999939, -72.783298434999949 ], [ -61.099598761999914, -72.767673434999949 ], [ -61.041818813999953, -72.701592705999929 ], [ -61.004383917999917, -72.686618747999944 ], [ -60.863392706999946, -72.68132903399993 ], [ -60.736073370999918, -72.654392184999949 ], [ -60.552398240999935, -72.655857028999947 ], [ -60.520415818999936, -72.682712497999944 ], [ -60.500355597999942, -72.720961195999905 ], [ -60.491688605999911, -72.791192315999922 ], [ -60.511586066999939, -72.828220309999949 ], [ -60.579701300999943, -72.890394789999903 ], [ -60.664418097999942, -72.915622653999947 ], [ -60.622141079999949, -72.942315362999921 ], [ -60.769927537999934, -73.035414320999905 ], [ -60.782215949999909, -73.049899997999944 ], [ -60.763539191999939, -73.074476820999905 ], [ -60.604969855999911, -73.022393487999921 ], [ -60.552235480999911, -72.980564059999949 ], [ -60.356760219999899, -73.05201588299991 ], [ -60.275746222999942, -73.045993747999944 ], [ -60.246978318999936, -73.033949476999908 ], [ -60.183745897999927, -72.957289320999905 ], [ -60.082102016999954, -72.874769789999903 ], [ -60.010650193999936, -72.871758721999925 ], [ -59.949370897999927, -72.895196221999925 ], [ -59.946156378999945, -72.922051690999922 ], [ -59.904123501999948, -72.99342213299991 ], [ -59.915435350999928, -73.024997653999947 ], [ -59.997181769999941, -73.081638278999947 ], [ -60.030100063999953, -73.121270440999922 ], [ -60.037098761999914, -73.169854424999926 ], [ -59.975209113999938, -73.238213799999926 ], [ -60.026600714999915, -73.27898528399993 ], [ -60.093576626999948, -73.299248955999929 ], [ -60.378285285999937, -73.321709893999923 ], [ -60.450428839999915, -73.301934502999927 ], [ -60.469349738999938, -73.227308851999908 ], [ -60.598622199999909, -73.18482838299991 ], [ -60.624663865999935, -73.195489190999922 ], [ -60.63898678299995, -73.223728122999944 ], [ -60.683664516999954, -73.371270440999922 ], [ -60.703114386999914, -73.391045830999929 ], [ -60.734445766999954, -73.398044528999947 ], [ -60.83462480399993, -73.384942315999922 ], [ -60.816965298999946, -73.333754164999903 ], [ -60.820668097999942, -73.309177341999941 ], [ -60.877919074999909, -73.241957289999903 ], [ -60.894683397999927, -73.248955987999921 ], [ -60.918324347999942, -73.316338799999926 ], [ -60.949615037999934, -73.342868747999944 ], [ -60.989613410999937, -73.352959893999923 ], [ -61.082753058999913, -73.347426039999903 ], [ -61.167632615999935, -73.319756768999923 ], [ -61.255441860999952, -73.244398695999905 ], [ -61.25454667899993, -73.211195570999905 ], [ -61.229644334999932, -73.201836846999925 ], [ -61.369984503999945, -73.203708591999941 ], [ -61.447092251999948, -73.158135674999926 ], [ -61.544422980999911, -73.175957940999922 ], [ -62.001698370999918, -73.104180596999925 ], [ -62.06509355399993, -73.130466403999947 ], [ -61.961333787999934, -73.184665622999944 ], [ -61.646066860999952, -73.252048434999949 ], [ -61.626535610999952, -73.285088799999926 ], [ -61.766102667999917, -73.246189059999949 ], [ -61.95531165299991, -73.22389088299991 ], [ -62.001820441999939, -73.230564059999949 ], [ -61.816314256999931, -73.260186455999929 ], [ -61.568470831999946, -73.353122653999947 ], [ -61.53929602799991, -73.392185153999947 ], [ -61.886057094999899, -73.365004164999903 ], [ -61.934803839999915, -73.372165622999944 ], [ -61.90689042899993, -73.416192315999922 ], [ -61.814442511999914, -73.424574476999908 ], [ -61.712880011999914, -73.460137627999927 ], [ -61.717600063999953, -73.517185153999947 ], [ -61.68781490799995, -73.535902601999908 ], [ -61.562570766999954, -73.537692966999941 ], [ -61.507801886999914, -73.487481377999927 ], [ -61.452300584999932, -73.47779713299991 ], [ -61.302113410999937, -73.495293877999927 ], [ -61.241810675999943, -73.535821221999925 ], [ -61.120187954999949, -73.524021091999941 ], [ -60.799549933999913, -73.577894789999903 ], [ -60.844960089999915, -73.621351820999905 ], [ -60.902821417999917, -73.646254164999903 ], [ -61.030913865999935, -73.672946872999944 ], [ -61.00649980399993, -73.701104424999926 ], [ -61.145619269999941, -73.737888278999947 ], [ -60.986236131999931, -73.74732838299991 ], [ -60.862700975999928, -73.703383070999905 ], [ -60.784250454999949, -73.694512627999927 ], [ -60.734730597999942, -73.715752862999921 ], [ -60.813954230999911, -73.771416924999926 ], [ -60.879953579999949, -73.842868747999944 ], [ -60.91079667899993, -73.899834893999923 ], [ -60.98656165299991, -73.955336195999905 ], [ -61.031239386999914, -73.965020440999922 ], [ -61.232411261999914, -73.958184502999927 ], [ -61.34829667899993, -73.926446221999925 ], [ -61.388091600999928, -73.881768487999921 ], [ -61.43773352799991, -73.873223565999922 ], [ -61.540638800999943, -73.892673434999949 ], [ -61.691965298999946, -73.886163018999923 ], [ -61.791005011999914, -73.906670830999929 ], [ -61.746978318999936, -73.930840752999927 ], [ -61.581939256999931, -73.969903252999927 ], [ -61.648833787999934, -73.992933851999908 ], [ -61.859283006999931, -74.029880466999941 ], [ -61.775135870999918, -74.042575778999947 ], [ -61.49046790299991, -74.015557549999926 ], [ -61.405181443999936, -74.032647393999923 ], [ -61.350453253999945, -74.066176039999903 ], [ -61.084136522999927, -74.063246351999908 ], [ -61.055775519999941, -74.073174737999921 ], [ -61.055409308999913, -74.103122653999947 ], [ -61.13345292899993, -74.164157809999949 ], [ -61.241566535999937, -74.209730726999908 ], [ -61.404408331999946, -74.248630466999941 ], [ -61.484730597999942, -74.254164320999905 ], [ -61.454986131999931, -74.224216403999947 ], [ -61.551177537999934, -74.225274346999925 ], [ -61.569406704999949, -74.195082289999903 ], [ -61.553863084999932, -74.17506275799991 ], [ -61.663726365999935, -74.190524997999944 ], [ -61.756947394999941, -74.25123463299991 ], [ -61.978098110999952, -74.244235934999949 ], [ -61.888010219999899, -74.277601820999905 ], [ -61.86937415299991, -74.299493096999925 ], [ -61.901600714999915, -74.308363539999903 ], [ -61.884632941999939, -74.32545338299991 ], [ -61.856597459999932, -74.328708591999941 ], [ -61.644195115999935, -74.297539971999925 ], [ -61.491037563999953, -74.328871351999908 ], [ -61.278716600999928, -74.329847914999903 ], [ -61.068023240999935, -74.300551039999903 ], [ -60.858143683999913, -74.245212497999944 ], [ -60.751332160999937, -74.235528252999927 ], [ -60.650013800999943, -74.254001559999949 ], [ -60.640248175999943, -74.29265715899993 ], [ -60.68195553299995, -74.324802341999941 ], [ -60.883656378999945, -74.378676039999903 ], [ -60.978382941999939, -74.42115650799991 ], [ -60.905995245999918, -74.449151299999926 ], [ -60.977894660999937, -74.497165622999944 ], [ -61.067860480999911, -74.519626559999949 ], [ -61.542713995999918, -74.544040622999944 ], [ -61.595611131999931, -74.537286065999922 ], [ -61.642933722999942, -74.498630466999941 ], [ -61.707508917999917, -74.505791924999926 ], [ -62.112782355999911, -74.464288018999923 ], [ -62.205148891999954, -74.431410414999903 ], [ -62.363880988999938, -74.403497002999927 ], [ -62.33421790299991, -74.458103122999944 ], [ -62.277455206999946, -74.492120049999926 ], [ -62.137318488999938, -74.565118096999925 ], [ -62.007883266999954, -74.596123955999929 ], [ -61.858387824999909, -74.702080987999921 ], [ -61.788156704999949, -74.712090752999927 ], [ -61.792225714999915, -74.77898528399993 ], [ -61.825103318999936, -74.821058851999908 ], [ -61.872954881999931, -74.851495049999926 ], [ -62.131906704999949, -74.951592705999929 ], [ -62.525990363999938, -74.997247002999927 ], [ -62.575266079999949, -74.976739190999922 ], [ -62.591053839999915, -74.951104424999926 ], [ -62.579579230999911, -74.898858330999929 ], [ -62.608957485999952, -74.820977471999925 ], [ -62.60773678299995, -74.794691664999903 ], [ -62.587757941999939, -74.773858330999929 ], [ -62.689076300999943, -74.753106377999927 ], [ -62.69399980399993, -74.718194268999923 ], [ -62.673166469999899, -74.703301690999922 ], [ -62.701283331999946, -74.677992445999905 ], [ -62.84439042899993, -74.708428643999923 ], [ -63.119007941999939, -74.652276299999926 ], [ -63.187611456999946, -74.668633721999925 ], [ -63.265695766999954, -74.668145440999922 ], [ -63.292958136999914, -74.720147393999923 ], [ -63.148426886999914, -74.788506768999923 ], [ -63.106922980999911, -74.822035414999903 ], [ -63.070179816999939, -74.868096612999921 ], [ -63.062245245999918, -74.892510674999926 ], [ -63.076893683999913, -74.908461195999905 ], [ -63.181223110999952, -74.919366143999923 ], [ -63.40493730399993, -74.898695570999905 ], [ -63.520090298999946, -74.867771091999941 ], [ -63.573109503999945, -74.871351820999905 ], [ -63.606312628999945, -74.916273695999905 ], [ -63.586496548999946, -74.922295830999929 ], [ -63.609730597999942, -74.93678150799991 ], [ -64.021392381999931, -74.979424737999921 ], [ -64.085601365999935, -74.998630466999941 ], [ -63.964507615999935, -75.013116143999923 ], [ -63.900380011999914, -75.035251559999949 ], [ -63.34398352799991, -75.007419528999947 ], [ -63.277902798999946, -75.015394789999903 ], [ -63.068186001999948, -75.12078215899993 ], [ -63.040923631999931, -75.147230726999908 ], [ -63.303618943999936, -75.17742278399993 ], [ -63.509632941999939, -75.159356377999927 ], [ -64.15884355399993, -75.22429778399993 ], [ -64.272328253999945, -75.241143487999921 ], [ -64.40062415299991, -75.291273695999905 ], [ -64.434437628999945, -75.317559502999927 ], [ -64.371693488999938, -75.334893487999921 ], [ -64.348988410999937, -75.36451588299991 ], [ -64.329945441999939, -75.366387627999927 ], [ -64.196766730999911, -75.335707289999903 ], [ -64.111439581999946, -75.349867445999905 ], [ -63.762115037999934, -75.324639580999929 ], [ -63.084543423999946, -75.351657809999949 ], [ -63.106678839999915, -75.385511976999908 ], [ -63.161610480999911, -75.40943775799991 ], [ -65.010853644999941, -75.787286065999922 ], [ -65.264759894999941, -75.791436455999929 ], [ -65.377105272999927, -75.842868747999944 ], [ -66.142079230999911, -75.98560963299991 ], [ -66.218617316999939, -76.010837497999944 ], [ -68.104318813999953, -76.147881768999923 ], [ -68.14671790299991, -76.16570403399993 ], [ -68.039540167999917, -76.218194268999923 ], [ -67.949208136999914, -76.215915622999944 ], [ -69.47484290299991, -76.340997002999927 ], [ -69.546783006999931, -76.326918226999908 ], [ -69.852650519999941, -76.393487237999921 ], [ -69.927072719999899, -76.391371351999908 ], [ -70.100819464999915, -76.423923434999949 ], [ -70.180897589999915, -76.450616143999923 ], [ -70.073841925999943, -76.473239841999941 ], [ -69.854074673999946, -76.451104424999926 ], [ -69.74632727799991, -76.469496351999908 ], [ -70.049916144999941, -76.498711846999925 ], [ -69.99673417899993, -76.520603122999944 ], [ -69.816151495999918, -76.522230726999908 ], [ -69.853627081999946, -76.533298434999949 ], [ -69.978382941999939, -76.534600518999923 ], [ -70.099517381999931, -76.565199476999908 ], [ -70.119252081999946, -76.589043877999927 ], [ -70.080474412999934, -76.617364190999922 ], [ -69.827381964999915, -76.613946221999925 ], [ -69.96548417899993, -76.632256768999923 ], [ -70.094309048999946, -76.67506275799991 ], [ -69.941761847999942, -76.667168877999927 ], [ -70.014027472999942, -76.693617445999905 ], [ -70.332142706999946, -76.677666924999926 ], [ -70.580799933999913, -76.710870049999926 ], [ -70.369496222999942, -76.715264580999929 ], [ -70.586740688999953, -76.749444268999923 ], [ -70.774810350999928, -76.733493747999944 ], [ -70.793812628999945, -76.751397393999923 ], [ -70.964344855999911, -76.738946221999925 ], [ -71.709055141999897, -76.762790622999944 ], [ -72.406239386999914, -76.689385674999926 ], [ -72.57054602799991, -76.704522393999923 ], [ -72.881418423999946, -76.672133070999905 ], [ -72.926991339999915, -76.707207940999922 ], [ -72.974354620999918, -76.71257903399993 ], [ -73.060454881999931, -76.691501559999949 ], [ -73.936838344999899, -76.653008721999925 ], [ -73.899403449999909, -76.680271091999941 ], [ -73.793812628999945, -76.685723565999922 ], [ -73.770741339999915, -76.695489190999922 ], [ -73.766590949999909, -76.719008070999905 ], [ -74.082020636999914, -76.693617445999905 ], [ -75.210275844999899, -76.565199476999908 ], [ -75.259144660999937, -76.564873955999929 ], [ -75.271555141999897, -76.596774997999944 ], [ -75.332630988999938, -76.603122653999947 ], [ -75.666737433999913, -76.561293226999908 ], [ -75.609120245999918, -76.57976653399993 ], [ -75.592600063999953, -76.608168226999908 ], [ -75.67992102799991, -76.644789320999905 ], [ -75.810414191999939, -76.638116143999923 ], [ -75.894276495999918, -76.621026299999926 ], [ -76.053822394999941, -76.561700127999927 ], [ -76.138010219999899, -76.549004815999922 ], [ -76.377064581999946, -76.568129164999903 ], [ -76.541615363999938, -76.516778252999927 ], [ -76.625070766999897, -76.538995049999926 ], [ -76.641102667999917, -76.565118096999925 ], [ -76.770497199999909, -76.578708591999941 ], [ -76.766468878999945, -76.607517184999949 ], [ -76.708322719999899, -76.674411716999941 ], [ -76.751779751999948, -76.670098565999922 ], [ -76.929066535999937, -76.603773695999905 ], [ -77.118153449999909, -76.560642184999949 ], [ -77.315581834999932, -76.554864190999922 ], [ -77.456898566999939, -76.480075778999947 ], [ -77.384877081999946, -76.545017184999949 ], [ -77.41437740799995, -76.556084893999923 ], [ -77.509266730999911, -76.556084893999923 ], [ -77.425892706999946, -76.627211195999905 ], [ -77.531646287999934, -76.596449476999908 ], [ -77.693470831999946, -76.48756275799991 ], [ -77.697010870999918, -76.516289971999925 ], [ -77.675404425999943, -76.535088799999926 ], [ -77.614328579999949, -76.558770440999922 ], [ -77.50845292899993, -76.630466403999947 ], [ -77.524973110999952, -76.649102471999925 ], [ -77.530425584999932, -76.683851820999905 ], [ -77.569081183999913, -76.698825778999947 ], [ -77.523589647999927, -76.72975025799991 ], [ -77.186879035999937, -76.826592705999929 ], [ -77.038889126999948, -76.925225518999923 ], [ -76.867909308999913, -76.973565362999921 ], [ -76.822336391999897, -77.005466403999947 ], [ -76.831898566999939, -77.026055596999925 ], [ -76.863352016999897, -77.029554945999905 ], [ -76.984527147999927, -77.011651299999926 ], [ -77.011057094999899, -77.027601820999905 ], [ -76.999867316999939, -77.03639088299991 ], [ -76.859120245999918, -77.08562590899993 ], [ -76.722320115999935, -77.081963799999926 ], [ -76.473947719999899, -77.163995049999926 ], [ -76.32258053299995, -77.262872002999927 ], [ -76.266713019999941, -77.285821221999925 ], [ -76.088286912999934, -77.33171965899993 ], [ -75.921294725999928, -77.336602471999925 ], [ -75.871571417999917, -77.349541924999926 ], [ -75.910552537999934, -77.364678643999923 ], [ -75.786610480999911, -77.425225518999923 ], [ -75.668120897999927, -77.446384372999944 ], [ -75.564849412999934, -77.503106377999927 ], [ -75.526600714999915, -77.541192315999922 ], [ -75.436675584999932, -77.54810963299991 ], [ -75.308705206999946, -77.473077080999929 ], [ -75.08039303299995, -77.437107028999947 ], [ -72.722279425999943, -77.575616143999923 ], [ -72.796701626999948, -77.600762627999927 ], [ -72.759877081999946, -77.636895440999922 ], [ -72.760975714999915, -77.656182549999926 ], [ -72.804514126999948, -77.698988539999903 ], [ -73.04328365799995, -77.800388278999947 ], [ -73.119740363999938, -77.856377862999921 ], [ -73.498158331999946, -77.986504815999922 ], [ -73.431060350999928, -77.999444268999923 ], [ -73.465646938999953, -78.014743747999944 ], [ -73.499256964999915, -78.018487237999921 ], [ -73.516468878999945, -77.997653903999947 ], [ -73.542551235999952, -77.998630466999941 ], [ -73.627308722999942, -78.024997653999947 ], [ -74.269439256999931, -78.129164320999905 ], [ -74.186879035999937, -78.134942315999922 ], [ -73.933257615999935, -78.112399997999944 ], [ -74.055653449999909, -78.137139580999929 ], [ -74.891957160999937, -78.168064059999949 ], [ -74.997873501999948, -78.184340101999908 ], [ -74.976185675999943, -78.200941664999903 ], [ -74.995757615999935, -78.21998463299991 ], [ -75.047352667999917, -78.231622002999927 ], [ -75.087554490999935, -78.219659112999921 ], [ -75.11978105399993, -78.181817315999922 ], [ -75.217640753999945, -78.144626559999949 ], [ -77.685414191999939, -77.929864190999922 ], [ -77.783314581999946, -77.948418877999927 ], [ -79.145578579999949, -77.844659112999921 ], [ -79.315256313999953, -77.876560153999947 ], [ -79.423695441999939, -77.878024997999944 ], [ -79.967355923999946, -77.812920830999929 ], [ -80.227162238999938, -77.797784112999921 ], [ -80.386097785999937, -77.751560153999947 ], [ -80.57640540299991, -77.723728122999944 ], [ -80.769357876999948, -77.669854424999926 ], [ -80.749623175999943, -77.690036716999941 ], [ -80.65689042899993, -77.724867445999905 ], [ -80.704986131999931, -77.764092705999929 ], [ -80.762277798999946, -77.789971612999921 ], [ -81.157093878999945, -77.852308851999908 ], [ -81.398508266999897, -77.833103122999944 ], [ -81.667469855999911, -77.84148528399993 ], [ -81.616200324999909, -77.862074476999908 ], [ -77.412505662999934, -78.41961028399993 ], [ -77.366566535999937, -78.447930596999925 ], [ -77.364328579999949, -78.501722914999903 ], [ -77.33071855399993, -78.533786716999941 ], [ -77.329416469999899, -78.597832940999922 ], [ -77.361195441999939, -78.624444268999923 ], [ -77.754017706999946, -78.735772393999923 ], [ -80.29523678299995, -78.846774997999944 ], [ -82.404367641999897, -78.470472914999903 ], [ -82.487049933999913, -78.465752862999921 ], [ -83.767648891999897, -77.96803150799991 ], [ -83.824126756999931, -77.97389088299991 ], [ -83.828602667999917, -77.996677341999941 ], [ -83.780018683999913, -78.047539971999925 ], [ -83.725087042999917, -78.135674737999921 ], [ -83.661773240999935, -78.167738539999903 ], [ -83.559966600999928, -78.177178643999923 ], [ -83.596669074999909, -78.202080987999921 ], [ -83.591297980999911, -78.22625090899993 ], [ -83.379709438999896, -78.29851653399993 ], [ -83.305653449999909, -78.302666924999926 ], [ -83.217884894999941, -78.334567966999941 ], [ -83.181630011999914, -78.360935153999947 ], [ -83.020985480999911, -78.428480726999908 ], [ -82.994984503999945, -78.466241143999923 ], [ -82.944935675999943, -78.473321221999925 ], [ -83.045887824999909, -78.504815362999921 ], [ -83.105336066999939, -78.50514088299991 ], [ -83.143788214999915, -78.486260674999926 ], [ -83.113758917999917, -78.469414971999925 ], [ -83.239816860999952, -78.398532809999949 ], [ -83.28579667899993, -78.392185153999947 ], [ -83.417388475999928, -78.40593840899993 ], [ -83.461822068999936, -78.392754815999922 ], [ -83.428293423999946, -78.371189059999949 ], [ -83.386870897999927, -78.364678643999923 ], [ -83.407093878999945, -78.351820570999905 ], [ -83.681263800999943, -78.327243747999944 ], [ -83.739979620999918, -78.360935153999947 ], [ -83.734730597999942, -78.385837497999944 ], [ -83.710031704999949, -78.397230726999908 ], [ -83.744252081999946, -78.418145440999922 ], [ -83.886138475999928, -78.419366143999923 ], [ -83.803944464999915, -78.501071872999944 ], [ -83.719634568999936, -78.560153903999947 ], [ -83.541005011999914, -78.629164320999905 ], [ -83.403391079999949, -78.714939059999949 ], [ -83.253529425999943, -78.77271900799991 ], [ -82.918080206999946, -78.858575127999927 ], [ -82.728382941999939, -78.875664971999925 ], [ -82.585682745999918, -78.867852471999925 ], [ -82.56663977799991, -78.894707940999922 ], [ -82.607167120999918, -78.91139088299991 ], [ -82.607045050999943, -78.929620049999926 ], [ -82.479847785999937, -78.967054945999905 ], [ -82.389027472999942, -78.969333591999941 ], [ -81.742787238999938, -79.065362237999921 ], [ -81.706898566999939, -79.091241143999923 ], [ -81.410145636999914, -79.173597914999903 ], [ -81.45335852799991, -79.188571872999944 ], [ -81.388254360999952, -79.215508721999925 ], [ -81.277211066999939, -79.194512627999927 ], [ -81.10570227799991, -79.203383070999905 ], [ -81.274973110999952, -79.254815362999921 ], [ -81.319325324999909, -79.29851653399993 ], [ -81.168527798999946, -79.448174737999921 ], [ -81.117339647999927, -79.469903252999927 ], [ -80.492339647999927, -79.577894789999903 ], [ -80.411936001999948, -79.551934502999927 ], [ -80.385975714999915, -79.508233330999929 ], [ -80.401437954999949, -79.489027601999908 ], [ -80.507069464999915, -79.445977471999925 ], [ -80.545399542999917, -79.414320570999905 ], [ -80.537220831999946, -79.323663018999923 ], [ -80.530425584999932, -79.304294528999947 ], [ -80.48656165299991, -79.273614190999922 ], [ -80.429351365999935, -79.258477471999925 ], [ -76.532582160999937, -79.312920830999929 ], [ -76.327300584999932, -79.377211195999905 ], [ -76.216379360999952, -79.391778252999927 ], [ -76.066273566999939, -79.435316664999903 ], [ -75.970204230999911, -79.523370049999926 ], [ -75.924631313999953, -79.520277601999908 ], [ -75.92446855399993, -79.54225025799991 ], [ -75.938547329999949, -79.568780205999929 ], [ -76.035633917999917, -79.647149346999925 ], [ -76.097645636999914, -79.733575127999927 ], [ -76.149403449999909, -79.76881275799991 ], [ -76.420399542999917, -79.879815362999921 ], [ -76.632191535999937, -79.939222914999903 ], [ -77.419056769999941, -80.013848565999922 ], [ -79.687326626999948, -79.982598565999922 ], [ -79.645415818999936, -80.021254164999903 ], [ -78.372670050999943, -80.150323174999926 ], [ -78.273182745999918, -80.178155205999929 ], [ -77.900542772999927, -80.149021091999941 ], [ -77.666127081999946, -80.181735934999949 ], [ -76.274484829999949, -80.081149997999944 ], [ -76.246571417999917, -80.089613539999903 ], [ -76.275746222999942, -80.154473565999922 ], [ -76.253977016999897, -80.184177341999941 ], [ -76.095082160999937, -80.294122002999927 ], [ -76.027455206999946, -80.272067966999941 ], [ -75.965240037999934, -80.274834893999923 ], [ -75.947824673999946, -80.282647393999923 ], [ -75.987172003999945, -80.303155205999929 ], [ -75.967152472999942, -80.313409112999921 ], [ -75.872059699999909, -80.307712497999944 ], [ -75.57843990799995, -80.403497002999927 ], [ -75.546131964999915, -80.434747002999927 ], [ -75.466664191999939, -80.476495049999926 ], [ -75.414051886999914, -80.488539320999905 ], [ -75.401722785999937, -80.51921965899993 ], [ -75.423980272999927, -80.541599216999941 ], [ -75.519886847999942, -80.570570570999905 ], [ -75.647531704999949, -80.586358330999929 ], [ -75.711984829999949, -80.638116143999923 ], [ -75.469797329999949, -80.703708591999941 ], [ -75.391428188999953, -80.704847914999903 ], [ -75.247141079999949, -80.741143487999921 ], [ -75.130116339999915, -80.744235934999949 ], [ -75.02953040299991, -80.772067966999941 ], [ -74.94945227799991, -80.770196221999925 ], [ -74.988148566999939, -80.790459893999923 ], [ -75.041127081999946, -80.793633721999925 ], [ -75.192453579999949, -80.771254164999903 ], [ -75.348988410999937, -80.80006275799991 ], [ -75.725087042999917, -80.818536065999922 ], [ -75.770904100999928, -80.83757903399993 ], [ -75.653472459999932, -80.841729424999926 ], [ -75.59992428299995, -80.878106377999927 ], [ -75.554066535999937, -80.891371351999908 ], [ -75.241037563999953, -80.882012627999927 ], [ -75.148833787999934, -80.863457940999922 ], [ -75.096831834999932, -80.883233330999929 ], [ -75.049387173999946, -80.878676039999903 ], [ -74.987212693999936, -80.896091403999947 ], [ -74.902495897999927, -80.885918877999927 ], [ -74.838286912999934, -80.919366143999923 ], [ -74.671498175999943, -80.873467705999929 ], [ -74.594227667999917, -80.87078215899993 ], [ -74.47915605399993, -80.834405205999929 ], [ -74.276966925999943, -80.823337497999944 ], [ -74.104237433999913, -80.79615650799991 ], [ -73.951079881999931, -80.837334893999923 ], [ -73.822621222999942, -80.83562590899993 ], [ -72.769195115999935, -80.969170830999929 ], [ -72.588856574999909, -80.961358330999929 ], [ -72.628977016999897, -80.910414320999905 ], [ -72.583729620999918, -80.832289320999905 ], [ -72.515980597999942, -80.770277601999908 ], [ -72.462310350999928, -80.750420830999929 ], [ -72.411000128999945, -80.744073174999926 ], [ -72.27757727799991, -80.765557549999926 ], [ -71.638579881999931, -80.699965101999908 ], [ -71.526600714999915, -80.715427341999941 ], [ -71.281809048999946, -80.663506768999923 ], [ -71.125803188999953, -80.602634372999944 ], [ -70.941273566999939, -80.625095309999949 ], [ -70.82062740799995, -80.610121351999908 ], [ -70.401519334999932, -80.668064059999949 ], [ -70.364125128999945, -80.707696221999925 ], [ -70.393544074999909, -80.763767184999949 ], [ -70.383534308999913, -80.808038018999923 ], [ -70.39712480399993, -80.823337497999944 ], [ -70.198638475999928, -80.889418226999908 ], [ -70.034169074999909, -80.892673434999949 ], [ -70.061756964999915, -80.929131768999923 ], [ -70.052723761999914, -80.943454684999949 ], [ -69.975819464999915, -80.976006768999923 ], [ -69.778431769999941, -80.985284112999921 ], [ -69.685454881999931, -80.976006768999923 ], [ -69.17414303299995, -81.029717705999929 ], [ -68.952504035999937, -80.984795830999929 ], [ -68.68032792899993, -80.960870049999926 ], [ -68.448719855999911, -80.977146091999941 ], [ -68.057118292999917, -81.038262627999927 ], [ -68.297352667999917, -81.089939059999949 ], [ -68.421009894999941, -81.087823174999926 ], [ -68.371652798999946, -81.110284112999921 ], [ -65.174305792999917, -81.512302341999941 ], [ -64.672352667999917, -81.514418226999908 ], [ -64.589588995999918, -81.53443775799991 ], [ -62.414173956999946, -81.557549737999921 ], [ -62.211333787999934, -81.592054945999905 ], [ -62.147857225999928, -81.640232028999947 ], [ -62.083607550999943, -81.645684502999927 ], [ -62.114491339999915, -81.671319268999923 ], [ -62.20734615799995, -81.692559502999927 ], [ -63.378732876999948, -81.716566664999903 ], [ -63.46125240799995, -81.700778903999947 ], [ -63.295399542999917, -81.649021091999941 ], [ -63.391184048999946, -81.63209400799991 ], [ -63.492990688999953, -81.640720309999949 ], [ -63.737375454999949, -81.689385674999926 ], [ -64.034250454999949, -81.697035414999903 ], [ -64.084380662999934, -81.688897393999923 ], [ -63.843902147999927, -81.622165622999944 ], [ -63.878163214999915, -81.60084400799991 ], [ -64.198638475999928, -81.688409112999921 ], [ -64.712717251999948, -81.698174737999921 ], [ -64.513498501999948, -81.638848565999922 ], [ -64.559315558999913, -81.621758721999925 ], [ -64.616769985999952, -81.619317315999922 ], [ -64.778472459999932, -81.636976820999905 ], [ -64.979237433999913, -81.69500090899993 ], [ -65.303781704999949, -81.717543226999908 ], [ -65.417225714999915, -81.701104424999926 ], [ -65.69172115799995, -81.710544528999947 ], [ -65.714751756999931, -81.729180596999925 ], [ -65.701527472999942, -81.769952080999929 ], [ -65.624867316999939, -81.784112237999921 ], [ -64.911122199999909, -81.796319268999923 ], [ -64.964833136999914, -81.815118096999925 ], [ -64.917551235999952, -81.819512627999927 ], [ -64.633615688999953, -81.793389580999929 ], [ -63.479400193999936, -81.780043226999908 ], [ -63.540882941999939, -81.829278252999927 ], [ -63.476063605999911, -81.837334893999923 ], [ -63.51789303299995, -81.862074476999908 ], [ -63.577219204999949, -81.871840101999908 ], [ -65.803089972999942, -81.88836028399993 ], [ -66.255767381999931, -81.948011976999908 ], [ -65.701527472999942, -81.968926690999922 ], [ -65.629790818999936, -81.986586195999905 ], [ -65.681792772999927, -82.015883070999905 ], [ -65.920318162999934, -82.079685153999947 ], [ -65.943714972999942, -82.095798434999949 ], [ -66.005767381999931, -82.168145440999922 ], [ -66.062408006999931, -82.195407809999949 ], [ -66.033558722999942, -82.214450778999947 ], [ -65.866851365999935, -82.209893487999921 ], [ -65.893869594999899, -82.227227471999925 ], [ -66.028146938999953, -82.239678643999923 ], [ -65.989857550999943, -82.249444268999923 ], [ -65.862700975999928, -82.244805596999925 ], [ -66.080067511999914, -82.291680596999925 ], [ -66.030262824999909, -82.311618747999944 ], [ -65.488189256999931, -82.293389580999929 ], [ -65.374989386999914, -82.263116143999923 ], [ -65.233469204999949, -82.256931247999944 ], [ -65.146595831999946, -82.308363539999903 ], [ -65.164540167999917, -82.349704684999949 ], [ -65.094349738999938, -82.367933851999908 ], [ -65.101307745999918, -82.392754815999922 ], [ -65.07258053299995, -82.406019789999903 ], [ -64.456939256999931, -82.354424737999921 ], [ -64.525746222999942, -82.377862237999921 ], [ -64.488270636999914, -82.403903903999947 ], [ -64.439605272999927, -82.410332940999922 ], [ -63.841786261999914, -82.302178643999923 ], [ -63.333363410999937, -82.340752862999921 ], [ -63.195871548999946, -82.29461028399993 ], [ -63.234730597999942, -82.269138278999947 ], [ -63.188832160999937, -82.257582289999903 ], [ -63.041371222999942, -82.252048434999949 ], [ -63.035145636999914, -82.273695570999905 ], [ -63.009877081999946, -82.279717705999929 ], [ -62.471913214999915, -82.256442966999941 ], [ -62.072987433999913, -82.287530205999929 ], [ -60.708729620999918, -82.160739841999941 ], [ -60.647287563999953, -82.166680596999925 ], [ -60.692860480999911, -82.197686455999929 ], [ -60.401234503999945, -82.170179945999905 ], [ -60.50617428299995, -82.215101820999905 ], [ -61.120228644999941, -82.344333591999941 ], [ -61.290191209999932, -82.342217705999929 ], [ -61.758412238999938, -82.402601820999905 ], [ -61.995676235999952, -82.459161065999922 ], [ -62.795033331999946, -82.519707940999922 ], [ -62.729074673999946, -82.57781340899993 ], [ -62.495187954999949, -82.681735934999949 ], [ -62.511097785999937, -82.709567966999941 ], [ -62.538685675999943, -82.720635674999926 ], [ -62.462025519999941, -82.719414971999925 ], [ -62.100697394999941, -82.849704684999949 ], [ -62.082386847999942, -82.891208591999941 ], [ -61.932484503999945, -82.97234465899993 ], [ -61.997222459999932, -83.00123463299991 ], [ -62.066395636999914, -83.013278903999947 ], [ -62.209339972999942, -83.01881275799991 ], [ -62.180775519999941, -83.034112237999921 ], [ -61.94163977799991, -83.028415622999944 ], [ -61.833485480999911, -82.992445570999905 ], [ -61.620228644999941, -83.063409112999921 ], [ -61.587147589999915, -83.050713799999926 ], [ -61.532134568999936, -83.002129815999922 ], [ -61.38499915299991, -82.966403903999947 ], [ -61.364898240999935, -82.949802341999941 ], [ -61.349354620999918, -82.908949476999908 ], [ -61.314116990999935, -82.890232028999947 ], [ -61.276519334999932, -82.889825127999927 ], [ -61.184681769999941, -82.959242445999905 ], [ -61.147938605999911, -82.964776299999926 ], [ -61.110178188999953, -82.948988539999903 ], [ -61.132883266999954, -82.917901299999926 ], [ -61.096547003999945, -82.905043226999908 ], [ -61.065744594999899, -82.909763278999947 ], [ -60.978342251999948, -82.975192966999941 ], [ -60.97492428299995, -83.005466403999947 ], [ -61.00023352799991, -83.073011976999908 ], [ -61.040109829999949, -83.119561455999929 ], [ -61.112538214999915, -83.164808851999908 ], [ -61.192494269999941, -83.19850025799991 ], [ -61.326568162999934, -83.213555596999925 ], [ -61.484730597999942, -83.254652601999908 ], [ -61.624826626999948, -83.31218840899993 ], [ -61.851470506999931, -83.367608330999929 ], [ -61.824696417999917, -83.374444268999923 ], [ -61.541127081999946, -83.35084400799991 ], [ -61.514475063999953, -83.40398528399993 ], [ -61.488880988999938, -83.406914971999925 ], [ -61.255238410999937, -83.375746351999908 ], [ -61.186390753999945, -83.379815362999921 ], [ -61.147694464999915, -83.408461195999905 ], [ -61.110422329999949, -83.413262627999927 ], [ -60.899647589999915, -83.38795338299991 ], [ -61.113636847999942, -83.447930596999925 ], [ -60.952259894999941, -83.47625090899993 ], [ -60.60806230399993, -83.428399346999925 ], [ -60.446115688999953, -83.468682549999926 ], [ -59.874094204999949, -83.427504164999903 ], [ -59.833607550999943, -83.45867278399993 ], [ -59.469960089999915, -83.460137627999927 ], [ -57.896636522999927, -83.008965752999927 ], [ -57.698882615999935, -82.910251559999949 ], [ -56.338042772999927, -82.645440362999921 ], [ -56.296376105999911, -82.621189059999949 ], [ -55.992339647999927, -82.540948174999926 ], [ -55.925852016999954, -82.509942315999922 ], [ -55.927235480999911, -82.483086846999925 ], [ -55.916127081999946, -82.476983330999929 ], [ -55.850168423999946, -82.462090752999927 ], [ -55.826242641999954, -82.485121351999908 ], [ -55.776926235999952, -82.48756275799991 ], [ -55.681060350999928, -82.461683851999908 ], [ -55.558949347999942, -82.461195570999905 ], [ -55.428456183999913, -82.479913018999923 ], [ -55.392933722999942, -82.506524346999925 ], [ -55.22484290299991, -82.517754815999922 ], [ -55.17642167899993, -82.510430596999925 ], [ -55.143869594999956, -82.490655205999929 ], [ -55.187611456999946, -82.45826588299991 ], [ -55.130116339999915, -82.439060153999947 ], [ -55.099761522999927, -82.384372653999947 ], [ -55.015492316999939, -82.352308851999908 ], [ -54.857574022999927, -82.347914320999905 ], [ -54.82054602799991, -82.316338799999926 ], [ -54.761545376999948, -82.299737237999921 ], [ -54.239572719999956, -82.27507903399993 ], [ -54.173898891999954, -82.26295338299991 ], [ -54.29320227799991, -82.253513278999947 ], [ -53.924672003999945, -82.206149997999944 ], [ -54.257679816999939, -82.201592705999929 ], [ -54.303456183999913, -82.191664320999905 ], [ -53.909291144999941, -82.178399346999925 ], [ -53.799631313999953, -82.194024346999925 ], [ -53.313954230999911, -82.152764580999929 ], [ -53.22492428299995, -82.125095309999949 ], [ -52.643137173999946, -82.160414320999905 ], [ -50.763172980999911, -81.958754164999903 ], [ -50.557932094999956, -81.99382903399993 ], [ -48.380360480999911, -81.89031340899993 ], [ -48.229400193999936, -81.918226820999905 ], [ -48.188221808999913, -81.891534112999921 ], [ -47.887684699999909, -81.921970309999949 ], [ -47.380441860999952, -81.92351653399993 ], [ -47.344878709999932, -81.950127862999921 ], [ -47.368153449999909, -81.970310153999947 ], [ -47.263783331999946, -81.96998463299991 ], [ -47.423736131999931, -82.00750090899993 ], [ -47.584584113999938, -82.020440362999921 ], [ -47.52757727799991, -82.047621351999908 ], [ -47.363107876999948, -82.044691664999903 ], [ -47.255523240999935, -82.072198174999926 ], [ -47.175689256999931, -82.053317966999941 ], [ -47.055043097999942, -81.993259372999944 ], [ -46.279204881999931, -81.909763278999947 ], [ -46.229318813999953, -81.916924737999921 ], [ -46.253407355999911, -81.955336195999905 ], [ -46.216949022999927, -82.00318775799991 ], [ -46.012562628999945, -82.094414971999925 ], [ -46.038197394999941, -82.112725518999923 ], [ -46.04556230399993, -82.142510674999926 ], [ -45.948841925999943, -82.125746351999908 ], [ -46.027211066999939, -82.154473565999922 ], [ -46.088775193999936, -82.224379164999903 ], [ -46.300770636999914, -82.30592213299991 ], [ -46.688791469999956, -82.405450127999927 ], [ -46.632801886999914, -82.430840752999927 ], [ -46.452992316999939, -82.470798434999949 ], [ -46.479481574999909, -82.496189059999949 ], [ -46.518299933999913, -82.503350518999923 ], [ -46.053618943999936, -82.554864190999922 ], [ -46.025054490999935, -82.552178643999923 ], [ -46.042225714999915, -82.540785414999903 ], [ -45.946888800999943, -82.492120049999926 ], [ -45.832508917999917, -82.451755466999941 ], [ -45.71939042899993, -82.443617445999905 ], [ -45.579335089999915, -82.522149346999925 ], [ -45.520415818999936, -82.52662525799991 ], [ -44.537220831999946, -82.380303643999923 ], [ -44.305246548999946, -82.315524997999944 ], [ -44.198597785999937, -82.255466403999947 ], [ -44.137074347999942, -82.244724216999941 ], [ -44.013539191999939, -82.26295338299991 ], [ -44.054676886999914, -82.309502862999921 ], [ -44.056996222999942, -82.349786065999922 ], [ -44.15298417899993, -82.389336846999925 ], [ -44.084950324999909, -82.402439059999949 ], [ -44.011097785999937, -82.391208591999941 ], [ -43.353179490999935, -82.209405205999929 ], [ -43.333363410999937, -82.169854424999926 ], [ -43.264230923999946, -82.14226653399993 ], [ -43.159779425999943, -82.12468840899993 ], [ -43.147775844999956, -82.114190362999921 ], [ -43.181752081999946, -82.070245049999926 ], [ -43.255848761999914, -82.047539971999925 ], [ -43.169016079999949, -81.992852471999925 ], [ -43.223500128999945, -81.956638278999947 ], [ -43.213490363999938, -81.925225518999923 ], [ -43.165638800999943, -81.88600025799991 ], [ -42.959706183999913, -81.860446872999944 ], [ -42.906361456999946, -81.830173434999949 ], [ -42.799794074999909, -81.818617445999905 ], [ -42.235178188999953, -81.691338799999926 ], [ -42.278879360999952, -81.677911065999922 ], [ -42.206532355999911, -81.63640715899993 ], [ -41.941395636999914, -81.611423434999949 ], [ -41.899891730999911, -81.583591403999947 ], [ -41.956125454999949, -81.550876559999949 ], [ -41.846791144999941, -81.477146091999941 ], [ -41.84007727799991, -81.44850025799991 ], [ -41.773833787999934, -81.439711195999905 ], [ -41.75845292899993, -81.406914971999925 ], [ -41.587880011999914, -81.340101820999905 ], [ -41.119496222999942, -81.226169528999947 ], [ -41.046701626999948, -81.181410414999903 ], [ -40.879505988999938, -81.157972914999903 ], [ -40.947987433999913, -81.175388278999947 ], [ -40.915638800999943, -81.189873955999929 ], [ -40.569325324999909, -81.154880466999941 ], [ -40.398019985999952, -81.169854424999926 ], [ -39.884510870999918, -81.07154713299991 ], [ -39.838490363999938, -81.043552341999941 ], [ -39.619984503999945, -81.020440362999921 ], [ -39.549183722999942, -80.996351820999905 ], [ -38.932728644999941, -80.906670830999929 ], [ -38.822417772999927, -80.905368747999944 ], [ -38.772287563999953, -80.89226653399993 ], [ -38.820057745999918, -80.886163018999923 ], [ -38.791127081999946, -80.859551690999922 ], [ -38.546620245999918, -80.913506768999923 ], [ -38.392241990999935, -80.912041924999926 ], [ -37.622792120999918, -80.996026299999926 ], [ -37.687896287999934, -81.013441664999903 ], [ -37.471058722999942, -81.031345309999949 ], [ -37.372181769999941, -81.069919528999947 ], [ -37.230295376999948, -81.089288018999923 ], [ -37.123768683999913, -81.056247653999947 ], [ -36.978505011999914, -81.05242278399993 ], [ -36.908192511999914, -81.031426690999922 ], [ -36.861236131999931, -80.986260674999926 ], [ -36.816965298999946, -80.975030205999929 ], [ -36.590728318999936, -81.004978122999944 ], [ -36.595082160999937, -80.972588799999926 ], [ -36.554107225999928, -80.951348565999922 ], [ -36.457875128999945, -80.934665622999944 ], [ -36.033192511999914, -80.920668226999908 ], [ -35.982411261999914, -80.884535414999903 ], [ -35.882435675999943, -80.867852471999925 ], [ -35.782582160999937, -80.826592705999929 ], [ -35.778065558999913, -80.801527601999908 ], [ -35.214955206999946, -80.695407809999949 ], [ -35.466786261999914, -80.64812590899993 ], [ -35.358387824999909, -80.615329684999949 ], [ -33.476185675999943, -80.615411065999922 ], [ -33.177561001999948, -80.554620049999926 ], [ -33.425526495999918, -80.523614190999922 ], [ -33.464751756999931, -80.497653903999947 ], [ -32.931507941999939, -80.541599216999941 ], [ -32.030506964999915, -80.43523528399993 ], [ -30.505848761999914, -80.47820403399993 ], [ -30.350209113999938, -80.499932549999926 ], [ -30.387115037999934, -80.469008070999905 ], [ -30.586903449999909, -80.458428643999923 ], [ -31.319488084999932, -80.308851820999905 ], [ -31.278879360999952, -80.297133070999905 ], [ -29.924183722999942, -80.284356377999927 ], [ -29.872670050999943, -80.263441664999903 ], [ -29.72093665299991, -80.261976820999905 ], [ -29.863840298999946, -80.215427341999941 ], [ -29.816070115999935, -80.187432549999926 ], [ -29.760812954999949, -80.175551039999903 ], [ -26.332875128999945, -80.122002862999921 ], [ -26.195139126999948, -80.09148528399993 ], [ -24.25413977799991, -80.075941664999903 ], [ -24.20921790299991, -80.069756768999923 ], [ -24.06859290299991, -80.009942315999922 ], [ -22.905629035999937, -79.982842705999929 ], [ -22.824086066999939, -79.963474216999941 ], [ -22.841542120999918, -79.944268487999921 ], [ -22.766835089999915, -79.926202080999929 ], [ -22.609242316999939, -79.929131768999923 ], [ -22.532460089999915, -79.917087497999944 ], [ -23.738758917999917, -79.830010674999926 ], [ -23.79133053299995, -79.815606377999927 ], [ -23.930816209999932, -79.830336195999905 ], [ -24.26203365799995, -79.822360934999949 ], [ -24.303130662999934, -79.803806247999944 ], [ -24.274322068999936, -79.781833591999941 ], [ -24.27171790299991, -79.74146900799991 ], [ -24.256214972999942, -79.715101820999905 ], [ -24.729847785999937, -79.781996351999908 ], [ -30.673247850999928, -79.588067315999922 ], [ -30.652088995999918, -79.563164971999925 ], [ -29.541371222999942, -79.280043226999908 ], [ -29.630360480999911, -79.268161716999941 ], [ -29.829172329999949, -79.319431247999944 ], [ -29.849232550999943, -79.307305596999925 ], [ -29.833811001999948, -79.276055596999925 ], [ -30.059803839999915, -79.262790622999944 ], [ -30.524728969999956, -79.28639088299991 ], [ -30.541493292999917, -79.27507903399993 ], [ -30.556223110999952, -79.248223565999922 ], [ -30.44945227799991, -79.217217705999929 ], [ -30.008656378999945, -79.144463799999926 ], [ -29.941761847999942, -79.111423434999949 ], [ -29.989654100999928, -79.09148528399993 ], [ -30.19562740799995, -79.104424737999921 ], [ -30.13898678299995, -79.073988539999903 ], [ -30.18382727799991, -79.04420338299991 ], [ -30.239165818999936, -79.034274997999944 ], [ -30.457834438999953, -79.065362237999921 ], [ -30.494862433999913, -79.091566664999903 ], [ -30.573597785999937, -79.105889580999929 ], [ -30.611195441999939, -79.074965101999908 ], [ -32.820179816999939, -79.243910414999903 ], [ -34.218129035999937, -79.138116143999923 ], [ -34.151844855999911, -79.117608330999929 ], [ -34.25845292899993, -79.076592705999929 ], [ -36.251332160999937, -78.851657809999949 ], [ -36.344634568999936, -78.815199476999908 ], [ -36.411284959999932, -78.753513278999947 ], [ -36.443755662999934, -78.63404713299991 ], [ -36.441151495999918, -78.611260674999926 ], [ -36.391835089999915, -78.540215752999927 ], [ -36.260161912999934, -78.392347914999903 ], [ -36.057850714999915, -78.265069268999923 ], [ -36.02179928299995, -78.215915622999944 ], [ -35.927479620999918, -78.185723565999922 ], [ -35.838856574999909, -78.182386976999908 ], [ -35.817250128999945, -78.15203215899993 ], [ -35.632394985999952, -78.16139088299991 ], [ -35.580962693999936, -78.150485934999949 ], [ -35.610951300999943, -78.121270440999922 ], [ -35.621205206999946, -78.08171965899993 ], [ -35.49054928299995, -78.050713799999926 ], [ -35.466460740999935, -77.967950127999927 ], [ -35.356190558999913, -77.861993096999925 ], [ -35.312855597999942, -77.844414971999925 ], [ -35.056467251999948, -77.823418877999927 ], [ -34.66429602799991, -77.853610934999949 ], [ -34.499663865999935, -77.851983330999929 ], [ -34.459095831999946, -77.82195403399993 ], [ -34.650298631999931, -77.793877862999921 ], [ -34.645334438999953, -77.763767184999949 ], [ -34.759266730999911, -77.74773528399993 ], [ -34.738880988999938, -77.71217213299991 ], [ -34.773915167999917, -77.687432549999926 ], [ -34.711496548999946, -77.629489841999941 ], [ -34.572661912999934, -77.59889088299991 ], [ -34.434803839999915, -77.529392184999949 ], [ -34.401356574999909, -77.498793226999908 ], [ -34.32054602799991, -77.466403903999947 ], [ -33.975453253999945, -77.418877862999921 ], [ -33.86359615799995, -77.388116143999923 ], [ -33.696766730999911, -77.305840752999927 ], [ -33.645130988999938, -77.305271091999941 ], [ -33.563710089999915, -77.28248463299991 ], [ -33.482289191999939, -77.286879164999903 ], [ -33.34634355399993, -77.25945403399993 ], [ -33.173817511999914, -77.261325778999947 ], [ -33.120432094999956, -77.253106377999927 ], [ -32.954579230999911, -77.188897393999923 ], [ -32.50064042899993, -77.126153252999927 ], [ -32.11945553299995, -77.170668226999908 ], [ -31.915028449999909, -77.150811455999929 ], [ -31.881825324999909, -77.127536716999941 ], [ -31.868641730999911, -77.06764088299991 ], [ -31.851429816999939, -77.050957940999922 ], [ -31.696115688999953, -76.976657809999949 ], [ -30.661366339999915, -76.851657809999949 ], [ -30.626861131999931, -76.809991143999923 ], [ -30.405100063999953, -76.736097914999903 ], [ -30.376088019999941, -76.699476820999905 ], [ -30.226470506999931, -76.667087497999944 ], [ -30.153472459999932, -76.635349216999941 ], [ -29.658070441999939, -76.576918226999908 ], [ -29.557932094999956, -76.543226820999905 ], [ -29.570423956999946, -76.520928643999923 ], [ -29.526763475999928, -76.491387627999927 ], [ -29.411040818999936, -76.474704684999949 ], [ -29.358265753999945, -76.443780205999929 ], [ -29.157338019999941, -76.425388278999947 ], [ -28.859120245999918, -76.353285414999903 ], [ -27.819650844999956, -76.227471612999921 ], [ -27.597645636999914, -76.227471612999921 ], [ -27.337635870999918, -76.172051690999922 ], [ -27.220204230999911, -76.161228122999944 ], [ -26.985178188999953, -76.169691664999903 ], [ -26.859730597999942, -76.135837497999944 ], [ -26.847401495999918, -76.108168226999908 ], [ -26.822865363999938, -76.09734465899993 ], [ -26.595326300999943, -76.089613539999903 ], [ -26.507435675999943, -76.054945570999905 ], [ -26.37368730399993, -76.032321872999944 ], [ -26.287709113999938, -75.996677341999941 ], [ -26.117176886999914, -75.97389088299991 ], [ -25.948150193999936, -75.933038018999923 ], [ -24.325591600999928, -75.779880466999941 ], [ -24.213734503999945, -75.756442966999941 ], [ -23.269357876999948, -75.73796965899993 ], [ -23.215199347999942, -75.715997002999927 ], [ -23.105091925999943, -75.704685153999947 ], [ -22.847075975999928, -75.707614841999941 ], [ -22.650746222999942, -75.69068775799991 ], [ -22.59601803299995, -75.674737237999921 ], [ -22.560943162999934, -75.64381275799991 ], [ -22.533355272999927, -75.642022393999923 ], [ -22.378529425999943, -75.678155205999929 ], [ -22.301869269999941, -75.644626559999949 ], [ -22.073963995999918, -75.705824476999908 ], [ -22.069325324999909, -75.684991143999923 ], [ -22.050892706999946, -75.681573174999926 ], [ -21.811634894999941, -75.70867278399993 ], [ -21.680531378999945, -75.67115650799991 ], [ -21.269642706999946, -75.714288018999923 ], [ -21.173939581999946, -75.705010674999926 ], [ -20.94749915299991, -75.632989190999922 ], [ -20.85968990799995, -75.636651299999926 ], [ -20.755848761999914, -75.605238539999903 ], [ -20.665272589999915, -75.621270440999922 ], [ -20.644154425999943, -75.612074476999908 ], [ -20.721669074999909, -75.578220309999949 ], [ -20.735829230999911, -75.563571872999944 ], [ -20.730295376999948, -75.541599216999941 ], [ -20.399484829999949, -75.472100518999923 ], [ -19.767648891999954, -75.549493096999925 ], [ -19.67218990799995, -75.527520440999922 ], [ -19.388050910999937, -75.545830987999921 ], [ -19.338246222999942, -75.53053150799991 ], [ -19.24046790299991, -75.548435153999947 ], [ -19.237782355999911, -75.502048434999949 ], [ -18.967152472999942, -75.51490650799991 ], [ -18.935617641999954, -75.490980726999908 ], [ -19.028472459999932, -75.454278252999927 ], [ -18.987131313999953, -75.442803643999923 ], [ -18.653635219999956, -75.48211028399993 ], [ -18.550892706999946, -75.463962497999944 ], [ -18.408273891999954, -75.480889580999929 ], [ -18.251372850999928, -75.46021900799991 ], [ -18.53148352799991, -75.407403252999927 ], [ -18.573068813999953, -75.358493747999944 ], [ -18.638661261999914, -75.31959400799991 ], [ -18.737700975999928, -75.299981377999927 ], [ -18.873524542999917, -75.249444268999923 ], [ -18.864857550999943, -75.228936455999929 ], [ -18.845570441999939, -75.224867445999905 ], [ -18.749745245999918, -75.22389088299991 ], [ -18.721099412999934, -75.205498955999929 ], [ -18.704945441999939, -75.161553643999923 ], [ -18.682932094999956, -75.151299737999921 ], [ -18.600087042999917, -75.158298434999949 ], [ -18.546294725999928, -75.146905205999929 ], [ -18.535878058999913, -75.053155205999929 ], [ -18.509429490999935, -75.022556247999944 ], [ -18.439808722999942, -75.027520440999922 ], [ -18.31899980399993, -74.979261976999908 ], [ -18.257964647999927, -74.988457940999922 ], [ -18.204945441999939, -74.955987237999921 ], [ -18.13109290299991, -74.93873463299991 ], [ -18.150502081999946, -74.924248955999929 ], [ -18.146148240999935, -74.903741143999923 ], [ -18.106271938999953, -74.872653903999947 ], [ -18.055897589999915, -74.858819268999923 ], [ -17.996978318999936, -74.822686455999929 ], [ -17.82648678299995, -74.791436455999929 ], [ -17.802154100999928, -74.776543877999927 ], [ -17.837757941999939, -74.757012627999927 ], [ -17.87173417899993, -74.713962497999944 ], [ -17.911854620999918, -74.703871351999908 ], [ -17.959828253999945, -74.666761976999908 ], [ -17.965687628999945, -74.637872002999927 ], [ -17.810373501999948, -74.616957289999903 ], [ -17.708322719999956, -74.586846612999921 ], [ -17.641102667999917, -74.594659112999921 ], [ -17.623158331999946, -74.58521900799991 ], [ -17.604807094999956, -74.51921965899993 ], [ -17.566761847999942, -74.513848565999922 ], [ -17.617339647999927, -74.470472914999903 ], [ -17.589222785999937, -74.446872653999947 ], [ -17.612049933999913, -74.402520440999922 ], [ -17.570790167999917, -74.369561455999929 ], [ -17.456288214999915, -74.33717213299991 ], [ -16.597279425999943, -74.307386976999908 ], [ -15.926625128999945, -74.377536716999941 ], [ -15.753081834999932, -74.430433851999908 ], [ -15.639027472999942, -74.430840752999927 ], [ -15.616688605999911, -74.423028252999927 ], [ -15.610951300999943, -74.400160414999903 ], [ -15.19554602799991, -74.360528252999927 ], [ -15.319569464999915, -74.319105726999908 ], [ -15.333159959999932, -74.28875090899993 ], [ -15.304351365999935, -74.256768487999921 ], [ -15.302113410999937, -74.221449476999908 ], [ -15.208363410999937, -74.20631275799991 ], [ -15.193226691999939, -74.18132903399993 ], [ -15.130726691999939, -74.16375090899993 ], [ -15.109527147999927, -74.131524346999925 ], [ -15.019276495999918, -74.129327080999929 ], [ -14.953724738999938, -74.103285414999903 ], [ -14.827992316999939, -74.081231377999927 ], [ -14.692982550999943, -74.00164153399993 ], [ -14.525054490999935, -73.975681247999944 ], [ -14.51821855399993, -73.934014580999929 ], [ -14.433013475999928, -73.908298434999949 ], [ -14.361805792999917, -73.857679945999905 ], [ -14.41633053299995, -73.841973565999922 ], [ -14.62718665299991, -73.83912525799991 ], [ -14.717640753999945, -73.78053150799991 ], [ -14.796498175999943, -73.802911065999922 ], [ -15.686268683999913, -73.94850025799991 ], [ -16.175933397999927, -73.939222914999903 ], [ -16.262440558999913, -73.894789320999905 ], [ -16.516997850999928, -73.885186455999929 ], [ -16.554432745999918, -73.864841403999947 ], [ -16.512277798999946, -73.857028903999947 ], [ -16.391957160999937, -73.879327080999929 ], [ -16.196400519999941, -73.834079684999949 ], [ -15.909820115999935, -73.816989841999941 ], [ -15.825754360999952, -73.788669528999947 ], [ -15.929676886999914, -73.750176690999922 ], [ -16.330799933999913, -73.709242445999905 ], [ -16.399403449999909, -73.722426039999903 ], [ -16.494699673999946, -73.713799737999921 ], [ -16.583241339999915, -73.686293226999908 ], [ -16.602853969999956, -73.633558851999908 ], [ -16.587717251999948, -73.57350025799991 ], [ -16.546742316999939, -73.52898528399993 ], [ -16.560129360999952, -73.48406340899993 ], [ -16.438465949999909, -73.413262627999927 ], [ -15.976185675999943, -73.303806247999944 ], [ -15.957753058999913, -73.290134372999944 ], [ -15.961659308999913, -73.265801690999922 ], [ -15.993072068999936, -73.214776299999926 ], [ -15.978871222999942, -73.19459400799991 ], [ -15.897694464999915, -73.149997653999947 ], [ -15.566558397999927, -73.079278252999927 ], [ -15.426747199999909, -73.09107838299991 ], [ -15.256906704999949, -73.078789971999925 ], [ -15.17992102799991, -73.044122002999927 ], [ -14.984038865999935, -73.052504164999903 ], [ -14.883208787999934, -73.042413018999923 ], [ -14.612416144999941, -73.082207940999922 ], [ -14.509266730999911, -73.12037525799991 ], [ -14.441477016999954, -73.164727471999925 ], [ -14.380970831999946, -73.131442966999941 ], [ -14.34015865799995, -73.145440362999921 ], [ -14.229807094999956, -73.117608330999929 ], [ -14.016468878999945, -73.129571221999925 ], [ -13.916818813999953, -73.105889580999929 ], [ -14.014637824999909, -73.066338799999926 ], [ -13.936390753999945, -72.994317315999922 ], [ -13.895253058999913, -72.986748955999929 ], [ -14.029774542999917, -72.908461195999905 ], [ -14.222645636999914, -72.828301690999922 ], [ -14.226673956999946, -72.797621351999908 ], [ -14.251535610999952, -72.777439059999949 ], [ -14.418324347999942, -72.723809502999927 ], [ -14.390736456999946, -72.713148695999905 ], [ -14.221099412999934, -72.711683851999908 ], [ -14.014027472999942, -72.738702080999929 ], [ -13.790272589999915, -72.786716403999947 ], [ -13.653065558999913, -72.791680596999925 ], [ -13.519398566999939, -72.84539153399993 ], [ -13.379383917999917, -72.836114190999922 ], [ -13.264027472999942, -72.805759372999944 ], [ -13.154774542999917, -72.799493096999925 ], [ -13.05500240799995, -72.749769789999903 ], [ -12.973784959999932, -72.732598565999922 ], [ -12.934925910999937, -72.706231377999927 ], [ -12.902333136999914, -72.700372002999927 ], [ -12.861195441999939, -72.653497002999927 ], [ -12.578968878999945, -72.584649346999925 ], [ -12.517160610999952, -72.583103122999944 ], [ -12.435047980999911, -72.554945570999905 ], [ -12.321156378999945, -72.56178150799991 ], [ -12.24437415299991, -72.54070403399993 ], [ -11.556507941999939, -72.443617445999905 ], [ -11.464019334999932, -72.441501559999949 ], [ -11.356556769999941, -72.396416924999926 ], [ -11.325347459999932, -72.327894789999903 ], [ -11.380360480999911, -72.321221612999921 ], [ -11.409738735999952, -72.301934502999927 ], [ -11.368275519999941, -72.289483330999929 ], [ -11.341420050999943, -72.256524346999925 ], [ -11.286610480999911, -72.239678643999923 ], [ -11.273426886999914, -72.202243747999944 ], [ -11.239979620999918, -72.176527601999908 ], [ -11.273793097999942, -72.16375090899993 ], [ -11.382964647999927, -72.172133070999905 ], [ -11.253285285999937, -72.138848565999922 ], [ -11.245472785999937, -72.126397393999923 ], [ -11.272043423999946, -72.114190362999921 ], [ -11.250355597999942, -72.100762627999927 ], [ -11.032297329999949, -72.048923434999949 ], [ -11.052601691999939, -72.036309502999927 ], [ -11.117909308999913, -72.037774346999925 ], [ -11.09593665299991, -72.018649997999944 ], [ -10.981190558999913, -71.980726820999905 ], [ -10.97720292899993, -71.956801039999903 ], [ -10.917836066999939, -71.89576588299991 ], [ -10.944162563999953, -71.865411065999922 ], [ -10.939198370999918, -71.851332289999903 ], [ -10.847157355999911, -71.780857028999947 ], [ -10.888783331999946, -71.754164320999905 ], [ -10.949086066999939, -71.742852471999925 ], [ -11.527414516999954, -71.755303643999923 ], [ -11.753529425999943, -71.705661716999941 ], [ -11.987904425999943, -71.679457289999903 ], [ -12.150298631999931, -71.63640715899993 ], [ -12.330922003999945, -71.494805596999925 ], [ -12.367665167999917, -71.450778903999947 ], [ -12.380726691999939, -71.395440362999921 ], [ -12.349232550999943, -71.356377862999921 ], [ -12.208566860999952, -71.302666924999926 ], [ -12.064320441999939, -71.297051690999922 ], [ -11.879505988999938, -71.260349216999941 ], [ -11.660145636999914, -71.276462497999944 ], [ -11.716786261999914, -71.328708591999941 ], [ -11.712880011999914, -71.355238539999903 ], [ -11.651112433999913, -71.409763278999947 ], [ -11.370594855999911, -71.423435153999947 ], [ -11.295806443999936, -71.437432549999926 ], [ -11.036610480999911, -71.561211846999925 ], [ -10.839995897999927, -71.584893487999921 ], [ -10.75812740799995, -71.57740650799991 ], [ -10.600331183999913, -71.52703215899993 ], [ -10.733143683999913, -71.409600518999923 ], [ -10.703724738999938, -71.362237237999921 ], [ -10.653472459999932, -71.324965101999908 ], [ -10.595611131999931, -71.297295830999929 ], [ -10.101063605999911, -71.181084893999923 ], [ -10.036854620999918, -71.155450127999927 ], [ -9.988758917999917, -71.119317315999922 ], [ -10.033070441999939, -71.085870049999926 ], [ -10.094105597999942, -71.064222914999903 ], [ -10.425160285999937, -71.01921965899993 ], [ -10.450062628999945, -70.990980726999908 ], [ -10.394398566999939, -70.961114190999922 ], [ -10.266835089999915, -70.931410414999903 ], [ -10.069650844999956, -70.911879164999903 ], [ -10.00226803299995, -70.919691664999903 ], [ -9.943104620999918, -70.944512627999927 ], [ -9.981312628999945, -70.987888278999947 ], [ -9.975819464999915, -71.02857838299991 ], [ -9.939523891999954, -71.062432549999926 ], [ -9.885243292999917, -71.084161065999922 ], [ -9.451649542999917, -71.099216403999947 ], [ -9.054514126999948, -71.20671965899993 ], [ -9.011219855999911, -71.236911716999941 ], [ -8.987945115999935, -71.276543877999927 ], [ -9.140044725999928, -71.367771091999941 ], [ -9.134510870999918, -71.405694268999923 ], [ -9.101633266999954, -71.426934502999927 ], [ -8.853423631999931, -71.420668226999908 ], [ -8.750721808999913, -71.473565362999921 ], [ -8.829823370999918, -71.533298434999949 ], [ -8.735259568999936, -71.566582940999922 ], [ -8.687123175999943, -71.640069268999923 ], [ -8.694488084999932, -71.668877862999921 ], [ -8.746490037999934, -71.700778903999947 ], [ -8.614125128999945, -71.699883721999925 ], [ -8.409738735999952, -71.729913018999923 ], [ -8.382476365999935, -71.709161065999922 ], [ -8.382313605999911, -71.682386976999908 ], [ -8.310129360999952, -71.634698174999926 ], [ -8.162587042999917, -71.576592705999929 ], [ -8.117990688999953, -71.581475518999923 ], [ -8.072255011999914, -71.611097914999903 ], [ -8.071685350999928, -71.632012627999927 ], [ -8.091175910999937, -71.657647393999923 ], [ -7.816761847999942, -71.671970309999949 ], [ -7.739369269999941, -71.647393487999921 ], [ -7.651356574999909, -71.65789153399993 ], [ -7.603911912999934, -71.633965752999927 ], [ -7.588693813999953, -71.611993096999925 ], [ -7.596587693999936, -71.594008070999905 ], [ -7.709787563999953, -71.562920830999929 ], [ -7.758371548999946, -71.535902601999908 ], [ -7.775786912999934, -71.516696872999944 ], [ -7.773833787999934, -71.446872653999947 ], [ -7.765207485999952, -71.428399346999925 ], [ -7.63540605399993, -71.355564059999949 ], [ -7.568511522999927, -71.334649346999925 ], [ -7.564198370999918, -71.150567315999922 ], [ -7.594593878999945, -71.113702080999929 ], [ -7.688628709999932, -71.063164971999925 ], [ -7.853423631999931, -71.006036065999922 ], [ -7.961903449999909, -70.873142184999949 ], [ -7.85578365799995, -70.82586028399993 ], [ -7.492054816999939, -70.784763278999947 ], [ -7.284291144999941, -70.791192315999922 ], [ -6.618275519999941, -70.924004815999922 ], [ -6.553334113999938, -70.815036716999941 ], [ -6.429758266999954, -70.737888278999947 ], [ -6.317860480999911, -70.707940362999921 ], [ -6.013579881999931, -70.679782809999949 ], [ -5.675282355999911, -70.732679945999905 ], [ -5.574696417999917, -70.803806247999944 ], [ -5.56663977799991, -70.841729424999926 ], [ -5.686919725999928, -70.957940362999921 ], [ -5.721791144999941, -71.029961846999925 ], [ -6.043690558999913, -71.118259372999944 ], [ -6.099720831999946, -71.156833591999941 ], [ -6.045399542999917, -71.188164971999925 ], [ -6.057972785999937, -71.219170830999929 ], [ -6.193918423999946, -71.291436455999929 ], [ -6.281117316999939, -71.310642184999949 ], [ -6.149769660999937, -71.366306247999944 ], [ -6.068186001999948, -71.34734465899993 ], [ -5.892933722999942, -71.361097914999903 ], [ -5.820057745999918, -71.34107838299991 ], [ -5.592518683999913, -71.353122653999947 ], [ -5.539662238999938, -71.339776299999926 ], [ -5.496083136999914, -71.348728122999944 ], [ -5.411610480999911, -71.339939059999949 ], [ -5.298410610999952, -71.35515715899993 ], [ -5.193837042999917, -71.330824476999908 ], [ -4.599598761999914, -71.34498463299991 ], [ -4.387277798999946, -71.322930596999925 ], [ -4.173695441999939, -71.370049737999921 ], [ -4.169667120999918, -71.345147393999923 ], [ -4.140370245999918, -71.342217705999929 ], [ -3.937570766999954, -71.367445570999905 ], [ -3.990386522999927, -71.315606377999927 ], [ -3.981922980999911, -71.295993747999944 ], [ -3.937163865999935, -71.294122002999927 ], [ -3.718169725999928, -71.37859465899993 ], [ -3.706450975999928, -71.399183851999908 ], [ -3.707102016999954, -71.457126559999949 ], [ -3.645334438999953, -71.46412525799991 ], [ -3.571603969999956, -71.509942315999922 ], [ -3.492176886999914, -71.52271900799991 ], [ -3.47093665299991, -71.52117278399993 ], [ -3.499094204999949, -71.468519789999903 ], [ -3.46898352799991, -71.437676690999922 ], [ -3.375355597999942, -71.445570570999905 ], [ -3.337798631999931, -71.425225518999923 ], [ -3.334584113999938, -71.324883721999925 ], [ -3.308990037999934, -71.290215752999927 ], [ -3.290150519999941, -71.287204684999949 ], [ -3.132801886999914, -71.356622002999927 ], [ -2.991200324999909, -71.361097914999903 ], [ -3.016102667999917, -71.297133070999905 ], [ -2.992298956999946, -71.28093840899993 ], [ -2.887074347999942, -71.267998955999929 ], [ -2.727650519999941, -71.283949476999908 ], [ -2.677479620999918, -71.257419528999947 ], [ -2.650502081999946, -71.288181247999944 ], [ -2.485259568999936, -71.369398695999905 ], [ -2.336822068999936, -71.390069268999923 ], [ -2.252552863999938, -71.377536716999941 ], [ -2.196603969999956, -71.446058851999908 ], [ -2.106800910999937, -71.485446872999944 ], [ -2.039540167999917, -71.467950127999927 ], [ -1.972035285999937, -71.422539971999925 ], [ -1.880034959999932, -71.448988539999903 ], [ -1.761830206999946, -71.414727471999925 ], [ -1.615589972999942, -71.441501559999949 ], [ -1.560170050999943, -71.426446221999925 ], [ -1.489247199999909, -71.458754164999903 ], [ -1.395375128999945, -71.443454684999949 ], [ -1.306263800999943, -71.402764580999929 ], [ -1.324818488999938, -71.359307549999926 ], [ -1.310699022999927, -71.31959400799991 ], [ -1.230376756999931, -71.267998955999929 ], [ -1.137562628999945, -71.255303643999923 ], [ -0.953968878999945, -71.30046965899993 ], [ -0.81281490799995, -71.377536716999941 ], [ -0.806019660999937, -71.42156340899993 ], [ -0.817697719999956, -71.436455987999921 ], [ -0.86554928299995, -71.448988539999903 ], [ -0.845285610999952, -71.50318775799991 ], [ -0.870757615999935, -71.545179945999905 ], [ -0.952137824999909, -71.623630466999941 ], [ -0.876088019999941, -71.640557549999926 ], [ -0.836089647999927, -71.66334400799991 ], [ -0.755970831999946, -71.656508070999905 ], [ -0.621937628999945, -71.685316664999903 ], [ -0.518462693999936, -71.765232028999947 ], [ -0.469309048999946, -71.754001559999949 ], [ 0.015554233000046, -71.490411065999922 ] ] ] } },
{ "type": "Feature", "properties": { "type": "land" }, "geometry": { "type": "Polygon", "coordinates": [ [ [ -52.396351691999939, -80.184991143999923 ], [ -51.48306230399993, -79.926202080999929 ], [ -51.338978644999941, -79.865004164999903 ], [ -51.062570766999954, -79.799411716999941 ], [ -50.916167772999927, -79.733005466999941 ], [ -50.541371222999942, -79.637872002999927 ], [ -50.403065558999913, -79.570977471999925 ], [ -50.263661261999914, -79.535739841999941 ], [ -50.226307745999918, -79.480401299999926 ], [ -50.253488735999952, -79.462660414999903 ], [ -50.246205206999946, -79.443291924999926 ], [ -50.350168423999946, -79.398532809999949 ], [ -50.333078579999949, -79.366143487999921 ], [ -50.389230923999946, -79.330824476999908 ], [ -50.460072394999941, -79.312107028999947 ], [ -50.739735480999911, -79.28443775799991 ], [ -50.65103105399993, -79.243259372999944 ], [ -50.484364386999914, -79.129327080999929 ], [ -50.49242102799991, -79.095635674999926 ], [ -50.452992316999939, -79.003838799999926 ], [ -50.474680141999954, -78.983575127999927 ], [ -50.540679490999935, -78.974867445999905 ], [ -50.561350063999953, -78.959567966999941 ], [ -50.33429928299995, -78.913832289999903 ], [ -50.214426235999952, -78.832940362999921 ], [ -50.324696417999917, -78.838311455999929 ], [ -50.430531378999945, -78.812595309999949 ], [ -50.267323370999918, -78.723239841999941 ], [ -50.323475714999915, -78.71998463299991 ], [ -50.36742102799991, -78.690524997999944 ], [ -50.26390540299991, -78.671319268999923 ], [ -50.221099412999934, -78.604424737999921 ], [ -50.056548631999931, -78.534112237999921 ], [ -49.971058722999942, -78.473321221999925 ], [ -49.894886847999942, -78.453220309999949 ], [ -49.278065558999913, -78.20086028399993 ], [ -49.250721808999913, -78.179457289999903 ], [ -49.234445766999954, -78.139825127999927 ], [ -49.115589972999942, -78.094659112999921 ], [ -49.103016730999911, -78.07976653399993 ], [ -49.138742641999954, -78.069756768999923 ], [ -49.110991990999935, -78.052911065999922 ], [ -47.222523566999939, -77.772637627999927 ], [ -45.934071417999917, -77.817071221999925 ], [ -44.514556443999936, -78.042168877999927 ], [ -43.818837042999917, -78.248304945999905 ], [ -43.768544074999909, -78.274183851999908 ], [ -43.731068488999938, -78.31178150799991 ], [ -43.718251105999911, -78.367445570999905 ], [ -43.725087042999917, -78.394952080999929 ], [ -43.920277472999942, -78.596286716999941 ], [ -45.155751105999911, -78.661879164999903 ], [ -45.302723761999914, -78.680352471999925 ], [ -45.349964972999942, -78.693291924999926 ], [ -45.224598761999914, -78.73560963299991 ], [ -45.370472785999937, -78.786065362999921 ], [ -45.298166469999956, -78.810723565999922 ], [ -45.21898352799991, -78.818942966999941 ], [ -43.739003058999913, -78.800551039999903 ], [ -43.553456183999913, -78.88054778399993 ], [ -43.459868943999936, -78.955498955999929 ], [ -43.430816209999932, -79.037855726999908 ], [ -43.430043097999942, -79.084893487999921 ], [ -43.452544725999928, -79.110772393999923 ], [ -43.357777472999942, -79.100762627999927 ], [ -43.305531378999945, -79.13600025799991 ], [ -43.133534308999913, -79.181898695999905 ], [ -43.348459438999953, -79.239190362999921 ], [ -43.309803839999915, -79.267510674999926 ], [ -43.150949673999946, -79.315118096999925 ], [ -43.069650844999956, -79.355726820999905 ], [ -43.041493292999917, -79.400567315999922 ], [ -42.96157792899993, -79.440850518999923 ], [ -42.936431443999936, -79.522067966999941 ], [ -42.981516079999949, -79.786553643999923 ], [ -43.015736456999946, -79.849786065999922 ], [ -43.072824673999946, -79.908949476999908 ], [ -43.137440558999913, -79.951755466999941 ], [ -43.207142706999946, -79.978122653999947 ], [ -43.281239386999914, -79.98796965899993 ], [ -43.596180792999917, -79.963474216999941 ], [ -43.856678839999915, -79.996026299999926 ], [ -43.437977667999917, -80.109470309999949 ], [ -43.423410610999952, -80.131524346999925 ], [ -43.452381964999915, -80.164483330999929 ], [ -43.53156490799995, -80.199965101999908 ], [ -49.719227667999917, -80.685642184999949 ], [ -49.756255662999934, -80.706963799999926 ], [ -49.759103969999956, -80.721856377999927 ], [ -49.750477667999917, -80.740329684999949 ], [ -49.69595292899993, -80.767998955999929 ], [ -49.798003709999932, -80.790948174999926 ], [ -54.161610480999911, -80.877129815999922 ], [ -54.290028449999909, -80.838555596999925 ], [ -54.407826300999943, -80.740004164999903 ], [ -54.404652472999942, -80.66139088299991 ], [ -54.363636847999942, -80.596123955999929 ], [ -54.37759355399993, -80.57740650799991 ], [ -54.217518683999913, -80.521742445999905 ], [ -54.163807745999918, -80.530043226999908 ], [ -54.120676235999952, -80.568942966999941 ], [ -54.096506313999953, -80.558363539999903 ], [ -54.05101477799991, -80.491957289999903 ], [ -54.019357876999948, -80.470635674999926 ], [ -53.789418097999942, -80.36060963299991 ], [ -53.589466925999943, -80.23211028399993 ], [ -53.423654751999948, -80.19304778399993 ], [ -53.457630988999938, -80.160902601999908 ], [ -53.407053188999953, -80.107679945999905 ], [ -53.342640753999945, -80.107191664999903 ], [ -53.151478644999941, -80.175957940999922 ], [ -52.890248175999943, -80.17701588299991 ], [ -52.694325324999909, -80.143731377999927 ], [ -52.606678839999915, -80.107598565999922 ], [ -52.409331834999932, -80.055108330999929 ], [ -52.302357550999943, -80.061211846999925 ], [ -52.279896613999938, -80.078301690999922 ], [ -52.287587042999917, -80.101657809999949 ], [ -52.329009568999936, -80.128350518999923 ], [ -52.476104295999903, -80.19272226399994 ], [ -52.522816535999937, -80.198988539999903 ], [ -52.396351691999939, -80.184991143999923 ] ] ] } },
{ "type": "Feature", "properties": { "type": "land" }, "geometry": { "type": "Polygon", "coordinates": [ [ [ -57.513335740999935, -64.340997002999927 ], [ -57.49242102799991, -64.373793226999908 ], [ -57.516346808999913, -64.375258070999905 ], [ -57.555775519999941, -64.34148528399993 ], [ -57.600453253999945, -64.339288018999923 ], [ -57.572173631999931, -64.356866143999923 ], [ -57.587554490999935, -64.356540622999944 ], [ -57.664051886999914, -64.331231377999927 ], [ -57.677479620999918, -64.336032809999949 ], [ -57.652333136999914, -64.369398695999905 ], [ -57.657541469999899, -64.383070570999905 ], [ -57.727040167999917, -64.393649997999944 ], [ -57.718006964999915, -64.341729424999926 ], [ -57.654204881999931, -64.301527601999908 ], [ -57.685292120999918, -64.289320570999905 ], [ -57.786000128999945, -64.315606377999927 ], [ -57.855213995999918, -64.299493096999925 ], [ -57.824574347999942, -64.327732028999947 ], [ -57.825266079999949, -64.354668877999927 ], [ -57.803130662999934, -64.381280205999929 ], [ -57.865589972999942, -64.419528903999947 ], [ -57.967518683999913, -64.398532809999949 ], [ -57.947987433999913, -64.376153252999927 ], [ -57.947010870999918, -64.346612237999921 ], [ -57.906849738999938, -64.337660414999903 ], [ -57.962391730999911, -64.316013278999947 ], [ -58.06078040299991, -64.321384372999944 ], [ -58.073638475999928, -64.369805596999925 ], [ -58.106922980999911, -64.38990650799991 ], [ -58.144602016999954, -64.39381275799991 ], [ -58.089670376999948, -64.351983330999929 ], [ -58.133859829999949, -64.349541924999926 ], [ -58.214995897999927, -64.384535414999903 ], [ -58.230336066999939, -64.38014088299991 ], [ -58.228505011999914, -64.358086846999925 ], [ -58.313303188999953, -64.321384372999944 ], [ -58.278187628999945, -64.298435153999947 ], [ -58.160145636999914, -64.282647393999923 ], [ -58.137847459999932, -64.262790622999944 ], [ -58.041981574999909, -64.255059502999927 ], [ -58.012684699999909, -64.239027601999908 ], [ -58.183216925999943, -64.213067315999922 ], [ -58.13109290299991, -64.102227471999925 ], [ -58.195220506999931, -64.086602471999925 ], [ -58.361927863999938, -64.139092705999929 ], [ -58.42015540299991, -64.137139580999929 ], [ -58.460764126999948, -64.129489841999941 ], [ -58.414865688999953, -64.106052341999941 ], [ -58.460357225999928, -64.085707289999903 ], [ -58.451242641999954, -64.069512627999927 ], [ -58.395863410999937, -64.044040622999944 ], [ -58.362172003999945, -64.000583591999941 ], [ -58.299631313999953, -63.987725518999923 ], [ -58.296986456999946, -63.977471612999921 ], [ -58.332630988999938, -63.954278252999927 ], [ -58.303944464999915, -63.924981377999927 ], [ -58.16633053299995, -63.892754815999922 ], [ -58.118641730999911, -63.898044528999947 ], [ -58.091175910999937, -63.852959893999923 ], [ -58.023345506999931, -63.836846612999921 ], [ -57.952626105999911, -63.859958591999941 ], [ -57.944488084999932, -63.83171965899993 ], [ -57.973540818999936, -63.814629815999922 ], [ -57.95181230399993, -63.805108330999929 ], [ -57.794667120999918, -63.791436455999929 ], [ -57.827951626999948, -63.809747002999927 ], [ -57.807199673999946, -63.818129164999903 ], [ -57.755441860999952, -63.896091403999947 ], [ -57.815785285999937, -63.909926039999903 ], [ -57.823312954999949, -63.92351653399993 ], [ -57.805409308999913, -63.936211846999925 ], [ -57.812977667999917, -63.943129164999903 ], [ -57.887928839999915, -63.975681247999944 ], [ -57.818226691999939, -64.004164320999905 ], [ -57.834380662999934, -64.017347914999903 ], [ -57.817941860999952, -64.029229424999926 ], [ -57.817290818999936, -64.048760674999926 ], [ -57.864369269999941, -64.066582940999922 ], [ -57.791371222999942, -64.079278252999927 ], [ -57.717681443999936, -64.075372002999927 ], [ -57.74437415299991, -64.029961846999925 ], [ -57.493519660999937, -63.926202080999929 ], [ -57.515695766999954, -63.944919528999947 ], [ -57.473459438999953, -63.968519789999903 ], [ -57.511138475999928, -63.988213799999926 ], [ -57.509632941999939, -64.009535414999903 ], [ -57.532582160999937, -64.021416924999926 ], [ -57.155384894999941, -64.085137627999927 ], [ -57.195464647999927, -64.096368096999925 ], [ -57.16470292899993, -64.112481377999927 ], [ -57.196034308999913, -64.125095309999949 ], [ -57.331044074999909, -64.125746351999908 ], [ -57.400380011999914, -64.145603122999944 ], [ -57.282785610999952, -64.161716403999947 ], [ -57.325591600999928, -64.181817315999922 ], [ -57.070220506999931, -64.159600518999923 ], [ -57.077259894999941, -64.183770440999922 ], [ -57.113026495999918, -64.206963799999926 ], [ -57.203968878999945, -64.222263278999947 ], [ -57.252023891999954, -64.215997002999927 ], [ -57.242746548999946, -64.225274346999925 ], [ -57.277455206999946, -64.242608330999929 ], [ -57.392201300999943, -64.21803150799991 ], [ -57.453602667999917, -64.217543226999908 ], [ -57.484486456999946, -64.232679945999905 ], [ -57.346669074999909, -64.251397393999923 ], [ -57.306630011999914, -64.269789320999905 ], [ -57.370432094999956, -64.278008721999925 ], [ -57.512318488999938, -64.25554778399993 ], [ -57.564564581999946, -64.287204684999949 ], [ -57.368397589999915, -64.310642184999949 ], [ -57.284291144999941, -64.361911716999941 ], [ -57.414173956999946, -64.388116143999923 ], [ -57.442250128999945, -64.380791924999926 ], [ -57.449208136999914, -64.353285414999903 ], [ -57.467396613999938, -64.339939059999949 ], [ -57.513335740999935, -64.340997002999927 ] ] ] } },
{ "type": "Feature", "properties": { "type": "land" }, "geometry": { "type": "Polygon", "coordinates": [ [ [ -67.96515865799995, -55.593357028999947 ], [ -68.033355272999927, -55.661553643999923 ], [ -67.984852667999917, -55.664157809999949 ], [ -67.985585089999915, -55.675225518999923 ], [ -68.061594204999949, -55.713067315999922 ], [ -68.09829667899993, -55.712090752999927 ], [ -68.150054490999935, -55.661553643999923 ], [ -68.153309699999909, -55.596286716999941 ], [ -68.235340949999909, -55.617445570999905 ], [ -68.289784308999913, -55.610121351999908 ], [ -68.248646613999938, -55.541761976999908 ], [ -68.252512173999946, -55.524509372999944 ], [ -68.329009568999936, -55.50318775799991 ], [ -68.353627081999946, -55.475274346999925 ], [ -68.425038214999915, -55.503838799999926 ], [ -68.500477667999917, -55.490980726999908 ], [ -68.538075324999909, -55.472588799999926 ], [ -68.554188605999911, -55.452325127999927 ], [ -68.555775519999941, -55.42351653399993 ], [ -68.595082160999937, -55.435642184999949 ], [ -68.603016730999911, -55.41179778399993 ], [ -68.616810675999943, -55.407810153999947 ], [ -68.602528449999909, -55.462334893999923 ], [ -68.731516079999949, -55.464939059999949 ], [ -68.773304816999939, -55.428806247999944 ], [ -68.801136847999942, -55.421319268999923 ], [ -68.772206183999913, -55.463799737999921 ], [ -68.801136847999942, -55.462334893999923 ], [ -68.768299933999913, -55.492608330999929 ], [ -68.865345831999946, -55.505303643999923 ], [ -68.967355923999946, -55.429945570999905 ], [ -68.965687628999945, -55.407810153999947 ], [ -68.904204881999931, -55.387302341999941 ], [ -68.753407355999911, -55.380466403999947 ], [ -68.808664516999897, -55.359958591999941 ], [ -68.760243292999917, -55.332614841999941 ], [ -68.950510219999899, -55.381117445999905 ], [ -68.971302863999938, -55.377129815999922 ], [ -68.897857225999928, -55.32781340899993 ], [ -68.89679928299995, -55.29225025799991 ], [ -68.855824347999942, -55.25750090899993 ], [ -68.870106574999909, -55.24382903399993 ], [ -68.864247199999909, -55.233493747999944 ], [ -68.801136847999942, -55.188653252999927 ], [ -68.949086066999939, -55.232191664999903 ], [ -68.969105597999942, -55.260918877999927 ], [ -68.986683722999942, -55.265232028999947 ], [ -69.056792772999927, -55.253513278999947 ], [ -69.116607225999928, -55.205661716999941 ], [ -69.122670050999943, -55.147637627999927 ], [ -69.151437954999949, -55.170830987999921 ], [ -69.109038865999935, -55.24382903399993 ], [ -69.134103969999899, -55.24773528399993 ], [ -69.212717251999948, -55.21648528399993 ], [ -69.249745245999918, -55.144301039999903 ], [ -69.239979620999918, -55.127129815999922 ], [ -69.438628709999932, -55.161879164999903 ], [ -69.287831183999913, -55.168145440999922 ], [ -69.300852016999897, -55.174981377999927 ], [ -69.267323370999918, -55.23015715899993 ], [ -69.296131964999915, -55.222263278999947 ], [ -69.409047003999945, -55.246840101999908 ], [ -69.438099738999938, -55.230645440999922 ], [ -69.479603644999941, -55.236993096999925 ], [ -69.451649542999917, -55.27117278399993 ], [ -69.459095831999946, -55.30592213299991 ], [ -69.405832485999952, -55.28443775799991 ], [ -69.335601365999935, -55.318942966999941 ], [ -69.280384894999941, -55.318942966999941 ], [ -69.31509355399993, -55.332614841999941 ], [ -69.302316860999952, -55.346612237999921 ], [ -69.308257615999935, -55.359958591999941 ], [ -69.240589972999942, -55.369561455999929 ], [ -69.243397589999915, -55.383884372999944 ], [ -69.298898891999897, -55.41375090899993 ], [ -69.300852016999897, -55.428155205999929 ], [ -69.253651495999918, -55.428155205999929 ], [ -69.229481574999909, -55.449314059999949 ], [ -69.194976365999935, -55.435642184999949 ], [ -69.13703365799995, -55.441827080999929 ], [ -69.17796790299991, -55.469821872999944 ], [ -69.15062415299991, -55.493747653999947 ], [ -69.161610480999911, -55.514336846999925 ], [ -69.226389126999948, -55.469821872999944 ], [ -69.299387173999946, -55.490329684999949 ], [ -69.339222785999937, -55.474867445999905 ], [ -69.349232550999943, -55.407810153999947 ], [ -69.362863735999952, -55.388929945999905 ], [ -69.386219855999911, -55.404880466999941 ], [ -69.403309699999909, -55.488051039999903 ], [ -69.437082485999952, -55.491306247999944 ], [ -69.438628709999932, -55.431898695999905 ], [ -69.451527472999942, -55.408868096999925 ], [ -69.50804602799991, -55.408623955999929 ], [ -69.520578579999949, -55.393975518999923 ], [ -69.504058397999927, -55.380466403999947 ], [ -69.397694464999915, -55.359958591999941 ], [ -69.416086391999897, -55.353122653999947 ], [ -69.487049933999913, -55.359958591999941 ], [ -69.465931769999941, -55.339450778999947 ], [ -69.493763800999943, -55.336114190999922 ], [ -69.544789191999939, -55.366143487999921 ], [ -69.60765540299991, -55.365492445999905 ], [ -69.630441860999952, -55.359958591999941 ], [ -69.606516079999949, -55.347914320999905 ], [ -69.620187954999949, -55.329522393999923 ], [ -69.678822394999941, -55.326348565999922 ], [ -69.709868943999936, -55.30828215899993 ], [ -69.788075324999909, -55.30592213299991 ], [ -69.777251756999931, -55.29420338299991 ], [ -69.670806443999936, -55.274183851999908 ], [ -69.568959113999938, -55.27117278399993 ], [ -69.673980272999927, -55.260349216999941 ], [ -69.657704230999911, -55.236993096999925 ], [ -69.546376105999911, -55.205824476999908 ], [ -69.500070766999897, -55.174981377999927 ], [ -69.551584438999953, -55.174981377999927 ], [ -69.623605923999946, -55.209649346999925 ], [ -69.658192511999914, -55.205661716999941 ], [ -69.680490688999953, -55.230645440999922 ], [ -69.716908331999946, -55.243747653999947 ], [ -69.848052537999934, -55.257907809999949 ], [ -69.866851365999935, -55.254082940999922 ], [ -69.863148566999939, -55.236993096999925 ], [ -69.924672003999945, -55.222751559999949 ], [ -69.852406378999945, -55.215508721999925 ], [ -69.835275844999899, -55.202325127999927 ], [ -69.911610480999911, -55.196058851999908 ], [ -69.842681443999936, -55.168145440999922 ], [ -69.959584113999938, -55.16179778399993 ], [ -70.002105272999927, -55.17115650799991 ], [ -70.031076626999948, -55.147637627999927 ], [ -69.986683722999942, -55.112888278999947 ], [ -69.965931769999941, -55.12664153399993 ], [ -69.94758053299995, -55.087090752999927 ], [ -69.885975714999915, -55.063571872999944 ], [ -69.587473110999952, -55.041192315999922 ], [ -69.561512824999909, -55.127129815999922 ], [ -69.582020636999914, -55.154473565999922 ], [ -69.541493292999917, -55.145114841999941 ], [ -69.546213344999899, -55.037530205999929 ], [ -69.438628709999932, -55.016696872999944 ], [ -69.426503058999913, -55.031345309999949 ], [ -69.445464647999927, -55.04461028399993 ], [ -69.429798956999946, -55.052666924999926 ], [ -69.390207485999952, -55.03834400799991 ], [ -69.32876542899993, -55.05201588299991 ], [ -69.383412238999938, -55.016696872999944 ], [ -69.337830357338206, -55.0 ], [ -69.237097861535077, -55.0 ], [ -69.198719855999911, -55.016696872999944 ], [ -69.185536261999914, -55.013278903999947 ], [ -69.196188817096726, -55.0 ], [ -68.344332210250187, -55.0 ], [ -68.32835852799991, -55.04615650799991 ], [ -68.348703579999949, -55.073174737999921 ], [ -68.372710740999935, -55.074965101999908 ], [ -68.441395636999914, -55.045668226999908 ], [ -68.431263800999943, -55.078789971999925 ], [ -68.510812954999949, -55.112399997999944 ], [ -68.602609829999949, -55.06609465899993 ], [ -68.620228644999941, -55.086602471999925 ], [ -68.582102016999954, -55.099786065999922 ], [ -68.569447394999941, -55.135430596999925 ], [ -68.629505988999938, -55.154473565999922 ], [ -68.825917120999918, -55.115166924999926 ], [ -68.890533006999931, -55.078789971999925 ], [ -68.992990688999953, -55.05201588299991 ], [ -69.02798417899993, -55.024590752999927 ], [ -69.051909959999932, -55.01921965899993 ], [ -69.061879035999937, -55.04461028399993 ], [ -69.056996222999942, -55.060804945999905 ], [ -69.004953579999949, -55.063246351999908 ], [ -68.948475714999915, -55.110935153999947 ], [ -68.786610480999911, -55.165215752999927 ], [ -68.608794725999928, -55.175388278999947 ], [ -68.564035610999952, -55.191989841999941 ], [ -68.38312740799995, -55.184502862999921 ], [ -68.357533331999946, -55.213067315999922 ], [ -68.274240688999953, -55.23015715899993 ], [ -68.328846808999913, -55.236993096999925 ], [ -68.20921790299991, -55.262872002999927 ], [ -68.208078579999949, -55.282810153999947 ], [ -68.227609829999949, -55.291761976999908 ], [ -68.274728969999899, -55.279717705999929 ], [ -68.431548631999931, -55.29851653399993 ], [ -68.466542120999918, -55.29070403399993 ], [ -68.500070766999954, -55.311455987999921 ], [ -68.616810675999943, -55.30592213299991 ], [ -68.660959438999953, -55.25750090899993 ], [ -68.701730923999946, -55.255059502999927 ], [ -68.745961066999939, -55.27117278399993 ], [ -68.680043097999942, -55.267185153999947 ], [ -68.671457485999952, -55.281426690999922 ], [ -68.68032792899993, -55.29656340899993 ], [ -68.648019985999952, -55.305108330999929 ], [ -68.650380011999914, -55.318942966999941 ], [ -68.561594204999949, -55.326348565999922 ], [ -68.602528449999909, -55.359958591999941 ], [ -68.447987433999913, -55.326348565999922 ], [ -68.391102667999917, -55.344414971999925 ], [ -68.345326300999943, -55.344008070999905 ], [ -68.324370897999927, -55.399509372999944 ], [ -68.276234503999945, -55.379164320999905 ], [ -68.239572719999899, -55.398532809999949 ], [ -68.146473761999914, -55.404392184999949 ], [ -68.150054490999935, -55.441827080999929 ], [ -68.177357550999943, -55.462334893999923 ], [ -68.057484503999945, -55.469008070999905 ], [ -68.101389126999948, -55.527601820999905 ], [ -68.05109615799995, -55.555108330999929 ], [ -68.027211066999939, -55.585870049999926 ], [ -67.96515865799995, -55.593357028999947 ] ] ] } },
{ "type": "Feature", "properties": { "type": "land" }, "geometry": { "type": "Polygon", "coordinates": [ [ [ -67.860503709999932, -55.232354424999926 ], [ -67.73859615799995, -55.236993096999925 ], [ -67.862700975999928, -55.202325127999927 ], [ -67.898101365999935, -55.168715101999908 ], [ -67.914173956999946, -55.195245049999926 ], [ -67.93781490799995, -55.182386976999908 ], [ -67.95734615799995, -55.210544528999947 ], [ -67.985585089999915, -55.223565362999921 ], [ -68.081857876999948, -55.233086846999925 ], [ -68.13508053299995, -55.218845309999949 ], [ -68.15689042899993, -55.196058851999908 ], [ -68.115956183999913, -55.174981377999927 ], [ -68.15689042899993, -55.154473565999922 ], [ -68.188099738999938, -55.104424737999921 ], [ -68.163929816999939, -55.054864190999922 ], [ -68.17650562512685, -55.0 ], [ -67.144299618563238, -55.0 ], [ -67.061879035999937, -55.072035414999903 ], [ -67.05337480399993, -55.093682549999926 ], [ -67.053334113999938, -55.133965752999927 ], [ -67.088490363999938, -55.190524997999944 ], [ -67.225575324999909, -55.291110934999949 ], [ -67.270619269999941, -55.306898695999905 ], [ -67.413319464999915, -55.292738539999903 ], [ -67.451161261999914, -55.271579684999949 ], [ -67.453602667999917, -55.24146900799991 ], [ -67.423247850999928, -55.21648528399993 ], [ -67.44399980399993, -55.182305596999925 ], [ -67.502919074999909, -55.172133070999905 ], [ -67.608794725999928, -55.188653252999927 ], [ -67.629750128999945, -55.21217213299991 ], [ -67.643950975999928, -55.258884372999944 ], [ -67.663441535999937, -55.264336846999925 ], [ -67.735259568999936, -55.256280205999929 ], [ -67.800648566999939, -55.264336846999925 ], [ -67.883168097999942, -55.24382903399993 ], [ -67.860503709999932, -55.232354424999926 ] ] ] } },
{ "type": "Feature", "properties": { "type": "land" }, "geometry": { "type": "Polygon", "coordinates": [ [ [ -70.302642381999931, -55.077894789999903 ], [ -70.267241990999935, -55.112888278999947 ], [ -70.338449673999946, -55.128513278999947 ], [ -70.377512173999946, -55.088311455999929 ], [ -70.418080206999946, -55.078789971999925 ], [ -70.397572394999941, -55.106622002999927 ], [ -70.452504035999937, -55.105238539999903 ], [ -70.446034308999913, -55.127129815999922 ], [ -70.384388800999943, -55.144463799999926 ], [ -70.370269334999932, -55.161879164999903 ], [ -70.446034308999913, -55.174981377999927 ], [ -70.49445553299995, -55.209649346999925 ], [ -70.495716925999943, -55.167413018999923 ], [ -70.538482225999928, -55.154473565999922 ], [ -70.548329230999911, -55.160821221999925 ], [ -70.524037238999938, -55.193942966999941 ], [ -70.527943488999938, -55.209649346999925 ], [ -70.548085089999915, -55.213555596999925 ], [ -70.56704667899993, -55.17701588299991 ], [ -70.564076300999943, -55.14031340899993 ], [ -70.513661261999914, -55.106622002999927 ], [ -70.56273352799991, -55.09107838299991 ], [ -70.59007727799991, -55.05046965899993 ], [ -70.617298956999946, -55.05828215899993 ], [ -70.589995897999927, -55.073174737999921 ], [ -70.645253058999913, -55.073174737999921 ], [ -70.666574673999946, -55.106622002999927 ], [ -70.699289516999897, -55.112888278999947 ], [ -70.700347459999932, -55.125583591999941 ], [ -70.747670050999943, -55.099786065999922 ], [ -70.722523566999939, -55.068536065999922 ], [ -70.728993292999917, -55.05396900799991 ], [ -70.754505988999938, -55.05201588299991 ], [ -70.815337693999936, -55.086195570999905 ], [ -70.856841600999928, -55.058526299999926 ], [ -70.929758266999897, -55.076836846999925 ], [ -71.007150844999899, -55.03834400799991 ], [ -70.991118943999936, -55.033623955999929 ], [ -70.996693488999938, -55.015069268999923 ], [ -70.983294102395234, -55.0 ], [ -70.727942004187199, -55.0 ], [ -70.729847785999937, -55.01336028399993 ], [ -70.651437954999949, -55.03093840899993 ], [ -70.565825975999928, -55.03093840899993 ], [ -70.507923956999946, -55.016778252999927 ], [ -70.486927863999938, -55.024102471999925 ], [ -70.513661261999914, -55.03093840899993 ], [ -70.493560350999928, -55.040622653999947 ], [ -70.408111131999931, -55.05201588299991 ], [ -70.363433397999927, -55.03093840899993 ], [ -70.309437628999945, -55.027927341999941 ], [ -70.277740037999934, -55.04851653399993 ], [ -70.342925584999932, -55.069105726999908 ], [ -70.302642381999931, -55.077894789999903 ] ] ] } },
{ "type": "Feature", "properties": { "type": "land" }, "geometry": { "type": "Polygon", "coordinates": [ [ [ -70.596868173423601, -55.0 ], [ -70.661529100999928, -55.000176690999922 ], [ -70.662350599404164, -55.0 ], [ -70.596868173423601, -55.0 ] ] ] } },
{ "type": "Feature", "properties": { "type": "land" }, "geometry": { "type": "Polygon", "coordinates": [ [ [ -66.371632524999939, -55.005477986999949 ], [ -66.371622192999951, -55.037755188999938 ], [ -66.450672980999911, -55.05201588299991 ], [ -66.54050772599993, -55.051046029999952 ], [ -66.630067345999919, -55.031097363999947 ], [ -66.688470701108756, -55.0 ], [ -66.343165741936986, -55.0 ], [ -66.371632524999939, -55.005477986999949 ] ] ] } },
{ "type": "Feature", "properties": { "type": "land" }, "geometry": { "type": "Polygon", "coordinates": [ [ [ 163.614268425000091, -74.84343840899993 ], [ 163.673675977000016, -74.858575127999927 ], [ 163.695160352000016, -74.89226653399993 ], [ 163.658702019000089, -74.914971612999921 ], [ 163.626475457000083, -74.91375090899993 ], [ 163.595062696000014, -74.87273528399993 ], [ 163.614268425000091, -74.84343840899993 ] ] ] } },
{ "type": "Feature", "properties": { "type": "land" }, "geometry": { "type": "Polygon", "coordinates": [ [ [ 163.309580925000091, -70.38640715899993 ], [ 163.395681186000047, -70.34539153399993 ], [ 163.455332879000025, -70.33912525799991 ], [ 163.566661004000025, -70.363946221999925 ], [ 163.346202019000089, -70.395277601999908 ], [ 163.309580925000091, -70.38640715899993 ] ] ] } },
{ "type": "Feature", "properties": { "type": "land" }, "geometry": { "type": "Polygon", "coordinates": [ [ [ -67.712228969999899, -79.136814059999949 ], [ -67.602528449999909, -79.136651299999926 ], [ -68.183338995999918, -79.18328215899993 ], [ -68.225941535999937, -79.168145440999922 ], [ -68.034738735999952, -79.133965752999927 ], [ -67.68814042899993, -79.125176690999922 ], [ -67.712228969999899, -79.136814059999949 ] ] ] } },
{ "type": "Feature", "properties": { "type": "land" }, "geometry": { "type": "Polygon", "coordinates": [ [ [ -75.588368292999917, -78.757907809999949 ], [ -75.446929490999935, -78.730075778999947 ], [ -75.393666144999941, -78.740980726999908 ], [ -75.524973110999952, -78.80592213299991 ], [ -75.520008917999917, -78.824476820999905 ], [ -75.487538214999915, -78.840020440999922 ], [ -75.481190558999913, -78.852308851999908 ], [ -75.491281704999949, -78.863051039999903 ], [ -75.551747199999909, -78.864678643999923 ], [ -75.649891730999911, -78.833184502999927 ], [ -75.660552537999934, -78.809747002999927 ], [ -75.643381313999953, -78.787692966999941 ], [ -75.588368292999917, -78.757907809999949 ] ] ] } },
{ "type": "Feature", "properties": { "type": "land" }, "geometry": { "type": "Polygon", "coordinates": [ [ [ -71.854481574999909, -73.245538018999923 ], [ -71.987375454999949, -73.258396091999941 ], [ -72.04906165299991, -73.243747653999947 ], [ -72.096180792999917, -73.21453215899993 ], [ -72.080922003999945, -73.19459400799991 ], [ -71.980824347999942, -73.181084893999923 ], [ -71.885650193999936, -73.188897393999923 ], [ -71.796538865999935, -73.219821872999944 ], [ -71.854481574999909, -73.245538018999923 ] ] ] } },
{ "type": "Feature", "properties": { "type": "land" }, "geometry": { "type": "Polygon", "coordinates": [ [ [ -98.042347785999937, -72.662286065999922 ], [ -97.940256313999896, -72.657403252999927 ], [ -97.74868730399993, -72.68328215899993 ], [ -97.831288214999915, -72.716973565999922 ], [ -97.941232876999948, -72.725030205999929 ], [ -98.050445115999935, -72.714450778999947 ], [ -98.130767381999931, -72.692315362999921 ], [ -98.042347785999937, -72.662286065999922 ] ] ] } },
{ "type": "Feature", "properties": { "type": "land" }, "geometry": { "type": "Polygon", "coordinates": [ [ [ -60.798166469999899, -72.576267184999949 ], [ -60.946685350999928, -72.598077080999929 ], [ -60.968861456999946, -72.591973565999922 ], [ -60.909291144999941, -72.541110934999949 ], [ -60.775135870999918, -72.562432549999926 ], [ -60.798166469999899, -72.576267184999949 ] ] ] } },
{ "type": "Feature", "properties": { "type": "land" }, "geometry": { "type": "Polygon", "coordinates": [ [ [ -70.584462042999917, -72.225030205999929 ], [ -70.417632615999935, -72.238376559999949 ], [ -70.538482225999928, -72.278252862999921 ], [ -70.601185675999943, -72.280043226999908 ], [ -70.653553839999915, -72.250746351999908 ], [ -70.584462042999917, -72.225030205999929 ] ] ] } },
{ "type": "Feature", "properties": { "type": "land" }, "geometry": { "type": "Polygon", "coordinates": [ [ [ -60.238433397999927, -72.17742278399993 ], [ -60.188059048999946, -72.175957940999922 ], [ -60.134877081999946, -72.193536065999922 ], [ -60.106556769999941, -72.224053643999923 ], [ -60.126779751999948, -72.252536716999941 ], [ -60.181385870999918, -72.255791924999926 ], [ -60.236439581999946, -72.238376559999949 ], [ -60.25845292899993, -72.204034112999921 ], [ -60.238433397999927, -72.17742278399993 ] ] ] } },
{ "type": "Feature", "properties": { "type": "land" }, "geometry": { "type": "Polygon", "coordinates": [ [ [ -70.776112433999913, -70.327569268999923 ], [ -70.746164516999897, -70.249769789999903 ], [ -70.722279425999943, -70.240817966999941 ], [ -70.632435675999943, -70.254978122999944 ], [ -70.653553839999915, -70.276788018999923 ], [ -70.638172980999911, -70.306735934999949 ], [ -70.667103644999941, -70.326836846999925 ], [ -70.776112433999913, -70.327569268999923 ] ] ] } },
{ "type": "Feature", "properties": { "type": "land" }, "geometry": { "type": "Polygon", "coordinates": [ [ [ -67.083078579999949, -67.832696221999925 ], [ -67.177479620999918, -67.884942315999922 ], [ -67.24640865799995, -67.893975518999923 ], [ -67.292551235999952, -67.86882903399993 ], [ -67.233794725999928, -67.830824476999908 ], [ -67.336781378999945, -67.818291924999926 ], [ -67.237294074999909, -67.798272393999923 ], [ -67.15103105399993, -67.798435153999947 ], [ -67.083078579999949, -67.832696221999925 ] ] ] } },
{ "type": "Feature", "properties": { "type": "land" }, "geometry": { "type": "Polygon", "coordinates": [ [ [ -64.947377081999946, -67.658868096999925 ], [ -64.927561001999948, -67.629164320999905 ], [ -64.940500454999949, -67.598809502999927 ], [ -64.75609290299991, -67.615411065999922 ], [ -64.776600714999915, -67.592054945999905 ], [ -64.749745245999918, -67.592217705999929 ], [ -64.563710089999915, -67.62037525799991 ], [ -64.707142706999946, -67.674248955999929 ], [ -64.762521938999953, -67.664483330999929 ], [ -64.745838995999918, -67.651788018999923 ], [ -64.799875454999949, -67.637790622999944 ], [ -64.90461178299995, -67.665622653999947 ], [ -64.947377081999946, -67.658868096999925 ] ] ] } },
{ "type": "Feature", "properties": { "type": "land" }, "geometry": { "type": "Polygon", "coordinates": [ [ [ -66.810536261999914, -67.523532809999949 ], [ -66.999379035999937, -67.59148528399993 ], [ -67.083607550999943, -67.602146091999941 ], [ -67.160267706999946, -67.588067315999922 ], [ -67.023101365999935, -67.546644789999903 ], [ -66.971180792999917, -67.517022393999923 ], [ -66.810536261999914, -67.523532809999949 ] ] ] } },
{ "type": "Feature", "properties": { "type": "land" }, "geometry": { "type": "Polygon", "coordinates": [ [ [ -67.575795050999943, -67.214450778999947 ], [ -67.693348761999914, -67.284274997999944 ], [ -67.76040605399993, -67.294528903999947 ], [ -67.810210740999935, -67.263441664999903 ], [ -67.670887824999909, -67.205010674999926 ], [ -67.604074673999946, -67.201592705999929 ], [ -67.575795050999943, -67.214450778999947 ] ] ] } },
{ "type": "Feature", "properties": { "type": "land" }, "geometry": { "type": "Polygon", "coordinates": [ [ [ -65.34243730399993, -65.842380466999941 ], [ -65.247792120999918, -65.841403903999947 ], [ -65.200103318999936, -65.856133721999925 ], [ -65.19399980399993, -65.883884372999944 ], [ -65.221262173999946, -65.900323174999926 ], [ -65.268137173999946, -65.896254164999903 ], [ -65.34243730399993, -65.842380466999941 ] ] ] } },
{ "type": "Feature", "properties": { "type": "land" }, "geometry": { "type": "Polygon", "coordinates": [ [ [ -65.527007615999935, -65.472914320999905 ], [ -65.659982876999948, -65.511488539999903 ], [ -65.732248501999948, -65.485284112999921 ], [ -65.722238735999952, -65.470879815999922 ], [ -65.666574673999946, -65.48560963299991 ], [ -65.616444464999915, -65.468357028999947 ], [ -65.527007615999935, -65.472914320999905 ] ] ] } },
{ "type": "Feature", "properties": { "type": "land" }, "geometry": { "type": "Polygon", "coordinates": [ [ [ -62.925445115999935, -64.88054778399993 ], [ -62.987945115999935, -64.896742445999905 ], [ -63.07648678299995, -64.88990650799991 ], [ -63.12954667899993, -64.869398695999905 ], [ -63.117014126999948, -64.847100518999923 ], [ -63.069935675999943, -64.841403903999947 ], [ -63.024891730999911, -64.85084400799991 ], [ -63.014393683999913, -64.869724216999941 ], [ -62.971302863999938, -64.859551690999922 ], [ -62.925445115999935, -64.88054778399993 ] ] ] } },
{ "type": "Feature", "properties": { "type": "land" }, "geometry": { "type": "Polygon", "coordinates": [ [ [ -62.65461178299995, -64.73796965899993 ], [ -62.704823370999918, -64.747653903999947 ], [ -62.731027798999946, -64.717380466999941 ], [ -62.76431230399993, -64.709649346999925 ], [ -62.697173631999931, -64.67506275799991 ], [ -62.654204881999931, -64.673272393999923 ], [ -62.63149980399993, -64.715508721999925 ], [ -62.65461178299995, -64.73796965899993 ] ] ] } },
{ "type": "Feature", "properties": { "type": "land" }, "geometry": { "type": "Polygon", "coordinates": [ [ [ -61.626535610999952, -64.359551690999922 ], [ -61.546254035999937, -64.350274346999925 ], [ -61.489247199999909, -64.384535414999903 ], [ -61.545765753999945, -64.397067966999941 ], [ -61.598866339999915, -64.388278903999947 ], [ -61.611439581999946, -64.380791924999926 ], [ -61.603627081999946, -64.371758721999925 ], [ -61.626535610999952, -64.359551690999922 ] ] ] } },
{ "type": "Feature", "properties": { "type": "land" }, "geometry": { "type": "Polygon", "coordinates": [ [ [ -56.849476691999939, -64.279961846999925 ], [ -56.635243292999917, -64.221612237999921 ], [ -56.582508917999917, -64.235121351999908 ], [ -56.633208787999934, -64.275160414999903 ], [ -56.714466925999943, -64.306573174999926 ], [ -56.80882727799991, -64.322686455999929 ], [ -56.898548956999946, -64.317315362999921 ], [ -56.86392167899993, -64.30201588299991 ], [ -56.849476691999939, -64.279961846999925 ] ] ] } },
{ "type": "Feature", "properties": { "type": "land" }, "geometry": { "type": "Polygon", "coordinates": [ [ [ -61.700428839999915, -64.172458591999941 ], [ -61.76040605399993, -64.147149346999925 ], [ -61.747181769999941, -64.108086846999925 ], [ -61.715687628999945, -64.095147393999923 ], [ -61.689564581999946, -64.102715752999927 ], [ -61.659087693999936, -64.17156340899993 ], [ -61.700428839999915, -64.172458591999941 ] ] ] } },
{ "type": "Feature", "properties": { "type": "land" }, "geometry": { "type": "Polygon", "coordinates": [ [ [ -61.745961066999939, -63.741794528999947 ], [ -61.808257615999935, -63.728936455999929 ], [ -61.636382615999935, -63.726169528999947 ], [ -61.62140865799995, -63.732354424999926 ], [ -61.613758917999917, -63.763604424999926 ], [ -61.62718665299991, -63.787855726999908 ], [ -61.684193488999938, -63.80787525799991 ], [ -61.69985917899993, -63.772149346999925 ], [ -61.745961066999939, -63.741794528999947 ] ] ] } },
{ "type": "Feature", "properties": { "type": "land" }, "geometry": { "type": "Polygon", "coordinates": [ [ [ -57.530873175999943, -63.693129164999903 ], [ -57.572132941999939, -63.642754815999922 ], [ -57.440419074999909, -63.619235934999949 ], [ -57.402088995999918, -63.628024997999944 ], [ -57.446400519999941, -63.678155205999929 ], [ -57.487416144999941, -63.696058851999908 ], [ -57.530873175999943, -63.693129164999903 ] ] ] } },
{ "type": "Feature", "properties": { "type": "land" }, "geometry": { "type": "Polygon", "coordinates": [ [ [ -56.662831183999913, -63.567478122999944 ], [ -56.602691209999932, -63.557305596999925 ], [ -56.467925584999932, -63.56568775799991 ], [ -56.577870245999918, -63.61101653399993 ], [ -56.648019985999952, -63.623304945999905 ], [ -56.689198370999918, -63.592868747999944 ], [ -56.662831183999913, -63.567478122999944 ] ] ] } },
{ "type": "Feature", "properties": { "type": "land" }, "geometry": { "type": "Polygon", "coordinates": [ [ [ -56.702870245999918, -63.189222914999903 ], [ -56.632232225999928, -63.152113539999903 ], [ -56.565988735999952, -63.162855726999908 ], [ -56.584950324999909, -63.201267184999949 ], [ -56.615345831999946, -63.215427341999941 ], [ -56.677235480999911, -63.217543226999908 ], [ -56.698557094999956, -63.206231377999927 ], [ -56.702870245999918, -63.189222914999903 ] ] ] } },
{ "type": "Feature", "properties": { "type": "land" }, "geometry": { "type": "Polygon", "coordinates": [ [ [ -59.750477667999917, -62.544691664999903 ], [ -59.79906165299991, -62.509535414999903 ], [ -59.932199673999946, -62.489434502999927 ], [ -59.996083136999914, -62.452569268999923 ], [ -59.93228105399993, -62.440118096999925 ], [ -59.722482876999948, -62.451918226999908 ], [ -59.776966925999943, -62.480889580999929 ], [ -59.726551886999914, -62.503676039999903 ], [ -59.610585089999915, -62.480075778999947 ], [ -59.553700324999909, -62.50123463299991 ], [ -59.601958787999934, -62.513929945999905 ], [ -59.599191860999952, -62.534356377999927 ], [ -59.618234829999949, -62.544691664999903 ], [ -59.750477667999917, -62.544691664999903 ] ] ] } },
{ "type": "Feature", "properties": { "type": "land" }, "geometry": { "type": "Polygon", "coordinates": [ [ [ -44.535227016999954, -60.736504815999922 ], [ -44.69758053299995, -60.744398695999905 ], [ -44.719715949999909, -60.750420830999929 ], [ -44.717844204999949, -60.77271900799991 ], [ -44.819935675999943, -60.740004164999903 ], [ -44.847320115999935, -60.715508721999925 ], [ -44.783029751999948, -60.733819268999923 ], [ -44.694569464999915, -60.722751559999949 ], [ -44.680775519999941, -60.708591403999947 ], [ -44.690256313999953, -60.676202080999929 ], [ -44.609283006999931, -60.708916924999926 ], [ -44.524810350999928, -60.674737237999921 ], [ -44.451649542999917, -60.703301690999922 ], [ -44.508656378999945, -60.713636976999908 ], [ -44.535227016999954, -60.736504815999922 ] ] ] } },
{ "type": "Feature", "properties": { "type": "land" }, "geometry": { "type": "Polygon", "coordinates": [ [ [ -27.252919074999909, -59.45826588299991 ], [ -27.231312628999945, -59.438246351999908 ], [ -27.136830206999946, -59.43718840899993 ], [ -27.152943488999938, -59.470798434999949 ], [ -27.23460852799991, -59.467950127999927 ], [ -27.252919074999909, -59.45826588299991 ] ] ] } },
{ "type": "Feature", "properties": { "type": "land" }, "geometry": { "type": "Polygon", "coordinates": [ [ [ -27.330922003999945, -59.424574476999908 ], [ -27.301340298999946, -59.47193775799991 ], [ -27.37140865799995, -59.455824476999908 ], [ -27.407215949999909, -59.431735934999949 ], [ -27.330922003999945, -59.424574476999908 ] ] ] } },
{ "type": "Feature", "properties": { "type": "land" }, "geometry": { "type": "Polygon", "coordinates": [ [ [ -26.595041469999956, -59.001885674999926 ], [ -26.562652147999927, -59.007907809999949 ], [ -26.499379035999937, -59.033135674999926 ], [ -26.595570441999939, -59.067315362999921 ], [ -26.653675910999937, -59.045586846999925 ], [ -26.657053188999953, -59.023695570999905 ], [ -26.595041469999956, -59.001885674999926 ] ] ] } },
{ "type": "Feature", "properties": { "type": "land" }, "geometry": { "type": "Polygon", "coordinates": [ [ [ -26.452381964999915, -57.81178150799991 ], [ -26.513050910999937, -57.772556247999944 ], [ -26.458729620999918, -57.738457940999922 ], [ -26.437977667999917, -57.744561455999929 ], [ -26.416859503999945, -57.778741143999923 ], [ -26.356027798999946, -57.786228122999944 ], [ -26.388661261999914, -57.803480726999908 ], [ -26.452381964999915, -57.81178150799991 ] ] ] } },
{ "type": "Feature", "properties": { "type": "land" }, "geometry": { "type": "Polygon", "coordinates": [ [ [ -27.134917772999927, -56.678643487999921 ], [ -27.09243730399993, -56.706475518999923 ], [ -27.164173956999946, -56.724216403999947 ], [ -27.207590298999946, -56.713148695999905 ], [ -27.204579230999911, -56.690199476999908 ], [ -27.134917772999927, -56.678643487999921 ] ] ] } },
{ "type": "Feature", "properties": { "type": "land" }, "geometry": { "type": "Polygon", "coordinates": [ [ [ -27.593332485999952, -56.277276299999926 ], [ -27.549875454999949, -56.275567315999922 ], [ -27.527902798999946, -56.292168877999927 ], [ -27.56899980399993, -56.320570570999905 ], [ -27.609771287999934, -56.292168877999927 ], [ -27.593332485999952, -56.277276299999926 ] ] ] } },
{ "type": "Feature", "properties": { "type": "land" }, "geometry": { "type": "Polygon", "coordinates": [ [ [ -67.281971808999913, -55.820977471999925 ], [ -67.214955206999946, -55.86101653399993 ], [ -67.22524980399993, -55.873793226999908 ], [ -67.204172329999949, -55.880629164999903 ], [ -67.224110480999911, -55.897556247999944 ], [ -67.338449673999946, -55.86492278399993 ], [ -67.37132727799991, -55.831963799999926 ], [ -67.417062954999949, -55.833591403999947 ], [ -67.403472459999932, -55.818617445999905 ], [ -67.358550584999932, -55.810479424999926 ], [ -67.281971808999913, -55.820977471999925 ] ] ] } },
{ "type": "Feature", "properties": { "type": "land" }, "geometry": { "type": "Polygon", "coordinates": [ [ [ -67.617583787999934, -55.512872002999927 ], [ -67.585316535999937, -55.554131768999923 ], [ -67.595204230999911, -55.572198174999926 ], [ -67.587757941999939, -55.585870049999926 ], [ -67.73859615799995, -55.61687590899993 ], [ -67.724680141999954, -55.588799737999921 ], [ -67.686675584999932, -55.572686455999929 ], [ -67.701242641999954, -55.51295338299991 ], [ -67.691395636999914, -55.497165622999944 ], [ -67.660511847999942, -55.490980726999908 ], [ -67.617583787999934, -55.512872002999927 ] ] ] } },
{ "type": "Feature", "properties": { "type": "land" }, "geometry": { "type": "Polygon", "coordinates": [ [ [ -69.674672003999945, -55.355238539999903 ], [ -69.637318488999938, -55.38836028399993 ], [ -69.688465949999909, -55.373630466999941 ], [ -69.706450975999928, -55.376885674999926 ], [ -69.671457485999952, -55.401462497999944 ], [ -69.686024542999917, -55.407321872999944 ], [ -69.801747199999909, -55.407810153999947 ], [ -69.774403449999909, -55.380466403999947 ], [ -69.801747199999909, -55.332614841999941 ], [ -69.674672003999945, -55.355238539999903 ] ] ] } },
{ "type": "Feature", "properties": { "type": "land" }, "geometry": { "type": "Polygon", "coordinates": [ [ [ -66.829579230999911, -55.28248463299991 ], [ -66.867665167999917, -55.322198174999926 ], [ -66.938059048999946, -55.334567966999941 ], [ -67.060170050999943, -55.326348565999922 ], [ -67.050119594999899, -55.307305596999925 ], [ -67.07445227799991, -55.278008721999925 ], [ -67.039418097999942, -55.243584893999923 ], [ -66.992258266999954, -55.228692315999922 ], [ -66.865305141999954, -55.233005466999941 ], [ -66.849436001999948, -55.253513278999947 ], [ -66.855336066999939, -55.27117278399993 ], [ -66.829579230999911, -55.28248463299991 ] ] ] } },
{ "type": "Feature", "properties": { "type": "land" }, "geometry": { "type": "Polygon", "coordinates": [ [ [ -66.848011847999942, -55.039320570999905 ], [ -66.80687415299991, -55.112888278999947 ], [ -66.851714647999927, -55.106622002999927 ], [ -66.927845831999946, -55.062676690999922 ], [ -67.066232876999948, -55.022149346999925 ], [ -67.070912238999938, -55.00945403399993 ], [ -67.063840120445917, -55.0 ], [ -66.995674785693652, -55.0 ], [ -66.895619269999941, -55.015720309999949 ], [ -66.848011847999942, -55.039320570999905 ] ] ] } },
{ "type": "Feature", "properties": { "type": "land" }, "geometry": { "type": "Polygon", "coordinates": [ [ [ -149.207712368999921, -77.45671965899993 ], [ -149.174672003999916, -77.448337497999944 ], [ -149.208851691999911, -77.439873955999929 ], [ -149.055856899999924, -77.42156340899993 ], [ -148.832020636999914, -77.448337497999944 ], [ -149.018666144999912, -77.480075778999947 ], [ -149.207712368999921, -77.45671965899993 ] ] ] } },
{ "type": "Feature", "properties": { "type": "land" }, "geometry": { "type": "Polygon", "coordinates": [ [ [ -153.048166469999927, -77.243259372999944 ], [ -153.108754035999908, -77.26490650799991 ], [ -153.416330532999922, -77.231622002999927 ], [ -153.467600063999924, -77.211114190999922 ], [ -153.116281704999921, -77.206149997999944 ], [ -153.05492102799991, -77.226820570999905 ], [ -153.048166469999927, -77.243259372999944 ] ] ] } },
{ "type": "Feature", "properties": { "type": "land" }, "geometry": { "type": "Polygon", "coordinates": [ [ [ -147.18773352799991, -77.21021900799991 ], [ -147.327259894999912, -77.232354424999926 ], [ -147.307687954999921, -77.244724216999941 ], [ -147.383371548999918, -77.25904713299991 ], [ -147.460764126999919, -77.249769789999903 ], [ -147.446359829999921, -77.241387627999927 ], [ -147.484771287999905, -77.231866143999923 ], [ -147.493478969999927, -77.213636976999908 ], [ -147.601633266999926, -77.184340101999908 ], [ -147.566517706999917, -77.165622653999947 ], [ -147.515248175999915, -77.161309502999927 ], [ -147.249582485999923, -77.188571872999944 ], [ -147.18773352799991, -77.21021900799991 ] ] ] } },
{ "type": "Feature", "properties": { "type": "land" }, "geometry": { "type": "Polygon", "coordinates": [ [ [ -154.55296790299991, -77.100518487999921 ], [ -154.433542446999923, -77.072523695999905 ], [ -154.284006313999924, -77.06414153399993 ], [ -154.128244594999927, -77.078220309999949 ], [ -154.055124477999925, -77.097263278999947 ], [ -154.03575598899991, -77.130059502999927 ], [ -154.187123175999915, -77.154392184999949 ], [ -154.512440558999913, -77.135511976999908 ], [ -154.559763149999924, -77.11687590899993 ], [ -154.55296790299991, -77.100518487999921 ] ] ] } },
{ "type": "Feature", "properties": { "type": "land" }, "geometry": { "type": "Polygon", "coordinates": [ [ [ 166.956553582000083, -76.938409112999921 ], [ 166.977305535000028, -76.962660414999903 ], [ 166.872243686000047, -76.972914320999905 ], [ 166.853282097000033, -76.936211846999925 ], [ 166.874034050000091, -76.926446221999925 ], [ 166.956553582000083, -76.938409112999921 ] ] ] } },
{ "type": "Feature", "properties": { "type": "land" }, "geometry": { "type": "Polygon", "coordinates": [ [ [ 162.531504754000025, -75.426527601999908 ], [ 162.570811394000089, -75.422946872999944 ], [ 162.617849155000044, -75.459161065999922 ], [ 162.572276238000086, -75.481133721999925 ], [ 162.504649285000028, -75.474053643999923 ], [ 162.48796634200005, -75.457207940999922 ], [ 162.531504754000025, -75.426527601999908 ] ] ] } },
{ "type": "Feature", "properties": { "type": "land" }, "geometry": { "type": "Polygon", "coordinates": [ [ [ -117.282134568999936, -74.377373955999929 ], [ -117.395578579999892, -74.366143487999921 ], [ -117.361236131999931, -74.328789971999925 ], [ -117.311512824999909, -74.309258721999925 ], [ -117.025054490999935, -74.28093840899993 ], [ -116.968129035999937, -74.291924737999921 ], [ -117.066070115999935, -74.330254815999922 ], [ -117.282134568999936, -74.377373955999929 ] ] ] } },
{ "type": "Feature", "properties": { "type": "land" }, "geometry": { "type": "Polygon", "coordinates": [ [ [ -132.144032355999911, -74.167575778999947 ], [ -132.234974738999938, -74.167087497999944 ], [ -132.29515540299991, -74.147881768999923 ], [ -132.300526495999918, -74.134942315999922 ], [ -132.184885219999899, -74.129327080999929 ], [ -132.121896938999896, -74.149590752999927 ], [ -132.144032355999911, -74.167575778999947 ] ] ] } },
{ "type": "Feature", "properties": { "type": "land" }, "geometry": { "type": "Polygon", "coordinates": [ [ [ 5.560069207000083, -70.229261976999908 ], [ 5.654633009000065, -70.225681247999944 ], [ 5.744802280000044, -70.248793226999908 ], [ 5.82585696700005, -70.30396900799991 ], [ 5.747325066000087, -70.340915622999944 ], [ 5.642914259000065, -70.329522393999923 ], [ 5.465586785000085, -70.255303643999923 ], [ 5.560069207000083, -70.229261976999908 ] ] ] } },
{ "type": "Feature", "properties": { "type": "land" }, "geometry": { "type": "Polygon", "coordinates": [ [ [ 161.834483269000089, -70.222100518999923 ], [ 161.867686394000089, -70.217461846999925 ], [ 161.920420769000089, -70.240655205999929 ], [ 161.855723504000025, -70.261163018999923 ], [ 161.811859571000014, -70.24146900799991 ], [ 161.834483269000089, -70.222100518999923 ] ] ] } },
{ "type": "Feature", "properties": { "type": "land" }, "geometry": { "type": "Polygon", "coordinates": [ [ [ 6.272715691000087, -70.12273528399993 ], [ 6.451670769000089, -70.136976820999905 ], [ 6.53646894600007, -70.164971612999921 ], [ 6.53646894600007, -70.207207940999922 ], [ 6.50367272200009, -70.222588799999926 ], [ 6.432465040000068, -70.21453215899993 ], [ 6.329112175000091, -70.16920338299991 ], [ 6.272715691000087, -70.12273528399993 ] ] ] } },
{ "type": "Feature", "properties": { "type": "land" }, "geometry": { "type": "Polygon", "coordinates": [ [ [ 11.000824415000068, -70.076429945999905 ], [ 10.812022332000083, -70.07586028399993 ], [ 10.576182488000086, -70.031508070999905 ], [ 10.539805535000085, -70.011488539999903 ], [ 10.634613477000073, -70.004571221999925 ], [ 10.89421634200005, -70.017836195999905 ], [ 10.98804772200009, -70.045993747999944 ], [ 11.000824415000068, -70.076429945999905 ] ] ] } },
{ "type": "Feature", "properties": { "type": "land" }, "geometry": { "type": "Polygon", "coordinates": [ [ [ 72.661306186000047, -70.006524346999925 ], [ 72.71810957100007, -70.000746351999908 ], [ 72.73015384200005, -70.004815362999921 ], [ 72.731130405000044, -70.022556247999944 ], [ 72.560720248000052, -70.090264580999929 ], [ 72.459320509000065, -70.10865650799991 ], [ 72.411957227000073, -70.074802341999941 ], [ 72.456065300000034, -70.051853122999944 ], [ 72.48170006600003, -70.058851820999905 ], [ 72.52662194100003, -70.043633721999925 ], [ 72.637054884000065, -69.969821872999944 ], [ 72.63990319100003, -69.995700778999947 ], [ 72.661306186000047, -70.006524346999925 ] ] ] } },
{ "type": "Feature", "properties": { "type": "land" }, "geometry": { "type": "Polygon", "coordinates": [ [ [ 47.834157748000052, -67.558200778999947 ], [ 47.923350457000083, -67.586602471999925 ], [ 47.791677280000044, -67.619724216999941 ], [ 47.532481316000087, -67.641696872999944 ], [ 47.411306186000047, -67.621758721999925 ], [ 47.484873894000089, -67.54070403399993 ], [ 47.558848504000082, -67.520928643999923 ], [ 47.609711134000065, -67.524183851999908 ], [ 47.557627800000034, -67.556410414999903 ], [ 47.492930535000085, -67.572686455999929 ], [ 47.697520379000082, -67.59343840899993 ], [ 47.834157748000052, -67.558200778999947 ] ] ] } },
{ "type": "Feature", "properties": { "type": "land" }, "geometry": { "type": "Polygon", "coordinates": [ [ [ 120.607432488000086, -66.879571221999925 ], [ 120.743174675000091, -66.908379815999922 ], [ 120.866384311000047, -66.886814059999949 ], [ 120.531993035000028, -66.969008070999905 ], [ 120.479991082000083, -66.950127862999921 ], [ 120.491384311000047, -66.920017184999949 ], [ 120.540049675000091, -66.881280205999929 ], [ 120.607432488000086, -66.879571221999925 ] ] ] } },
{ "type": "Feature", "properties": { "type": "land" }, "geometry": { "type": "Polygon", "coordinates": [ [ [ 121.192881707000083, -66.778903903999947 ], [ 121.168304884, -66.80592213299991 ], [ 121.023203972000033, -66.848321221999925 ], [ 120.937754754000025, -66.857028903999947 ], [ 120.883148634, -66.846449476999908 ], [ 121.04810631600003, -66.788832289999903 ], [ 121.192881707000083, -66.778903903999947 ] ] ] } },
{ "type": "Feature", "properties": { "type": "land" }, "geometry": { "type": "Polygon", "coordinates": [ [ [ 97.424327019000032, -66.42310963299991 ], [ 97.393728061000047, -66.430271091999941 ], [ 97.06763756600003, -66.404717705999929 ], [ 97.010508660000028, -66.381036065999922 ], [ 97.04810631600003, -66.344170830999929 ], [ 97.167735222000033, -66.325941664999903 ], [ 97.346853061000047, -66.360528252999927 ], [ 97.424327019000032, -66.42310963299991 ] ] ] } },
{ "type": "Feature", "properties": { "type": "land" }, "geometry": { "type": "Polygon", "coordinates": [ [ [ 100.973317905000044, -65.787367445999905 ], [ 101.025563998000052, -65.812595309999949 ], [ 101.011241082000026, -65.838799737999921 ], [ 100.904551629000082, -65.878106377999927 ], [ 100.758799675000034, -65.881768487999921 ], [ 100.635264519000032, -65.859144789999903 ], [ 100.46021569100003, -65.875664971999925 ], [ 100.39966881600003, -65.854668877999927 ], [ 100.534922722000033, -65.790622653999947 ], [ 100.607188347000033, -65.778497002999927 ], [ 100.973317905000044, -65.787367445999905 ] ] ] } },
{ "type": "Feature", "properties": { "type": "land" }, "geometry": { "type": "Polygon", "coordinates": [ [ [ 167.661875847000033, -78.128676039999903 ], [ 167.496836785000028, -78.226983330999929 ], [ 167.40552819100003, -78.249200127999927 ], [ 167.291270379000025, -78.252699476999908 ], [ 166.947276238000086, -78.222263278999947 ], [ 166.72974694100003, -78.27703215899993 ], [ 166.315114780000044, -78.310316664999903 ], [ 166.194183790000011, -78.299248955999929 ], [ 166.097829623000052, -78.267836195999905 ], [ 166.03484134200005, -78.19654713299991 ], [ 165.986094597000033, -78.109551690999922 ], [ 166.09343509200005, -78.083184502999927 ], [ 166.132334832000083, -78.090508721999925 ], [ 166.164317254000025, -78.112888278999947 ], [ 166.310313347000033, -78.112399997999944 ], [ 166.652679884, -78.16139088299991 ], [ 166.795664910000028, -78.211602471999925 ], [ 167.067881707000083, -78.154961846999925 ], [ 167.348399285000028, -78.058770440999922 ], [ 167.411143425000091, -78.011163018999923 ], [ 167.511729363000086, -77.992445570999905 ], [ 167.565277540000011, -78.002699476999908 ], [ 167.603282097000033, -78.030205987999921 ], [ 167.624196811000047, -78.081963799999926 ], [ 167.661875847000033, -78.128676039999903 ] ] ] } },
{ "type": "Feature", "properties": { "type": "land" }, "geometry": { "type": "Polygon", "coordinates": [ [ [ 164.016368035000028, -74.60320403399993 ], [ 164.30241946700005, -74.552666924999926 ], [ 164.244883660000028, -74.589939059999949 ], [ 164.233083530000044, -74.612888278999947 ], [ 164.244313998000052, -74.631280205999929 ], [ 164.087657097000033, -74.625420830999929 ], [ 164.038096550000091, -74.636325778999947 ], [ 164.059092644000089, -74.648207289999903 ], [ 164.059092644000089, -74.66920338299991 ], [ 164.030284050000091, -74.693942966999941 ], [ 164.098399285000028, -74.719008070999905 ], [ 164.107188347000033, -74.736097914999903 ], [ 164.07740319100003, -74.75750090899993 ], [ 163.926036004000025, -74.772230726999908 ], [ 164.037771030000044, -74.80632903399993 ], [ 163.980967644000089, -74.840264580999929 ], [ 164.003754102000016, -74.846449476999908 ], [ 163.963389519000089, -74.866387627999927 ], [ 163.944102410000028, -74.862237237999921 ], [ 163.929209832000083, -74.826755466999941 ], [ 163.869639519000089, -74.819268487999921 ], [ 163.860524936000047, -74.824476820999905 ], [ 163.868662957000083, -74.833428643999923 ], [ 163.836599155000044, -74.833754164999903 ], [ 163.759938998000052, -74.809665622999944 ], [ 163.779307488000086, -74.796970309999949 ], [ 163.726735873000052, -74.78248463299991 ], [ 163.687754754000025, -74.725518487999921 ], [ 163.813243035000028, -74.700941664999903 ], [ 163.803477410000028, -74.689548434999949 ], [ 164.016368035000028, -74.60320403399993 ] ] ] } },
{ "type": "Feature", "properties": { "type": "land" }, "geometry": { "type": "Polygon", "coordinates": [ [ [ 164.836924675000091, -67.362725518999923 ], [ 164.913910352000016, -67.404392184999949 ], [ 164.926036004000025, -67.431084893999923 ], [ 164.916188998000052, -67.454278252999927 ], [ 164.848968946000014, -67.500909112999921 ], [ 164.875010613000086, -67.515069268999923 ], [ 164.760427280000044, -67.570407809999949 ], [ 164.703786655000044, -67.568617445999905 ], [ 164.657237175000091, -67.53834400799991 ], [ 164.632823113000086, -67.488702080999929 ], [ 164.682139519000089, -67.447849216999941 ], [ 164.696299675000091, -67.416761976999908 ], [ 164.696055535000028, -67.385186455999929 ], [ 164.659515821000014, -67.333591403999947 ], [ 164.670420769000089, -67.312107028999947 ], [ 164.657237175000091, -67.260837497999944 ], [ 164.71216881600003, -67.268487237999921 ], [ 164.823741082000083, -67.325616143999923 ], [ 164.840342644000089, -67.339288018999923 ], [ 164.836924675000091, -67.362725518999923 ] ] ] } },
{ "type": "Feature", "properties": { "type": "land" }, "geometry": { "type": "Polygon", "coordinates": [ [ [ 163.295095248000052, -66.884860934999949 ], [ 163.249196811000047, -66.877373955999929 ], [ 163.190765821000014, -66.843845309999949 ], [ 163.155039910000028, -66.812269789999903 ], [ 163.08130944100003, -66.706475518999923 ], [ 163.114756707000083, -66.687269789999903 ], [ 163.169932488000086, -66.690199476999908 ], [ 163.260508660000028, -66.716241143999923 ], [ 163.257009311000047, -66.763278903999947 ], [ 163.313243035000028, -66.781508070999905 ], [ 163.286143425000091, -66.797784112999921 ], [ 163.312510613000086, -66.828708591999941 ], [ 163.293711785000028, -66.838067315999922 ], [ 163.295095248000052, -66.884860934999949 ] ] ] } },
{ "type": "Feature", "properties": { "type": "land" }, "geometry": { "type": "Polygon", "coordinates": [ [ [ -32.143299933999913, -79.661065362999921 ], [ -32.496652798999946, -79.673272393999923 ], [ -32.601226365999935, -79.661065362999921 ], [ -32.485463019999941, -79.645114841999941 ], [ -32.564605272999927, -79.626885674999926 ], [ -32.450306769999941, -79.619561455999929 ], [ -32.427886522999927, -79.578057549999926 ], [ -32.454741990999935, -79.550713799999926 ], [ -32.294178839999915, -79.521905205999929 ], [ -32.222279425999943, -79.520196221999925 ], [ -31.913482225999928, -79.572849216999941 ], [ -31.924549933999913, -79.599786065999922 ], [ -31.964426235999952, -79.610935153999947 ], [ -32.205555792999917, -79.627048434999949 ], [ -32.198801235999952, -79.657159112999921 ], [ -32.143299933999913, -79.661065362999921 ] ] ] } },
{ "type": "Feature", "properties": { "type": "land" }, "geometry": { "type": "Polygon", "coordinates": [ [ [ -73.698150193999936, -73.098809502999927 ], [ -73.522531704999949, -73.13014088299991 ], [ -73.692128058999913, -73.216973565999922 ], [ -73.705677863999938, -73.236504815999922 ], [ -73.68773352799991, -73.273044528999947 ], [ -73.708363410999937, -73.291599216999941 ], [ -73.838937954999949, -73.334649346999925 ], [ -73.91038977799991, -73.373142184999949 ], [ -73.979807094999899, -73.368340752999927 ], [ -74.014719204999949, -73.406345309999949 ], [ -74.053089972999942, -73.401543877999927 ], [ -74.066802537999934, -73.379164320999905 ], [ -74.06314042899993, -73.35320403399993 ], [ -74.145619269999941, -73.32350025799991 ], [ -74.159169074999909, -73.308038018999923 ], [ -74.150868292999917, -73.279229424999926 ], [ -74.002919074999909, -73.251560153999947 ], [ -74.063588019999941, -73.220310153999947 ], [ -73.911244269999941, -73.205254815999922 ], [ -73.874867316999939, -73.189711195999905 ], [ -73.866363084999932, -73.168877862999921 ], [ -73.898304816999939, -73.149183851999908 ], [ -73.886830206999946, -73.120049737999921 ], [ -73.698150193999936, -73.098809502999927 ] ] ] } },
{ "type": "Feature", "properties": { "type": "land" }, "geometry": { "type": "Polygon", "coordinates": [ [ [ -104.637603318999936, -73.11646900799991 ], [ -104.553944464999915, -73.14576588299991 ], [ -104.532704230999911, -73.174493096999925 ], [ -104.630482550999943, -73.211358330999929 ], [ -104.746937628999945, -73.218519789999903 ], [ -104.859486456999946, -73.20671965899993 ], [ -104.945668097999942, -73.186211846999925 ], [ -105.037668423999946, -73.140394789999903 ], [ -105.098866339999915, -73.086683851999908 ], [ -105.155384894999941, -73.005303643999923 ], [ -105.061024542999917, -72.954196872999944 ], [ -105.014149542999917, -72.940524997999944 ], [ -104.958607550999943, -72.94264088299991 ], [ -104.637603318999936, -73.11646900799991 ] ] ] } },
{ "type": "Feature", "properties": { "type": "land" }, "geometry": { "type": "Polygon", "coordinates": [ [ [ -94.489003058999913, -72.533786716999941 ], [ -94.399810350999928, -72.607354424999926 ], [ -94.504750128999945, -72.632745049999926 ], [ -95.201242641999897, -72.677341403999947 ], [ -95.274281378999945, -72.651788018999923 ], [ -95.269276495999918, -72.63600025799991 ], [ -95.197824673999946, -72.588636976999908 ], [ -94.810454881999931, -72.534600518999923 ], [ -94.580881313999896, -72.468926690999922 ], [ -94.502064581999946, -72.479261976999908 ], [ -94.489003058999913, -72.533786716999941 ] ] ] } },
{ "type": "Feature", "properties": { "type": "land" }, "geometry": { "type": "Polygon", "coordinates": [ [ [ -16.131703253999945, -72.632582289999903 ], [ -16.102772589999915, -72.687432549999926 ], [ -16.198841925999943, -72.709242445999905 ], [ -16.296254035999937, -72.707614841999941 ], [ -16.381581183999913, -72.690036716999941 ], [ -16.441558397999927, -72.66375090899993 ], [ -16.487538214999915, -72.62232838299991 ], [ -16.517201300999943, -72.570245049999926 ], [ -16.516346808999913, -72.519138278999947 ], [ -16.470692511999914, -72.480645440999922 ], [ -16.409575975999928, -72.456638278999947 ], [ -16.338002081999946, -72.46062590899993 ], [ -16.29124915299991, -72.485284112999921 ], [ -16.131703253999945, -72.632582289999903 ] ] ] } },
{ "type": "Feature", "properties": { "type": "land" }, "geometry": { "type": "Polygon", "coordinates": [ [ [ -12.565541144999941, -72.101495049999926 ], [ -12.489654100999928, -72.167087497999944 ], [ -12.56663977799991, -72.196384372999944 ], [ -12.653960740999935, -72.199314059999949 ], [ -12.87759355399993, -72.14381275799991 ], [ -12.951324022999927, -72.092950127999927 ], [ -12.967355923999946, -72.05632903399993 ], [ -12.897328253999945, -72.002129815999922 ], [ -12.810210740999935, -72.000664971999925 ], [ -12.565541144999941, -72.101495049999926 ] ] ] } },
{ "type": "Feature", "properties": { "type": "land" }, "geometry": { "type": "Polygon", "coordinates": [ [ [ -60.61742102799991, -71.063083591999941 ], [ -60.756581183999913, -71.049981377999927 ], [ -60.889475063999953, -71.01881275799991 ], [ -60.95734615799995, -70.977308851999908 ], [ -60.91429602799991, -70.941582940999922 ], [ -60.813343878999945, -70.917087497999944 ], [ -60.691761847999942, -70.90943775799991 ], [ -60.587025519999941, -70.92506275799991 ], [ -60.538889126999948, -70.954278252999927 ], [ -60.516590949999909, -70.991631768999923 ], [ -60.515451626999948, -71.027439059999949 ], [ -60.530669725999928, -71.051039320999905 ], [ -60.61742102799991, -71.063083591999941 ] ] ] } },
{ "type": "Feature", "properties": { "type": "land" }, "geometry": { "type": "Polygon", "coordinates": [ [ [ -60.446888800999943, -70.621758721999925 ], [ -60.543527798999946, -70.67115650799991 ], [ -60.716542120999918, -70.71062590899993 ], [ -60.812896287999934, -70.714613539999903 ], [ -60.885568813999953, -70.700127862999921 ], [ -60.982248501999948, -70.620863539999903 ], [ -60.963368292999917, -70.583754164999903 ], [ -60.96939042899993, -70.547621351999908 ], [ -60.900461391999954, -70.52076588299991 ], [ -60.569976365999935, -70.507256768999923 ], [ -60.504872199999909, -70.517510674999926 ], [ -60.45335852799991, -70.541273695999905 ], [ -60.435292120999918, -70.596774997999944 ], [ -60.446888800999943, -70.621758721999925 ] ] ] } },
{ "type": "Feature", "properties": { "type": "land" }, "geometry": { "type": "Polygon", "coordinates": [ [ [ -61.105376756999931, -69.963799737999921 ], [ -61.246693488999938, -69.987074476999908 ], [ -61.329660610999952, -69.976495049999926 ], [ -61.405995245999918, -69.942803643999923 ], [ -61.399769660999937, -69.90593840899993 ], [ -61.360585089999915, -69.865329684999949 ], [ -61.309193488999938, -69.85125090899993 ], [ -61.190012173999946, -69.867852471999925 ], [ -61.124175584999932, -69.899834893999923 ], [ -61.105376756999931, -69.963799737999921 ] ] ] } },
{ "type": "Feature", "properties": { "type": "land" }, "geometry": { "type": "Polygon", "coordinates": [ [ [ -60.783599412999934, -68.793633721999925 ], [ -61.021148240999935, -68.70671965899993 ], [ -60.968617316999939, -68.682386976999908 ], [ -60.790516730999911, -68.691989841999941 ], [ -60.717152472999942, -68.715264580999929 ], [ -60.667836066999939, -68.747165622999944 ], [ -60.652007615999935, -68.775811455999929 ], [ -60.675892706999946, -68.795179945999905 ], [ -60.783599412999934, -68.793633721999925 ] ] ] } },
{ "type": "Feature", "properties": { "type": "land" }, "geometry": { "type": "Polygon", "coordinates": [ [ [ -67.334584113999938, -67.762872002999927 ], [ -67.392445441999939, -67.78053150799991 ], [ -67.510487433999913, -67.789483330999929 ], [ -67.647084113999938, -67.776950778999947 ], [ -67.742054816999939, -67.746514580999929 ], [ -67.751047329999949, -67.732354424999926 ], [ -67.693714972999942, -67.720472914999903 ], [ -67.643625454999949, -67.683689059999949 ], [ -67.746693488999938, -67.701918226999908 ], [ -67.774769660999937, -67.685804945999905 ], [ -67.739979620999918, -67.654880466999941 ], [ -67.495716925999943, -67.589043877999927 ], [ -67.183705206999946, -67.599786065999922 ], [ -67.151112433999913, -67.610772393999923 ], [ -67.122181769999941, -67.642510674999926 ], [ -67.231271938999953, -67.677341403999947 ], [ -67.253163214999915, -67.710056247999944 ], [ -67.32054602799991, -67.711032809999949 ], [ -67.288197394999941, -67.730075778999947 ], [ -67.334584113999938, -67.762872002999927 ] ] ] } },
{ "type": "Feature", "properties": { "type": "land" }, "geometry": { "type": "Polygon", "coordinates": [ [ [ -67.435170050999943, -66.908135674999926 ], [ -67.603138800999943, -66.879978122999944 ], [ -67.563832160999937, -66.86646900799991 ], [ -67.52757727799991, -66.821058851999908 ], [ -67.490223761999914, -66.799086195999905 ], [ -67.519886847999942, -66.762139580999929 ], [ -67.483957485999952, -66.742608330999929 ], [ -67.406646287999934, -66.736504815999922 ], [ -67.306792772999927, -66.760674737999921 ], [ -67.240712042999917, -66.830824476999908 ], [ -67.343617316999939, -66.891289971999925 ], [ -67.435170050999943, -66.908135674999926 ] ] ] } },
{ "type": "Feature", "properties": { "type": "land" }, "geometry": { "type": "Polygon", "coordinates": [ [ [ -66.778228318999936, -66.134372653999947 ], [ -66.795399542999917, -66.125746351999908 ], [ -66.773589647999927, -66.107191664999903 ], [ -66.640288865999935, -66.068536065999922 ], [ -66.590809699999909, -66.067478122999944 ], [ -66.555572068999936, -66.087009372999944 ], [ -66.634755011999914, -66.128024997999944 ], [ -66.587269660999937, -66.155857028999947 ], [ -66.575998501999948, -66.180352471999925 ], [ -66.60187740799995, -66.208754164999903 ], [ -66.751454230999911, -66.289239190999922 ], [ -66.841053839999915, -66.32195403399993 ], [ -66.888661261999914, -66.325778903999947 ], [ -66.91079667899993, -66.301934502999927 ], [ -66.770375128999945, -66.221774997999944 ], [ -66.778228318999936, -66.134372653999947 ] ] ] } },
{ "type": "Feature", "properties": { "type": "land" }, "geometry": { "type": "Polygon", "coordinates": [ [ [ -66.177805141999954, -65.840508721999925 ], [ -66.192372199999909, -65.802666924999926 ], [ -66.159779425999943, -65.762465101999908 ], [ -66.082183397999927, -65.768324476999908 ], [ -66.037953253999945, -65.738946221999925 ], [ -66.082753058999913, -65.708916924999926 ], [ -66.074045376999948, -65.663995049999926 ], [ -66.018950975999928, -65.64967213299991 ], [ -65.969960089999915, -65.618584893999923 ], [ -65.963042772999927, -65.599053643999923 ], [ -65.98070227799991, -65.573418877999927 ], [ -65.960031704999949, -65.553317966999941 ], [ -65.791574673999946, -65.519952080999929 ], [ -65.690541144999941, -65.54265715899993 ], [ -65.624826626999948, -65.534926039999903 ], [ -65.682118292999917, -65.632907809999949 ], [ -65.665516730999911, -65.660088799999926 ], [ -65.912953253999945, -65.705824476999908 ], [ -65.838042772999927, -65.734144789999903 ], [ -65.818226691999939, -65.775811455999929 ], [ -65.835682745999918, -65.811700127999927 ], [ -65.796986456999946, -65.830254815999922 ], [ -65.813547329999949, -65.839939059999949 ], [ -66.101307745999918, -65.884535414999903 ], [ -66.185902472999942, -65.865166924999926 ], [ -66.177805141999954, -65.840508721999925 ] ] ] } },
{ "type": "Feature", "properties": { "type": "land" }, "geometry": { "type": "Polygon", "coordinates": [ [ [ -63.282378709999932, -64.81568775799991 ], [ -63.290028449999909, -64.849379164999903 ], [ -63.306548631999931, -64.859307549999926 ], [ -63.430734829999949, -64.898858330999929 ], [ -63.537912563999953, -64.916436455999929 ], [ -63.594471808999913, -64.907403252999927 ], [ -63.44367428299995, -64.833754164999903 ], [ -63.520090298999946, -64.822035414999903 ], [ -63.44790605399993, -64.789483330999929 ], [ -63.336781378999945, -64.795342705999929 ], [ -63.205148891999954, -64.717461846999925 ], [ -63.177154100999928, -64.712985934999949 ], [ -63.157134568999936, -64.724541924999926 ], [ -63.165638800999943, -64.751071872999944 ], [ -63.255441860999952, -64.79070403399993 ], [ -63.282378709999932, -64.81568775799991 ] ] ] } },
{ "type": "Feature", "properties": { "type": "land" }, "geometry": { "type": "Polygon", "coordinates": [ [ [ -57.258412238999938, -64.42701588299991 ], [ -56.943959113999938, -64.328789971999925 ], [ -56.878407355999911, -64.335707289999903 ], [ -56.946359829999949, -64.375583591999941 ], [ -56.953521287999934, -64.385349216999941 ], [ -56.93781490799995, -64.419122002999927 ], [ -56.967884894999941, -64.455498955999929 ], [ -57.060536261999914, -64.509372653999947 ], [ -57.219105597999942, -64.565362237999921 ], [ -57.304758266999954, -64.574965101999908 ], [ -57.391184048999946, -64.561944268999923 ], [ -57.427235480999911, -64.54810963299991 ], [ -57.456410285999937, -64.518324476999908 ], [ -57.455922003999945, -64.474053643999923 ], [ -57.441965298999946, -64.452243747999944 ], [ -57.258412238999938, -64.42701588299991 ] ] ] } },
{ "type": "Feature", "properties": { "type": "land" }, "geometry": { "type": "Polygon", "coordinates": [ [ [ -57.695179816999939, -63.816664320999905 ], [ -57.369984503999945, -63.788262627999927 ], [ -57.346180792999917, -63.821465752999927 ], [ -57.402495897999927, -63.83912525799991 ], [ -57.184885219999956, -63.809177341999941 ], [ -57.089100714999915, -63.839450778999947 ], [ -57.154408331999946, -63.853122653999947 ], [ -57.172922329999949, -63.877536716999941 ], [ -57.243967251999948, -63.902276299999926 ], [ -57.242909308999913, -63.86687590899993 ], [ -57.365956183999913, -63.884860934999949 ], [ -57.487131313999953, -63.854587497999944 ], [ -57.513742641999954, -63.875176690999922 ], [ -57.574330206999946, -63.851739190999922 ], [ -57.636097785999937, -63.852146091999941 ], [ -57.695179816999939, -63.816664320999905 ] ] ] } },
{ "type": "Feature", "properties": { "type": "land" }, "geometry": { "type": "Polygon", "coordinates": [ [ [ -60.91079667899993, -63.856133721999925 ], [ -60.968088344999899, -63.859470309999949 ], [ -60.984527147999927, -63.855889580999929 ], [ -60.984527147999927, -63.842461846999925 ], [ -60.847320115999935, -63.846856377999927 ], [ -60.787464972999942, -63.834730726999908 ], [ -60.766672329999949, -63.814548434999949 ], [ -60.80296790299991, -63.781670830999929 ], [ -60.799712693999936, -63.754489841999941 ], [ -60.713286912999934, -63.751071872999944 ], [ -60.665150519999941, -63.722263278999947 ], [ -60.768788214999915, -63.721856377999927 ], [ -60.802235480999911, -63.665785414999903 ], [ -60.724517381999931, -63.687676690999922 ], [ -60.552845831999946, -63.699314059999949 ], [ -60.645497199999909, -63.74537525799991 ], [ -60.698841925999943, -63.809665622999944 ], [ -60.671742316999939, -63.841729424999926 ], [ -60.627919074999909, -63.858575127999927 ], [ -60.739979620999918, -63.903903903999947 ], [ -60.779693162999934, -63.890557549999926 ], [ -60.821156378999945, -63.913506768999923 ], [ -60.899037238999938, -63.896905205999929 ], [ -60.870228644999941, -63.88600025799991 ], [ -60.864979620999918, -63.870863539999903 ], [ -60.91079667899993, -63.856133721999925 ] ] ] } },
{ "type": "Feature", "properties": { "type": "land" }, "geometry": { "type": "Polygon", "coordinates": [ [ [ -55.719105597999942, -63.499118747999944 ], [ -55.923736131999931, -63.549248955999929 ], [ -55.932362433999913, -63.57935963299991 ], [ -55.964914516999954, -63.581475518999923 ], [ -56.157785610999952, -63.526299737999921 ], [ -56.24046790299991, -63.478692315999922 ], [ -56.206654425999943, -63.436211846999925 ], [ -56.012806769999941, -63.411309502999927 ], [ -55.806385870999918, -63.407403252999927 ], [ -55.746978318999936, -63.428399346999925 ], [ -55.719593878999945, -63.475355726999908 ], [ -55.719105597999942, -63.499118747999944 ] ] ] } },
{ "type": "Feature", "properties": { "type": "land" }, "geometry": { "type": "Polygon", "coordinates": [ [ [ -56.603586391999954, -63.070245049999926 ], [ -56.618031378999945, -63.051446221999925 ], [ -56.602650519999941, -63.03053150799991 ], [ -56.468739386999914, -62.976332289999903 ], [ -56.313872850999928, -63.004327080999929 ], [ -56.104237433999913, -63.004164320999905 ], [ -56.047718878999945, -63.017022393999923 ], [ -56.035023566999939, -63.057549737999921 ], [ -56.068348761999914, -63.086846612999921 ], [ -56.273508266999954, -63.178480726999908 ], [ -56.40843665299991, -63.15553150799991 ], [ -56.603586391999954, -63.070245049999926 ] ] ] } },
{ "type": "Feature", "properties": { "type": "land" }, "geometry": { "type": "Polygon", "coordinates": [ [ [ -62.656849738999938, -63.084649346999925 ], [ -62.712310350999928, -63.089288018999923 ], [ -62.680409308999913, -63.072686455999929 ], [ -62.671701626999948, -63.050957940999922 ], [ -62.634185350999928, -63.039646091999941 ], [ -62.592762824999909, -62.987074476999908 ], [ -62.543324347999942, -62.95631275799991 ], [ -62.537017381999931, -62.926934502999927 ], [ -62.519276495999918, -62.912530205999929 ], [ -62.306263800999943, -62.875176690999922 ], [ -62.356760219999899, -62.933363539999903 ], [ -62.429798956999946, -62.985772393999923 ], [ -62.656849738999938, -63.084649346999925 ] ] ] } },
{ "type": "Feature", "properties": { "type": "land" }, "geometry": { "type": "Polygon", "coordinates": [ [ [ -59.69595292899993, -62.375746351999908 ], [ -59.679676886999914, -62.358005466999941 ], [ -59.603871222999942, -62.34734465899993 ], [ -59.436756964999915, -62.355075778999947 ], [ -59.382313605999911, -62.37273528399993 ], [ -59.347401495999918, -62.406508070999905 ], [ -59.386870897999927, -62.446872653999947 ], [ -59.508778449999909, -62.456963799999926 ], [ -59.575306769999941, -62.443536065999922 ], [ -59.625721808999913, -62.408135674999926 ], [ -59.602162238999938, -62.381524346999925 ], [ -59.663889126999948, -62.388767184999949 ], [ -59.69595292899993, -62.375746351999908 ] ] ] } },
{ "type": "Feature", "properties": { "type": "land" }, "geometry": { "type": "Polygon", "coordinates": [ [ [ -58.98468990799995, -62.261814059999949 ], [ -58.926991339999915, -62.261976820999905 ], [ -58.871896938999953, -62.270928643999923 ], [ -58.834339972999942, -62.309340101999908 ], [ -59.069406704999949, -62.349053643999923 ], [ -59.217762824999909, -62.292087497999944 ], [ -59.156605597999942, -62.260186455999929 ], [ -59.032948370999918, -62.233493747999944 ], [ -58.978586391999954, -62.241143487999921 ], [ -58.98468990799995, -62.261814059999949 ] ] ] } },
{ "type": "Feature", "properties": { "type": "land" }, "geometry": { "type": "Polygon", "coordinates": [ [ [ -54.973500128999945, -61.10711028399993 ], [ -54.651519334999932, -61.106540622999944 ], [ -54.729562954999949, -61.152276299999926 ], [ -55.053700324999909, -61.159763278999947 ], [ -55.085926886999914, -61.202243747999944 ], [ -55.139719204999949, -61.211114190999922 ], [ -55.178944464999915, -61.255466403999947 ], [ -55.211415167999917, -61.26726653399993 ], [ -55.28148352799991, -61.256931247999944 ], [ -55.343739386999914, -61.227471612999921 ], [ -55.391224738999938, -61.178480726999908 ], [ -55.344838019999941, -61.153741143999923 ], [ -55.449045376999948, -61.115004164999903 ], [ -55.414051886999914, -61.083591403999947 ], [ -55.378041144999941, -61.070489190999922 ], [ -54.973500128999945, -61.10711028399993 ] ] ] } },
{ "type": "Feature", "properties": { "type": "land" }, "geometry": { "type": "Polygon", "coordinates": [ [ [ -46.008697068999936, -60.608086846999925 ], [ -45.988148566999939, -60.568536065999922 ], [ -45.948312954999949, -60.566338799999926 ], [ -45.957102016999954, -60.534112237999921 ], [ -45.935129360999952, -60.52467213299991 ], [ -45.842844204999949, -60.548435153999947 ], [ -45.746978318999936, -60.532321872999944 ], [ -45.720570441999939, -60.516208591999941 ], [ -45.567534959999932, -60.553643487999921 ], [ -45.477162238999938, -60.545586846999925 ], [ -45.390980597999942, -60.579278252999927 ], [ -45.372385219999956, -60.597263278999947 ], [ -45.389515753999945, -60.612237237999921 ], [ -45.349436001999948, -60.62859465899993 ], [ -45.190663214999915, -60.632907809999949 ], [ -45.217844204999949, -60.654554945999905 ], [ -45.14679928299995, -60.685804945999905 ], [ -45.182932094999956, -60.683851820999905 ], [ -45.187326626999948, -60.69890715899993 ], [ -45.141021287999934, -60.736097914999903 ], [ -45.184641079999949, -60.733330987999921 ], [ -45.283802863999938, -60.683363539999903 ], [ -45.355295376999948, -60.675713799999926 ], [ -45.363107876999948, -60.660414320999905 ], [ -45.40851803299995, -60.648044528999947 ], [ -45.718861456999946, -60.645603122999944 ], [ -45.759103969999956, -60.611097914999903 ], [ -45.75259355399993, -60.596368096999925 ], [ -45.78929602799991, -60.584079684999949 ], [ -45.952259894999941, -60.625583591999941 ], [ -45.993641730999911, -60.621758721999925 ], [ -46.008697068999936, -60.608086846999925 ] ] ] } },
{ "type": "Feature", "properties": { "type": "land" }, "geometry": { "type": "Polygon", "coordinates": [ [ [ -67.498116762999928, -55.812576977999925 ], [ -67.471602736999898, -55.817704146999915 ], [ -67.472013427999912, -55.8425992949999 ], [ -67.50729169899995, -55.830306649999955 ], [ -67.531554437999944, -55.840833328999906 ], [ -67.543857185999912, -55.889845514999934 ], [ -67.568136357999947, -55.898943874999929 ], [ -67.594501922999939, -55.88454439599991 ], [ -67.609849119999922, -55.890845806999948 ], [ -67.621842579999907, -55.9185042229999 ], [ -67.646918315999926, -55.904111216999922 ], [ -67.632030186999941, -55.859396381999943 ], [ -67.675304445999927, -55.861096895999935 ], [ -67.693558354999936, -55.88952097799995 ], [ -67.731326915999944, -55.87709805399993 ], [ -67.721016144999908, -55.868610840999906 ], [ -67.748408918999928, -55.849203520999936 ], [ -67.793277165999939, -55.872356563999915 ], [ -67.802810182999906, -55.897956432999933 ], [ -67.836569693999934, -55.879886013999908 ], [ -67.877285970999935, -55.885238086999948 ], [ -67.903579040999944, -55.874318323999944 ], [ -67.913944711999932, -55.836566116999904 ], [ -67.800648566999939, -55.812432549999926 ], [ -67.735230010999942, -55.826564102999953 ], [ -67.670395629999916, -55.815731883999945 ], [ -67.58349858899993, -55.840511701999901 ], [ -67.560617641999954, -55.837985934999949 ], [ -67.58907505499991, -55.802069949999918 ], [ -67.513262679999912, -55.809644969999908 ], [ -67.501616990999935, -55.821058851999908 ], [ -67.498116762999928, -55.812576977999925 ] ] ] } },
{ "type": "Feature", "properties": { "type": "land" }, "geometry": { "type": "Polygon", "coordinates": [ [ [ -67.343006964999915, -55.758558851999908 ], [ -67.403431769999941, -55.744235934999949 ], [ -67.44554602799991, -55.762627862999921 ], [ -67.464833136999914, -55.744235934999949 ], [ -67.551828579999949, -55.73560963299991 ], [ -67.581532355999911, -55.709405205999929 ], [ -67.550689256999931, -55.706149997999944 ], [ -67.539051886999914, -55.660088799999926 ], [ -67.505848761999914, -55.654066664999903 ], [ -67.435047980999911, -55.68287525799991 ], [ -67.420643683999913, -55.707452080999929 ], [ -67.406809048999946, -55.699395440999922 ], [ -67.403431769999941, -55.647881768999923 ], [ -67.432850714999915, -55.623793226999908 ], [ -67.431996222999942, -55.595472914999903 ], [ -67.348703579999949, -55.575616143999923 ], [ -67.361805792999917, -55.593357028999947 ], [ -67.348255988999938, -55.600355726999908 ], [ -67.345204230999911, -55.633396091999941 ], [ -67.320871548999946, -55.654066664999903 ], [ -67.350005662999934, -55.671970309999949 ], [ -67.361805792999917, -55.706231377999927 ], [ -67.269927537999934, -55.716241143999923 ], [ -67.279896613999938, -55.740817966999941 ], [ -67.252552863999938, -55.763929945999905 ], [ -67.264759894999941, -55.777764580999929 ], [ -67.341379360999952, -55.791924737999921 ], [ -67.343006964999915, -55.758558851999908 ] ] ] } },
{ "type": "Feature", "properties": { "type": "land" }, "geometry": { "type": "Polygon", "coordinates": [ [ [ -162.267404751999919, -82.94654713299991 ], [ -161.575795050999915, -83.024346612999921 ], [ -161.844186977999925, -83.045505466999941 ], [ -161.970041469999927, -83.116306247999944 ], [ -162.012684699999909, -83.126071872999944 ], [ -162.402414516999926, -83.148370049999926 ], [ -163.261301235999923, -83.080987237999921 ], [ -163.283884243999921, -83.063083591999941 ], [ -163.268625454999921, -83.045668226999908 ], [ -163.295602993999921, -83.02662525799991 ], [ -163.507069464999915, -83.010918877999927 ], [ -163.601551886999914, -82.990166924999926 ], [ -163.629587368999921, -82.970635674999926 ], [ -163.625111456999917, -82.95281340899993 ], [ -163.562326626999919, -82.924086195999905 ], [ -163.730417446999923, -82.889825127999927 ], [ -163.752756313999924, -82.879978122999944 ], [ -163.688791469999927, -82.871514580999929 ], [ -163.811390753999916, -82.84693775799991 ], [ -163.749704555999926, -82.833591403999947 ], [ -162.481516079999921, -82.87664153399993 ], [ -162.267404751999919, -82.94654713299991 ] ] ] } },
{ "type": "Feature", "properties": { "type": "land" }, "geometry": { "type": "Polygon", "coordinates": [ [ [ -158.385731574999909, -81.880629164999903 ], [ -158.246530727999925, -81.954522393999923 ], [ -157.914906378999916, -82.018243096999925 ], [ -157.827463344999927, -82.02467213299991 ], [ -157.808583136999914, -82.039157809999949 ], [ -157.920765753999916, -82.084730726999908 ], [ -157.990915493999921, -82.097832940999922 ], [ -158.098500128999916, -82.095798434999949 ], [ -158.036976691999911, -82.075616143999923 ], [ -158.06700598899991, -82.048597914999903 ], [ -158.109689907999922, -82.035332940999922 ], [ -158.393666144999912, -81.993747653999947 ], [ -159.000559048999918, -81.818454684999949 ], [ -159.019154425999915, -81.787692966999941 ], [ -158.892201300999915, -81.781833591999941 ], [ -158.385731574999909, -81.880629164999903 ] ] ] } },
{ "type": "Feature", "properties": { "type": "land" }, "geometry": { "type": "Polygon", "coordinates": [ [ [ -154.361887173999918, -80.03053150799991 ], [ -154.309803839999915, -80.016696872999944 ], [ -154.409738735999923, -80.009209893999923 ], [ -154.452626105999911, -79.981215101999908 ], [ -154.51390540299991, -79.964288018999923 ], [ -154.987863735999923, -79.92937590899993 ], [ -155.028635219999927, -79.91570403399993 ], [ -155.018299933999913, -79.89617278399993 ], [ -155.47874915299991, -79.857598565999922 ], [ -155.665272589999915, -79.816827080999929 ], [ -155.576975063999924, -79.800388278999947 ], [ -153.91820227799991, -80.006036065999922 ], [ -153.894602016999926, -80.020928643999923 ], [ -153.942575649999924, -80.03875090899993 ], [ -154.361887173999918, -80.03053150799991 ] ] ] } },
{ "type": "Feature", "properties": { "type": "land" }, "geometry": { "type": "Polygon", "coordinates": [ [ [ -155.581654425999915, -79.78289153399993 ], [ -155.654123501999919, -79.803887627999927 ], [ -155.793080206999917, -79.820082289999903 ], [ -155.855417446999923, -79.797458591999941 ], [ -155.79047604099992, -79.770114841999941 ], [ -155.581654425999915, -79.78289153399993 ] ] ] } },
{ "type": "Feature", "properties": { "type": "land" }, "geometry": { "type": "Polygon", "coordinates": [ [ [ -150.451364712999919, -77.347914320999905 ], [ -150.349964972999913, -77.345472914999903 ], [ -150.389759894999912, -77.369398695999905 ], [ -150.498483852999925, -77.375583591999941 ], [ -151.495228644999912, -77.293715101999908 ], [ -151.512277798999918, -77.285251559999949 ], [ -151.511463995999918, -77.27076588299991 ], [ -151.47992916599992, -77.258070570999905 ], [ -151.130848761999914, -77.217380466999941 ], [ -150.985178188999924, -77.22234465899993 ], [ -150.545114712999919, -77.314873955999929 ], [ -150.451364712999919, -77.347914320999905 ] ] ] } },
{ "type": "Feature", "properties": { "type": "land" }, "geometry": { "type": "Polygon", "coordinates": [ [ [ -148.533558722999913, -76.949639580999929 ], [ -148.435170050999915, -76.973728122999944 ], [ -148.481190558999913, -77.001153252999927 ], [ -148.939930792999917, -77.028008721999925 ], [ -149.239003058999913, -76.996351820999905 ], [ -149.262644008999928, -76.987237237999921 ], [ -149.274973110999923, -76.970147393999923 ], [ -149.267648891999926, -76.950778903999947 ], [ -149.304798956999917, -76.912041924999926 ], [ -149.215891079999921, -76.897637627999927 ], [ -148.533558722999913, -76.949639580999929 ] ] ] } },
{ "type": "Feature", "properties": { "type": "land" }, "geometry": { "type": "Polygon", "coordinates": [ [ [ -146.249745245999918, -76.880954684999949 ], [ -146.119048631999902, -76.949639580999929 ], [ -146.158192511999914, -76.95867278399993 ], [ -146.272450324999909, -76.940606377999927 ], [ -146.332875128999916, -76.913262627999927 ], [ -146.316721157999922, -76.904961846999925 ], [ -146.386219855999911, -76.890883070999905 ], [ -146.413319464999915, -76.899997653999947 ], [ -146.403675910999908, -76.914808851999908 ], [ -146.417347785999908, -76.924493096999925 ], [ -146.411122199999909, -76.931735934999949 ], [ -146.479237433999913, -76.949883721999925 ], [ -146.964833136999914, -77.00709400799991 ], [ -147.03148352799991, -77.005303643999923 ], [ -147.094797329999921, -76.98992278399993 ], [ -147.009348110999923, -76.956638278999947 ], [ -147.043812628999916, -76.921482028999947 ], [ -147.130197719999927, -76.881768487999921 ], [ -147.09007727799991, -76.855238539999903 ], [ -147.126088019999912, -76.839450778999947 ], [ -147.072132941999911, -76.82390715899993 ], [ -146.249745245999918, -76.880954684999949 ] ] ] } },
{ "type": "Feature", "properties": { "type": "land" }, "geometry": { "type": "Polygon", "coordinates": [ [ [ -148.71625729099992, -76.805352471999925 ], [ -148.777170376999919, -76.839043877999927 ], [ -148.927113410999908, -76.849786065999922 ], [ -149.154489712999919, -76.836195570999905 ], [ -149.490712042999917, -76.76685963299991 ], [ -149.403797980999911, -76.731866143999923 ], [ -149.309803839999915, -76.714043877999927 ], [ -148.800648566999911, -76.736748955999929 ], [ -148.747059699999909, -76.715997002999927 ], [ -148.409372524999924, -76.738702080999929 ], [ -148.308908657999922, -76.765557549999926 ], [ -148.356760219999927, -76.794122002999927 ], [ -148.413767055999926, -76.801853122999944 ], [ -148.71625729099992, -76.805352471999925 ] ] ] } },
{ "type": "Feature", "properties": { "type": "land" }, "geometry": { "type": "Polygon", "coordinates": [ [ [ -150.60179602799991, -76.796644789999903 ], [ -150.815541144999912, -76.769789320999905 ], [ -150.875477667999917, -76.740492445999905 ], [ -150.827626105999911, -76.710381768999923 ], [ -150.206003383999928, -76.68678150799991 ], [ -150.091786261999914, -76.708754164999903 ], [ -150.105091925999915, -76.729261976999908 ], [ -150.078073696999923, -76.738457940999922 ], [ -150.152536587999919, -76.767022393999923 ], [ -150.232614712999919, -76.777520440999922 ], [ -150.60179602799991, -76.796644789999903 ] ] ] } },
{ "type": "Feature", "properties": { "type": "land" }, "geometry": { "type": "Polygon", "coordinates": [ [ [ -146.819813605999911, -76.602227471999925 ], [ -146.740345831999917, -76.63990650799991 ], [ -146.801096157999922, -76.65007903399993 ], [ -147.063832160999908, -76.628106377999927 ], [ -146.934925910999908, -76.655450127999927 ], [ -147.005197719999927, -76.659926039999903 ], [ -146.839711066999911, -76.701104424999926 ], [ -146.951283331999917, -76.716973565999922 ], [ -147.27367102799991, -76.660902601999908 ], [ -147.312611456999917, -76.63209400799991 ], [ -147.36546790299991, -76.617445570999905 ], [ -147.319813605999911, -76.600274346999925 ], [ -147.352121548999918, -76.583184502999927 ], [ -147.260080532999922, -76.572442315999922 ], [ -147.279408331999917, -76.555840752999927 ], [ -147.261341925999915, -76.541192315999922 ], [ -147.319569464999915, -76.531914971999925 ], [ -147.240630662999905, -76.505466403999947 ], [ -147.093251105999911, -76.514092705999929 ], [ -147.079904751999919, -76.518649997999944 ], [ -147.119211391999926, -76.532159112999921 ], [ -147.066029425999915, -76.552178643999923 ], [ -146.919789191999911, -76.545830987999921 ], [ -146.970448370999918, -76.567071221999925 ], [ -146.798410610999923, -76.588311455999929 ], [ -146.819813605999911, -76.602227471999925 ] ] ] } },
{ "type": "Feature", "properties": { "type": "land" }, "geometry": { "type": "Polygon", "coordinates": [ [ [ -147.438791469999927, -76.078708591999941 ], [ -147.345082160999908, -76.062269789999903 ], [ -147.071400519999912, -76.075941664999903 ], [ -146.908314581999917, -76.107028903999947 ], [ -146.857736782999922, -76.151136976999908 ], [ -146.703033006999902, -76.204685153999947 ], [ -146.661284959999904, -76.275567315999922 ], [ -146.709299282999922, -76.292738539999903 ], [ -146.811838344999927, -76.294854424999926 ], [ -147.062001105999911, -76.246758721999925 ], [ -147.086048956999917, -76.23560963299991 ], [ -147.032093878999916, -76.226820570999905 ], [ -147.073557094999927, -76.209649346999925 ], [ -147.381947394999912, -76.160577080999929 ], [ -147.404123501999919, -76.15007903399993 ], [ -147.326975063999924, -76.141289971999925 ], [ -147.460479295999903, -76.097751559999949 ], [ -147.438791469999927, -76.078708591999941 ] ] ] } },
{ "type": "Feature", "properties": { "type": "land" }, "geometry": { "type": "Polygon", "coordinates": [ [ [ -145.408762173999918, -75.589939059999949 ], [ -145.263783331999917, -75.668145440999922 ], [ -145.200795050999915, -75.685804945999905 ], [ -145.244536912999905, -75.714776299999926 ], [ -145.38304602799991, -75.71803150799991 ], [ -146.015736456999917, -75.620863539999903 ], [ -146.159779425999915, -75.569756768999923 ], [ -146.111154751999919, -75.542738539999903 ], [ -145.969715949999909, -75.50945403399993 ], [ -145.870757615999906, -75.504571221999925 ], [ -145.724232550999915, -75.518324476999908 ], [ -145.408762173999918, -75.589939059999949 ] ] ] } },
{ "type": "Feature", "properties": { "type": "land" }, "geometry": { "type": "Polygon", "coordinates": [ [ [ -132.496571417999917, -74.385023695999905 ], [ -132.342274542999917, -74.404473565999922 ], [ -132.377308722999942, -74.421807549999926 ], [ -132.363677537999934, -74.428317966999941 ], [ -132.375843878999945, -74.438164971999925 ], [ -132.437814907999893, -74.457452080999929 ], [ -132.47720292899993, -74.486504815999922 ], [ -132.531849738999938, -74.498955987999921 ], [ -132.857533331999946, -74.470961195999905 ], [ -132.883534308999913, -74.459893487999921 ], [ -132.847767706999946, -74.446872653999947 ], [ -132.898508266999897, -74.426364841999941 ], [ -132.496571417999917, -74.385023695999905 ] ] ] } },
{ "type": "Feature", "properties": { "type": "land" }, "geometry": { "type": "Polygon", "coordinates": [ [ [ 169.943532748000052, -73.531914971999925 ], [ 169.858409050000091, -73.563083591999941 ], [ 169.869313998000052, -73.589288018999923 ], [ 169.854014519000089, -73.606866143999923 ], [ 169.666188998000052, -73.631036065999922 ], [ 169.649424675000091, -73.629082940999922 ], [ 169.646494988000086, -73.596856377999927 ], [ 169.622813347000033, -73.582777601999908 ], [ 169.458750847000033, -73.554945570999905 ], [ 169.677500847000033, -73.421807549999926 ], [ 169.637054884, -73.395440362999921 ], [ 169.670583530000044, -73.364353122999944 ], [ 169.672211134, -73.341403903999947 ], [ 169.75163821700005, -73.320082289999903 ], [ 169.793711785000028, -73.327243747999944 ], [ 169.81373131600003, -73.348565362999921 ], [ 169.819183790000011, -73.400811455999929 ], [ 169.961680535000028, -73.514418226999908 ], [ 169.943532748000052, -73.531914971999925 ] ] ] } },
{ "type": "Feature", "properties": { "type": "land" }, "geometry": { "type": "Polygon", "coordinates": [ [ [ 68.76099694100003, -72.108819268999923 ], [ 68.840017123000052, -72.155368747999944 ], [ 68.86255944100003, -72.193454684999949 ], [ 68.809092644000032, -72.239841403999947 ], [ 68.742035352000073, -72.264580987999921 ], [ 68.451914910000085, -72.31414153399993 ], [ 68.41765384200005, -72.312432549999926 ], [ 68.394704623000052, -72.297051690999922 ], [ 68.449961785000085, -72.24968840899993 ], [ 68.604991082000083, -72.171644789999903 ], [ 68.647471550000034, -72.109307549999926 ], [ 68.72584069100003, -72.088555596999925 ], [ 68.751800977000073, -72.090427341999941 ], [ 68.76099694100003, -72.108819268999923 ] ] ] } },
{ "type": "Feature", "properties": { "type": "land" }, "geometry": { "type": "Polygon", "coordinates": [ [ [ -3.179066535999937, -71.110121351999908 ], [ -2.986398891999954, -71.184340101999908 ], [ -2.944569464999915, -71.225030205999929 ], [ -3.036610480999911, -71.237399997999944 ], [ -3.224476691999939, -71.228936455999929 ], [ -3.337717251999948, -71.192966403999947 ], [ -3.415028449999909, -71.129978122999944 ], [ -3.370350714999915, -71.093845309999949 ], [ -3.409291144999941, -71.066501559999949 ], [ -3.368031378999945, -71.052911065999922 ], [ -3.228098110999952, -71.052829684999949 ], [ -3.179066535999937, -71.110121351999908 ] ] ] } },
{ "type": "Feature", "properties": { "type": "land" }, "geometry": { "type": "Polygon", "coordinates": [ [ [ -5.978423631999931, -70.465101820999905 ], [ -5.965972459999932, -70.498467705999929 ], [ -5.884917772999927, -70.549411716999941 ], [ -6.150054490999935, -70.614841403999947 ], [ -6.193104620999918, -70.583428643999923 ], [ -6.179107225999928, -70.57154713299991 ], [ -6.41624915299991, -70.471612237999921 ], [ -6.45376542899993, -70.444431247999944 ], [ -6.295887824999909, -70.46021900799991 ], [ -6.086903449999909, -70.406345309999949 ], [ -6.012318488999938, -70.40357838299991 ], [ -5.939849412999934, -70.422621351999908 ], [ -5.978423631999931, -70.465101820999905 ] ] ] } },
{ "type": "Feature", "properties": { "type": "land" }, "geometry": { "type": "Polygon", "coordinates": [ [ [ 3.262380405000044, -70.437595309999949 ], [ 3.252614780000044, -70.486748955999929 ], [ 3.210948113000086, -70.531345309999949 ], [ 3.15788821700005, -70.562758070999905 ], [ 2.957855665000068, -70.613457940999922 ], [ 2.743662957000083, -70.629327080999929 ], [ 2.682383660000085, -70.622979424999926 ], [ 2.631602410000085, -70.602715752999927 ], [ 2.596039259000065, -70.569512627999927 ], [ 2.580821160000085, -70.524346612999921 ], [ 2.648448113000086, -70.493747653999947 ], [ 3.049815300000091, -70.385430596999925 ], [ 3.139170769000089, -70.373955987999921 ], [ 3.219899936000047, -70.392347914999903 ], [ 3.262380405000044, -70.437595309999949 ] ] ] } },
{ "type": "Feature", "properties": { "type": "land" }, "geometry": { "type": "Polygon", "coordinates": [ [ [ 72.216807488000029, -70.623793226999908 ], [ 72.164561394000032, -70.651055596999925 ], [ 72.084483269000032, -70.65398528399993 ], [ 71.826914910000085, -70.624932549999926 ], [ 71.786957227000073, -70.607842705999929 ], [ 71.660492384000065, -70.503106377999927 ], [ 71.636892123000052, -70.453057549999926 ], [ 71.623301629000082, -70.35475025799991 ], [ 71.714691602000073, -70.279066664999903 ], [ 71.761241082000083, -70.263604424999926 ], [ 71.808360222000033, -70.265883070999905 ], [ 71.847911004000082, -70.329034112999921 ], [ 71.862071160000085, -70.389418226999908 ], [ 71.88599694100003, -70.412286065999922 ], [ 71.94654381600003, -70.446058851999908 ], [ 72.035411004000082, -70.46607838299991 ], [ 72.088145379000082, -70.533135674999926 ], [ 72.20085696700005, -70.541192315999922 ], [ 72.214040561000047, -70.563246351999908 ], [ 72.197438998000052, -70.600355726999908 ], [ 72.216807488000029, -70.623793226999908 ] ] ] } },
{ "type": "Feature", "properties": { "type": "land" }, "geometry": { "type": "Polygon", "coordinates": [ [ [ 4.132660352000073, -70.256036065999922 ], [ 4.297211134000065, -70.237237237999921 ], [ 4.468760613000086, -70.244561455999929 ], [ 4.574392123000052, -70.276136976999908 ], [ 4.621755405000044, -70.352715752999927 ], [ 4.604746941000087, -70.420586846999925 ], [ 4.545583530000044, -70.472588799999926 ], [ 4.466807488000086, -70.50123463299991 ], [ 4.33139082100007, -70.504489841999941 ], [ 4.20484459700009, -70.469496351999908 ], [ 4.104665561000047, -70.400811455999929 ], [ 4.048838738000086, -70.302992445999905 ], [ 4.132660352000073, -70.256036065999922 ] ] ] } },
{ "type": "Feature", "properties": { "type": "land" }, "geometry": { "type": "Polygon", "coordinates": [ [ [ 1.435394727000073, -70.064385674999926 ], [ 1.465017123000052, -70.150485934999949 ], [ 1.275726759000065, -70.273858330999929 ], [ 1.223480665000068, -70.379164320999905 ], [ 1.197764519000089, -70.406426690999922 ], [ 1.16382897200009, -70.417087497999944 ], [ 1.119313998000052, -70.317478122999944 ], [ 1.00163821700005, -70.236586195999905 ], [ 0.95679772200009, -70.191664320999905 ], [ 0.939707879000082, -70.104913018999923 ], [ 0.979502800000091, -70.065606377999927 ], [ 1.042491082000083, -70.045993747999944 ], [ 1.299571160000085, -70.023370049999926 ], [ 1.410980665000068, -70.040215752999927 ], [ 1.435394727000073, -70.064385674999926 ] ] ] } },
{ "type": "Feature", "properties": { "type": "land" }, "geometry": { "type": "Polygon", "coordinates": [ [ [ 85.769867384000065, -66.759698174999926 ], [ 85.836924675000034, -66.793715101999908 ], [ 85.941172722000033, -66.88990650799991 ], [ 85.92741946700005, -66.910739841999941 ], [ 85.787364129000082, -66.968926690999922 ], [ 85.613047722000033, -66.986586195999905 ], [ 85.589854363000029, -66.98170338299991 ], [ 85.641286655000044, -66.939385674999926 ], [ 85.374766472000033, -66.877211195999905 ], [ 85.306895379000082, -66.832207940999922 ], [ 85.258636915000068, -66.766208591999941 ], [ 85.275401238000029, -66.737725518999923 ], [ 85.34538821700005, -66.719170830999929 ], [ 85.48365319100003, -66.720961195999905 ], [ 85.769867384000065, -66.759698174999926 ] ] ] } },
{ "type": "Feature", "properties": { "type": "land" }, "geometry": { "type": "Polygon", "coordinates": [ [ [ 48.808929884000065, -66.767347914999903 ], [ 48.76335696700005, -66.783298434999949 ], [ 48.594737175000034, -66.777520440999922 ], [ 48.399912957000083, -66.808038018999923 ], [ 48.31218509200005, -66.809502862999921 ], [ 48.281260613000086, -66.75164153399993 ], [ 48.305023634000065, -66.721612237999921 ], [ 48.375254754000082, -66.699151299999926 ], [ 48.725352410000085, -66.703057549999926 ], [ 48.773692254000082, -66.720472914999903 ], [ 48.808929884000065, -66.767347914999903 ] ] ] } },
{ "type": "Feature", "properties": { "type": "land" }, "geometry": { "type": "Polygon", "coordinates": [ [ [ 86.580821160000028, -66.717950127999927 ], [ 86.675791863000029, -66.719659112999921 ], [ 86.497243686000047, -66.784763278999947 ], [ 86.403168165000068, -66.795993747999944 ], [ 86.314789259000065, -66.786309502999927 ], [ 86.230479363000029, -66.730401299999926 ], [ 86.259532097000033, -66.704278252999927 ], [ 86.332286004000082, -66.678155205999929 ], [ 86.516123894000032, -66.667168877999927 ], [ 86.53638756600003, -66.669122002999927 ], [ 86.53874759200005, -66.695082289999903 ], [ 86.580821160000028, -66.717950127999927 ] ] ] } },
{ "type": "Feature", "properties": { "type": "land" }, "geometry": { "type": "Polygon", "coordinates": [ [ [ 98.588552280000044, -66.38795338299991 ], [ 98.711680535000028, -66.364027601999908 ], [ 98.953298373000052, -66.418145440999922 ], [ 98.814952019000032, -66.483982028999947 ], [ 98.730723504000082, -66.482354424999926 ], [ 98.616221550000034, -66.430108330999929 ], [ 98.588552280000044, -66.38795338299991 ] ] ] } },
{ "type": "Feature", "properties": { "type": "land" }, "geometry": { "type": "Polygon", "coordinates": [ [ [ 162.626149936000047, -66.462497653999947 ], [ 162.56804446700005, -66.526136976999908 ], [ 162.546397332000083, -66.534600518999923 ], [ 162.471039259, -66.506605726999908 ], [ 162.340505405000044, -66.410251559999949 ], [ 162.290212436000047, -66.397637627999927 ], [ 162.349457227000016, -66.360446872999944 ], [ 162.324473504000025, -66.346774997999944 ], [ 162.328868035000028, -66.312758070999905 ], [ 162.287608269000089, -66.294040622999944 ], [ 162.297862175000091, -66.254815362999921 ], [ 162.314707879000025, -66.251397393999923 ], [ 162.55632571700005, -66.436618747999944 ], [ 162.626149936000047, -66.462497653999947 ] ] ] } },
{ "type": "Feature", "properties": { "type": "land" }, "geometry": { "type": "Polygon", "coordinates": [ [ [ 96.974864129000082, -66.074476820999905 ], [ 97.015879754000082, -66.105564059999949 ], [ 97.03093509200005, -66.140557549999926 ], [ 97.010508660000028, -66.17310963299991 ], [ 96.908457879000082, -66.211358330999929 ], [ 96.407399936000047, -66.227634372999944 ], [ 96.355967644000032, -66.221612237999921 ], [ 96.338633660000028, -66.197198174999926 ], [ 96.29656009200005, -66.183526299999926 ], [ 96.375824415000068, -66.091403903999947 ], [ 96.417979363000029, -66.067071221999925 ], [ 96.529307488000029, -66.039808851999908 ], [ 96.66146894600007, -66.040134372999944 ], [ 96.74927819100003, -66.069105726999908 ], [ 96.917165561000047, -66.05437590899993 ], [ 96.974864129000082, -66.074476820999905 ] ] ] } },
{ "type": "Feature", "properties": { "type": "land" }, "geometry": { "type": "Polygon", "coordinates": [ [ [ 92.496348504000082, -65.703220309999949 ], [ 92.621104363000029, -65.726006768999923 ], [ 92.671641472000033, -65.749200127999927 ], [ 92.668955925000034, -65.78484465899993 ], [ 92.578868035000028, -65.817559502999927 ], [ 92.434418165000068, -65.824395440999922 ], [ 92.299164259000065, -65.802911065999922 ], [ 92.235850457000083, -65.750664971999925 ], [ 92.285329623000052, -65.71217213299991 ], [ 92.350271030000044, -65.694756768999923 ], [ 92.496348504000082, -65.703220309999949 ] ] ] } },
{ "type": "Feature", "properties": { "type": "land" }, "geometry": { "type": "Polygon", "coordinates": [ [ [ 103.38998457100007, -65.415622653999947 ], [ 103.419118686000047, -65.434747002999927 ], [ 103.416026238000029, -65.448663018999923 ], [ 103.381358269000032, -65.463555596999925 ], [ 103.322520379000082, -65.471612237999921 ], [ 103.172211134000065, -65.46062590899993 ], [ 103.13013756600003, -65.43092213299991 ], [ 103.145518425000034, -65.363051039999903 ], [ 103.139333530000044, -65.338311455999929 ], [ 103.104014519000032, -65.304620049999926 ], [ 103.037852410000028, -65.280368747999944 ], [ 102.826996290000068, -65.250583591999941 ], [ 102.776133660000028, -65.232517184999949 ], [ 102.752207879000082, -65.178317966999941 ], [ 102.781586134000065, -65.140720309999949 ], [ 102.839366082000026, -65.127699476999908 ], [ 102.910655144000032, -65.131768487999921 ], [ 103.09310957100007, -65.173597914999903 ], [ 103.151377800000034, -65.197686455999929 ], [ 103.18881269600007, -65.229668877999927 ], [ 103.19662519600007, -65.26336028399993 ], [ 103.167735222000033, -65.30242278399993 ], [ 103.198252800000034, -65.356133721999925 ], [ 103.38998457100007, -65.415622653999947 ] ] ] } },
{ "type": "Feature", "properties": { "type": "land" }, "geometry": { "type": "Polygon", "coordinates": [ [ [ -45.078114386999914, -60.686211846999925 ], [ -45.067128058999913, -60.631117445999905 ], [ -45.02961178299995, -60.656833591999941 ], [ -45.020415818999936, -60.690362237999921 ], [ -45.00023352799991, -60.70086028399993 ], [ -45.041086391999954, -60.707777601999908 ], [ -45.078114386999914, -60.686211846999925 ] ] ] } },
{ "type": "Feature", "properties": { "type": "land" }, "geometry": { "type": "Polygon", "coordinates": [ [ [ -73.803578253999945, -73.372491143999923 ], [ -73.755238410999937, -73.355645440999922 ], [ -73.735096808999913, -73.370049737999921 ], [ -73.773426886999914, -73.393324476999908 ], [ -73.821929490999935, -73.391696872999944 ], [ -73.803578253999945, -73.372491143999923 ] ] ] } },
{ "type": "Feature", "properties": { "type": "land" }, "geometry": { "type": "Polygon", "coordinates": [ [ [ -67.162993943999936, -68.157972914999903 ], [ -67.235503709999932, -68.171644789999903 ], [ -67.254953579999949, -68.144789320999905 ], [ -67.240101691999939, -68.133070570999905 ], [ -67.13499915299991, -68.138116143999923 ], [ -67.162993943999936, -68.157972914999903 ] ] ] } },
{ "type": "Feature", "properties": { "type": "land" }, "geometry": { "type": "Polygon", "coordinates": [ [ [ -66.94554602799991, -67.84889088299991 ], [ -66.855376756999931, -67.872247002999927 ], [ -66.901112433999913, -67.88836028399993 ], [ -66.998646613999938, -67.88209400799991 ], [ -67.040028449999909, -67.861423434999949 ], [ -66.94554602799991, -67.84889088299991 ] ] ] } },
{ "type": "Feature", "properties": { "type": "land" }, "geometry": { "type": "Polygon", "coordinates": [ [ [ -67.728016730999911, -67.339613539999903 ], [ -67.644927537999934, -67.307386976999908 ], [ -67.60415605399993, -67.314629815999922 ], [ -67.709095831999946, -67.369724216999941 ], [ -67.74445553299995, -67.360772393999923 ], [ -67.728016730999911, -67.339613539999903 ] ] ] } },
{ "type": "Feature", "properties": { "type": "land" }, "geometry": { "type": "Polygon", "coordinates": [ [ [ -67.650380011999914, -67.080824476999908 ], [ -67.602650519999941, -67.049086195999905 ], [ -67.572743292999917, -67.046807549999926 ], [ -67.547963019999941, -67.066338799999926 ], [ -67.540353969999899, -67.09889088299991 ], [ -67.584339972999942, -67.132907809999949 ], [ -67.633412238999938, -67.141534112999921 ], [ -67.681467251999948, -67.128106377999927 ], [ -67.648508266999954, -67.109470309999949 ], [ -67.650380011999914, -67.080824476999908 ] ] ] } },
{ "type": "Feature", "properties": { "type": "land" }, "geometry": { "type": "Polygon", "coordinates": [ [ [ -67.161040818999936, -66.388767184999949 ], [ -67.122710740999935, -66.36256275799991 ], [ -67.153065558999913, -66.343194268999923 ], [ -67.147450324999909, -66.325290622999944 ], [ -67.097645636999914, -66.322523695999905 ], [ -67.027088995999918, -66.341892184999949 ], [ -67.023833787999934, -66.361260674999926 ], [ -67.056385870999918, -66.378350518999923 ], [ -67.161040818999936, -66.388767184999949 ] ] ] } },
{ "type": "Feature", "properties": { "type": "land" }, "geometry": { "type": "Polygon", "coordinates": [ [ [ -66.977365688999953, -66.288018487999921 ], [ -67.121571417999917, -66.250909112999921 ], [ -67.071603969999899, -66.234958591999941 ], [ -67.027088995999918, -66.259860934999949 ], [ -66.923736131999931, -66.252862237999921 ], [ -66.876820441999939, -66.263767184999949 ], [ -66.977365688999953, -66.288018487999921 ] ] ] } },
{ "type": "Feature", "properties": { "type": "land" }, "geometry": { "type": "Polygon", "coordinates": [ [ [ -65.727691209999932, -65.989353122999944 ], [ -65.737416144999941, -65.99146900799991 ], [ -65.801991339999915, -65.992608330999929 ], [ -65.784779425999943, -65.952894789999903 ], [ -65.769154425999943, -65.945977471999925 ], [ -65.727691209999932, -65.989353122999944 ] ] ] } },
{ "type": "Feature", "properties": { "type": "land" }, "geometry": { "type": "Polygon", "coordinates": [ [ [ -65.89476477799991, -65.87859465899993 ], [ -65.888824022999927, -65.890883070999905 ], [ -65.91437740799995, -65.916924737999921 ], [ -66.03384355399993, -65.924574476999908 ], [ -65.970692511999914, -65.888116143999923 ], [ -65.89476477799991, -65.87859465899993 ] ] ] } },
{ "type": "Feature", "properties": { "type": "land" }, "geometry": { "type": "Polygon", "coordinates": [ [ [ -62.900461391999954, -64.82390715899993 ], [ -63.005238410999937, -64.816664320999905 ], [ -63.030995245999918, -64.806410414999903 ], [ -62.957102016999954, -64.794854424999926 ], [ -62.846750454999949, -64.809014580999929 ], [ -62.900461391999954, -64.82390715899993 ] ] ] } },
{ "type": "Feature", "properties": { "type": "land" }, "geometry": { "type": "Polygon", "coordinates": [ [ [ -62.022816535999937, -64.624932549999926 ], [ -62.022775844999899, -64.653008721999925 ], [ -62.036691860999952, -64.661228122999944 ], [ -62.076975063999953, -64.651055596999925 ], [ -62.068918423999946, -64.63250090899993 ], [ -62.022816535999937, -64.624932549999926 ] ] ] } },
{ "type": "Feature", "properties": { "type": "land" }, "geometry": { "type": "Polygon", "coordinates": [ [ [ -62.148996548999946, -64.580254815999922 ], [ -62.100900844999899, -64.571872653999947 ], [ -62.091297980999911, -64.551527601999908 ], [ -62.053781704999949, -64.538018487999921 ], [ -62.014637824999909, -64.552911065999922 ], [ -62.057240363999938, -64.610528252999927 ], [ -62.093006964999915, -64.620863539999903 ], [ -62.136545376999948, -64.602634372999944 ], [ -62.121652798999946, -64.589043877999927 ], [ -62.148996548999946, -64.580254815999922 ] ] ] } },
{ "type": "Feature", "properties": { "type": "land" }, "geometry": { "type": "Polygon", "coordinates": [ [ [ -57.584584113999938, -64.41765715899993 ], [ -57.563954230999911, -64.442315362999921 ], [ -57.587513800999943, -64.470961195999905 ], [ -57.652455206999946, -64.450290622999944 ], [ -57.584584113999938, -64.41765715899993 ] ] ] } },
{ "type": "Feature", "properties": { "type": "land" }, "geometry": { "type": "Polygon", "coordinates": [ [ [ -59.838612433999913, -63.553399346999925 ], [ -59.842355923999946, -63.54420338299991 ], [ -59.797352667999917, -63.553399346999925 ], [ -59.777943488999938, -63.594821872999944 ], [ -59.834706183999913, -63.600355726999908 ], [ -59.871571417999917, -63.583754164999903 ], [ -59.874419725999928, -63.572686455999929 ], [ -59.838612433999913, -63.553399346999925 ] ] ] } },
{ "type": "Feature", "properties": { "type": "land" }, "geometry": { "type": "Polygon", "coordinates": [ [ [ -26.732818162999934, -57.059340101999908 ], [ -26.690337693999936, -57.050551039999903 ], [ -26.650257941999939, -57.07976653399993 ], [ -26.663889126999948, -57.086683851999908 ], [ -26.732818162999934, -57.059340101999908 ] ] ] } },
{ "type": "Feature", "properties": { "type": "land" }, "geometry": { "type": "Polygon", "coordinates": [ [ [ -67.097401495999918, -55.839043877999927 ], [ -67.07843990799995, -55.910088799999926 ], [ -67.114328579999949, -55.912692966999941 ], [ -67.170033331999946, -55.873793226999908 ], [ -67.163726365999935, -55.842217705999929 ], [ -67.121164516999954, -55.807549737999921 ], [ -67.080637173999946, -55.812432549999926 ], [ -67.097401495999918, -55.839043877999927 ] ] ] } },
{ "type": "Feature", "properties": { "type": "land" }, "geometry": { "type": "Polygon", "coordinates": [ [ [ -67.213978644999941, -55.761976820999905 ], [ -67.164906378999945, -55.760837497999944 ], [ -67.156971808999913, -55.778252862999921 ], [ -67.204172329999949, -55.778252862999921 ], [ -67.211659308999913, -55.795342705999929 ], [ -67.228505011999914, -55.798435153999947 ], [ -67.240101691999939, -55.789727471999925 ], [ -67.213978644999941, -55.761976820999905 ] ] ] } },
{ "type": "Feature", "properties": { "type": "land" }, "geometry": { "type": "Polygon", "coordinates": [ [ [ -70.014027472999942, -55.30592213299991 ], [ -69.947824673999946, -55.283868096999925 ], [ -69.945139126999948, -55.29851653399993 ], [ -69.979847785999937, -55.326348565999922 ], [ -69.986683722999942, -55.366143487999921 ], [ -70.006459113999938, -55.374444268999923 ], [ -70.04133053299995, -55.332614841999941 ], [ -70.02765865799995, -55.318942966999941 ], [ -70.08820553299995, -55.309014580999929 ], [ -70.110218878999945, -55.29225025799991 ], [ -70.05500240799995, -55.28484465899993 ], [ -70.014027472999942, -55.30592213299991 ] ] ] } },
{ "type": "Feature", "properties": { "type": "land" }, "geometry": { "type": "Polygon", "coordinates": [ [ [ 1.99935957100007, -70.597426039999903 ], [ 2.12281334700009, -70.617608330999929 ], [ 2.145192905000044, -70.65007903399993 ], [ 2.115570509000065, -70.675551039999903 ], [ 2.05404707100007, -70.67351653399993 ], [ 1.989431186000047, -70.654473565999922 ], [ 1.950450066000087, -70.629001559999949 ], [ 1.951345248000052, -70.604261976999908 ], [ 1.99935957100007, -70.597426039999903 ] ] ] } },
{ "type": "Feature", "properties": { "type": "land" }, "geometry": { "type": "Polygon", "coordinates": [ [ [ -28.213286912999934, -56.713962497999944 ], [ -28.171457485999952, -56.704847914999903 ], [ -28.168568488999938, -56.715997002999927 ], [ -28.210113084999932, -56.725030205999929 ], [ -28.213286912999934, -56.713962497999944 ] ] ] } },
{ "type": "Feature", "properties": { "type": "land" }, "geometry": { "type": "Polygon", "coordinates": [ [ [ -34.588937954999892, -55.062839450999945 ], [ -34.565907355999911, -55.059340101999851 ], [ -34.558420376999948, -55.069838148999906 ], [ -34.579660610999952, -55.078138929999909 ], [ -34.588937954999892, -55.062839450999945 ] ] ] } },
{ "type": "Feature", "properties": { "type": "land" }, "geometry": { "type": "Polygon", "coordinates": [ [ [ -34.646799282999893, -55.011651299999869 ], [ -34.624297654999907, -55.030368747999944 ], [ -34.65103105399993, -55.054782809999892 ], [ -34.668771938999896, -55.049493096999925 ], [ -34.676503058999913, -55.034600518999866 ], [ -34.646799282999893, -55.011651299999869 ] ] ] } },
{ "type": "Feature", "properties": { "type": "land" }, "geometry": { "type": "Polygon", "coordinates": [ [ [ -49.391224738999938, -77.88054778399993 ], [ -49.450795050999943, -77.863051039999903 ], [ -49.336415167999917, -77.82976653399993 ], [ -48.989003058999913, -77.784274997999944 ], [ -48.846913214999915, -77.744235934999949 ], [ -48.750355597999942, -77.747653903999947 ], [ -49.258656378999945, -77.872491143999923 ], [ -49.391224738999938, -77.88054778399993 ] ] ] } },
{ "type": "Feature", "properties": { "type": "land" }, "geometry": { "type": "Polygon", "coordinates": [ [ [ -89.882069464999915, -72.874118747999944 ], [ -89.785511847999942, -72.850274346999925 ], [ -89.571522589999915, -72.86296965899993 ], [ -89.405629035999937, -72.895684502999927 ], [ -89.330677863999938, -72.927992445999905 ], [ -89.359364386999914, -72.945977471999925 ], [ -89.47874915299991, -72.975762627999927 ], [ -89.585072394999941, -73.070407809999949 ], [ -89.689116990999935, -73.090590101999908 ], [ -89.796376105999911, -73.092380466999941 ], [ -89.995676235999952, -73.06764088299991 ], [ -90.132476365999935, -73.094414971999925 ], [ -90.219146287999934, -73.084242445999905 ], [ -90.295969204999949, -73.049493096999925 ], [ -90.336293097999942, -72.987399997999944 ], [ -90.282460089999915, -72.941338799999926 ], [ -90.215687628999945, -72.944512627999927 ], [ -90.093902147999927, -72.986504815999922 ], [ -90.005523240999935, -72.976739190999922 ], [ -89.929351365999935, -72.931573174999926 ], [ -89.882069464999915, -72.874118747999944 ] ] ] } },
{ "type": "Feature", "properties": { "type": "land" }, "geometry": { "type": "Polygon", "coordinates": [ [ [ -93.749989386999914, -72.90553150799991 ], [ -93.813547329999949, -72.926202080999929 ], [ -94.000111456999946, -72.919040622999944 ], [ -94.070383266999897, -72.902764580999929 ], [ -94.128163214999915, -72.872979424999926 ], [ -94.068348761999914, -72.82586028399993 ], [ -93.982899542999917, -72.819024346999925 ], [ -93.818226691999939, -72.856377862999921 ], [ -93.759266730999911, -72.881117445999905 ], [ -93.749989386999914, -72.90553150799991 ] ] ] } },
{ "type": "Feature", "properties": { "type": "land" }, "geometry": { "type": "Polygon", "coordinates": [ [ [ -93.32681230399993, -72.56023528399993 ], [ -93.219105597999942, -72.541761976999908 ], [ -93.110585089999915, -72.55982838299991 ], [ -93.129872199999909, -72.592705987999921 ], [ -93.16079667899993, -72.614190362999921 ], [ -93.274484829999949, -72.636976820999905 ], [ -93.388783331999946, -72.602471612999921 ], [ -93.32681230399993, -72.56023528399993 ] ] ] } },
{ "type": "Feature", "properties": { "type": "land" }, "geometry": { "type": "Polygon", "coordinates": [ [ [ -59.514637824999909, -65.245700778999947 ], [ -59.64875240799995, -65.219903252999927 ], [ -59.777740037999934, -65.174411716999941 ], [ -59.841542120999918, -65.127373955999929 ], [ -59.771392381999931, -65.086114190999922 ], [ -59.646148240999935, -65.121840101999908 ], [ -59.435454881999931, -65.233819268999923 ], [ -59.514637824999909, -65.245700778999947 ] ] ] } },
{ "type": "Feature", "properties": { "type": "land" }, "geometry": { "type": "Polygon", "coordinates": [ [ [ -61.924916144999941, -63.986504815999922 ], [ -61.833485480999911, -63.97820403399993 ], [ -61.842274542999917, -63.96453215899993 ], [ -61.829213019999941, -63.959730726999908 ], [ -61.784291144999941, -63.969496351999908 ], [ -61.83429928299995, -64.002048434999949 ], [ -61.887603318999936, -64.017754815999922 ], [ -61.920033331999946, -64.049981377999927 ], [ -61.906727667999917, -64.054864190999922 ], [ -61.961822068999936, -64.085137627999927 ], [ -62.008656378999945, -64.090590101999908 ], [ -62.064035610999952, -64.070977471999925 ], [ -62.060658331999946, -64.053887627999927 ], [ -62.013661261999914, -64.028903903999947 ], [ -62.023548956999946, -64.016696872999944 ], [ -61.924916144999941, -63.986504815999922 ] ] ] } },
{ "type": "Feature", "properties": { "type": "land" }, "geometry": { "type": "Polygon", "coordinates": [ [ [ -61.975738084999932, -63.333591403999947 ], [ -62.083078579999949, -63.352634372999944 ], [ -62.277495897999927, -63.352308851999908 ], [ -62.241566535999937, -63.319268487999921 ], [ -62.244699673999946, -63.292168877999927 ], [ -62.26431230399993, -63.27312590899993 ], [ -62.211089647999927, -63.255466403999947 ], [ -62.213775193999936, -63.238864841999941 ], [ -62.202707485999952, -63.237074476999908 ], [ -62.019520636999914, -63.261651299999926 ], [ -61.993885870999918, -63.29851653399993 ], [ -61.951730923999946, -63.31178150799991 ], [ -61.975738084999932, -63.333591403999947 ] ] ] } },
{ "type": "Feature", "properties": { "type": "land" }, "geometry": { "type": "Polygon", "coordinates": [ [ [ -60.525990363999938, -62.981052341999941 ], [ -60.595448370999918, -62.959893487999921 ], [ -60.602040167999917, -62.933689059999949 ], [ -60.685292120999918, -62.926202080999929 ], [ -60.700306769999941, -62.952732028999947 ], [ -60.693511522999927, -62.966892184999949 ], [ -60.557484503999945, -63.007582289999903 ], [ -60.618804490999935, -63.016534112999921 ], [ -60.706044074999909, -62.994805596999925 ], [ -60.741566535999937, -62.964043877999927 ], [ -60.746978318999936, -62.940606377999927 ], [ -60.692209438999953, -62.895196221999925 ], [ -60.619252081999946, -62.896661065999922 ], [ -60.547840949999909, -62.925957940999922 ], [ -60.497873501999948, -62.964288018999923 ], [ -60.525990363999938, -62.981052341999941 ] ] ] } },
{ "type": "Feature", "properties": { "type": "land" }, "geometry": { "type": "Polygon", "coordinates": [ [ [ -61.513335740999935, -62.809991143999923 ], [ -61.523915167999917, -62.793633721999925 ], [ -61.514637824999909, -62.766208591999941 ], [ -61.460682745999918, -62.737237237999921 ], [ -61.198882615999935, -62.727715752999927 ], [ -61.247059699999909, -62.742364190999922 ], [ -61.252837693999936, -62.768731377999927 ], [ -61.409250454999949, -62.823337497999944 ], [ -61.513335740999935, -62.809991143999923 ] ] ] } },
{ "type": "Feature", "properties": { "type": "land" }, "geometry": { "type": "Polygon", "coordinates": [ [ [ -54.043812628999945, -61.268731377999927 ], [ -54.098011847999942, -61.312107028999947 ], [ -54.227406378999945, -61.270114841999941 ], [ -54.086903449999909, -61.180352471999925 ], [ -54.057362433999913, -61.127048434999949 ], [ -54.008859829999949, -61.137627862999921 ], [ -54.006459113999938, -61.152113539999903 ], [ -54.057484503999945, -61.192559502999927 ], [ -54.032948370999918, -61.229180596999925 ], [ -54.043812628999945, -61.268731377999927 ] ] ] } },
{ "type": "Feature", "properties": { "type": "land" }, "geometry": { "type": "Polygon", "coordinates": [ [ [ -26.255116339999915, -58.444919528999947 ], [ -26.239328579999949, -58.467705987999921 ], [ -26.246205206999946, -58.498711846999925 ], [ -26.430287238999938, -58.45240650799991 ], [ -26.457834438999953, -58.426690362999921 ], [ -26.430897589999915, -58.385023695999905 ], [ -26.312367316999939, -58.38209400799991 ], [ -26.246205206999946, -58.402520440999922 ], [ -26.255116339999915, -58.444919528999947 ] ] ] } },
{ "type": "Feature", "properties": { "type": "land" }, "geometry": { "type": "Polygon", "coordinates": [ [ [ -66.420806443999936, -55.20086028399993 ], [ -66.471750454999949, -55.21648528399993 ], [ -66.504017706999946, -55.257989190999922 ], [ -66.569325324999909, -55.281670830999929 ], [ -66.587798631999931, -55.28484465899993 ], [ -66.603911912999934, -55.27076588299991 ], [ -66.629750128999945, -55.277927341999941 ], [ -66.643055792999917, -55.264336846999925 ], [ -66.632191535999937, -55.205987237999921 ], [ -66.534820115999935, -55.162774346999925 ], [ -66.436350063999953, -55.181410414999903 ], [ -66.420806443999936, -55.20086028399993 ] ] ] } },
{ "type": "Feature", "properties": { "type": "land" }, "geometry": { "type": "Polygon", "coordinates": [ [ [ -69.490855095266966, -55.0 ], [ -69.602447068999936, -55.00359465899993 ], [ -69.637277798999946, -55.024102471999925 ], [ -69.776437954999949, -55.034600518999923 ], [ -69.816029425999943, -55.016696872999944 ], [ -69.862172003999945, -55.038995049999926 ], [ -69.917795376999948, -55.03834400799991 ], [ -69.903415344994769, -55.0 ], [ -69.490855095266966, -55.0 ] ] ] } },
{ "type": "Feature", "properties": { "type": "land" }, "geometry": { "type": "Polygon", "coordinates": [ [ [ -169.030344204999921, -83.154229424999926 ], [ -168.78734290299991, -83.213799737999921 ], [ -168.847157355999911, -83.226820570999905 ], [ -169.802235480999911, -83.184014580999929 ], [ -169.863148566999911, -83.147393487999921 ], [ -171.831003383999899, -82.863457940999922 ], [ -171.901356574999909, -82.842054945999905 ], [ -171.820505337999919, -82.824639580999929 ], [ -169.030344204999921, -83.154229424999926 ] ] ] } },
{ "type": "Feature", "properties": { "type": "land" }, "geometry": { "type": "Polygon", "coordinates": [ [ [ -162.734242316999911, -79.793877862999921 ], [ -162.687367316999911, -79.814873955999929 ], [ -162.78266354099992, -79.841729424999926 ], [ -163.348988410999908, -79.797784112999921 ], [ -163.400135870999918, -79.78289153399993 ], [ -163.247995571999923, -79.768324476999908 ], [ -163.038075324999909, -79.777113539999903 ], [ -163.162912563999924, -79.73992278399993 ], [ -162.734242316999911, -79.793877862999921 ] ] ] } },
{ "type": "Feature", "properties": { "type": "land" }, "geometry": { "type": "Polygon", "coordinates": [ [ [ -148.577707485999923, -76.705498955999929 ], [ -148.943796352999925, -76.68523528399993 ], [ -149.148508266999926, -76.636976820999905 ], [ -148.996937628999916, -76.607517184999949 ], [ -148.811472133999928, -76.611911716999941 ], [ -148.467884894999912, -76.677178643999923 ], [ -148.577707485999923, -76.705498955999929 ] ] ] } },
{ "type": "Feature", "properties": { "type": "land" }, "geometry": { "type": "Polygon", "coordinates": [ [ [ -147.992339647999927, -76.599053643999923 ], [ -147.986073370999918, -76.591892184999949 ], [ -148.006174282999922, -76.573663018999923 ], [ -147.884022589999915, -76.558689059999949 ], [ -147.731597459999904, -76.584405205999929 ], [ -147.62169348899991, -76.621026299999926 ], [ -147.559803839999915, -76.662855726999908 ], [ -147.729766404999907, -76.654473565999922 ], [ -147.992339647999927, -76.599053643999923 ] ] ] } },
{ "type": "Feature", "properties": { "type": "land" }, "geometry": { "type": "Polygon", "coordinates": [ [ [ 162.767832879000025, -75.576104424999926 ], [ 162.97234134200005, -75.554864190999922 ], [ 162.97193444100003, -75.573174737999921 ], [ 162.898610873000052, -75.619805596999925 ], [ 162.87818444100003, -75.654392184999949 ], [ 162.813487175000091, -75.693291924999926 ], [ 162.742198113000086, -75.701836846999925 ], [ 162.635101759, -75.690036716999941 ], [ 162.576508009, -75.662774346999925 ], [ 162.767832879000025, -75.576104424999926 ] ] ] } },
{ "type": "Feature", "properties": { "type": "land" }, "geometry": { "type": "Polygon", "coordinates": [ [ [ -119.695708787999934, -74.125583591999941 ], [ -119.922922329999892, -74.101332289999903 ], [ -119.929554816999939, -74.084649346999925 ], [ -119.911488410999937, -74.070977471999925 ], [ -119.837025519999941, -74.059502862999921 ], [ -119.827219204999892, -74.03834400799991 ], [ -119.801503058999913, -74.028741143999923 ], [ -119.696603969999899, -74.020440362999921 ], [ -119.636097785999937, -74.00123463299991 ], [ -119.665679490999935, -73.979261976999908 ], [ -119.776682094999899, -73.939222914999903 ], [ -119.797474738999938, -73.896661065999922 ], [ -119.858143683999913, -73.876560153999947 ], [ -119.767689581999946, -73.851169528999947 ], [ -119.903553839999915, -73.824965101999908 ], [ -119.698475714999915, -73.818291924999926 ], [ -119.494943813999896, -73.772556247999944 ], [ -119.123402472999942, -73.780857028999947 ], [ -118.974436001999948, -73.804864190999922 ], [ -118.914133266999897, -73.82740650799991 ], [ -118.899728969999899, -73.839450778999947 ], [ -118.900786912999934, -73.873223565999922 ], [ -118.870838995999918, -73.885674737999921 ], [ -118.963490363999938, -73.93092213299991 ], [ -118.945668097999942, -73.949883721999925 ], [ -119.003773566999939, -73.983575127999927 ], [ -119.223133917999917, -74.044122002999927 ], [ -119.431385870999918, -74.067315362999921 ], [ -119.500070766999897, -74.106622002999927 ], [ -119.695708787999934, -74.125583591999941 ] ] ] } },
{ "type": "Feature", "properties": { "type": "land" }, "geometry": { "type": "Polygon", "coordinates": [ [ [ 69.924489780000044, -71.908949476999908 ], [ 69.806162957000083, -72.024346612999921 ], [ 69.79615319100003, -72.042168877999927 ], [ 69.804860873000052, -72.047051690999922 ], [ 69.768402540000068, -72.060316664999903 ], [ 69.726898634000065, -72.056410414999903 ], [ 69.749196811000047, -72.041436455999929 ], [ 69.682790561000047, -71.975030205999929 ], [ 69.72584069100003, -71.94850025799991 ], [ 69.724782748000052, -71.931898695999905 ], [ 69.793467644000032, -71.891371351999908 ], [ 69.862071160000085, -71.890232028999947 ], [ 69.924489780000044, -71.908949476999908 ] ] ] } },
{ "type": "Feature", "properties": { "type": "land" }, "geometry": { "type": "Polygon", "coordinates": [ [ [ 85.20240319100003, -66.567966403999947 ], [ 85.342539910000028, -66.60475025799991 ], [ 85.28646894600007, -66.637627862999921 ], [ 85.201182488000029, -66.646742445999905 ], [ 85.114431186000047, -66.635349216999941 ], [ 85.054860873000052, -66.606215101999908 ], [ 85.11068769600007, -66.520684502999927 ], [ 85.168955925000034, -66.524590752999927 ], [ 85.20240319100003, -66.567966403999947 ] ] ] } },
{ "type": "Feature", "properties": { "type": "land" }, "geometry": { "type": "Polygon", "coordinates": [ [ [ 100.310394727000073, -66.137139580999929 ], [ 100.310557488000029, -66.173028252999927 ], [ 100.25123131600003, -66.184340101999908 ], [ 100.307302280000044, -66.198988539999903 ], [ 100.253672722000033, -66.222832940999922 ], [ 100.11654707100007, -66.229913018999923 ], [ 100.080739780000044, -66.221123955999929 ], [ 100.064789259000065, -66.204278252999927 ], [ 100.080088738000029, -66.184014580999929 ], [ 100.205821160000028, -66.114678643999923 ], [ 100.264496290000068, -66.105238539999903 ], [ 100.293793165000068, -66.11451588299991 ], [ 100.310394727000073, -66.137139580999929 ] ] ] } },
{ "type": "Feature", "properties": { "type": "land" }, "geometry": { "type": "Polygon", "coordinates": [ [ [ -90.610218878999945, -68.815524997999944 ], [ -90.638579881999931, -68.785088799999926 ], [ -90.612294074999909, -68.727959893999923 ], [ -90.548207160999937, -68.729180596999925 ], [ -90.511708136999914, -68.752618096999925 ], [ -90.501210089999915, -68.785414320999905 ], [ -90.512440558999913, -68.809177341999941 ], [ -90.610218878999945, -68.815524997999944 ] ] ] } },
{ "type": "Feature", "properties": { "type": "land" }, "geometry": { "type": "Polygon", "coordinates": [ [ [ -65.857818162999934, -79.602146091999941 ], [ -65.788563605999911, -79.624607028999947 ], [ -65.937896287999934, -79.658949476999908 ], [ -66.009755011999914, -79.645440362999921 ], [ -66.25649980399993, -79.673272393999923 ], [ -66.656239386999914, -79.660414320999905 ], [ -66.700754360999952, -79.668064059999949 ], [ -66.584095831999946, -79.701836846999925 ], [ -66.27179928299995, -79.721449476999908 ], [ -66.114572719999899, -79.76685963299991 ], [ -66.016590949999909, -79.774834893999923 ], [ -65.691273566999939, -79.751885674999926 ], [ -65.571115688999953, -79.782810153999947 ], [ -65.554066535999937, -79.777439059999949 ], [ -65.579457160999937, -79.79461028399993 ], [ -65.544789191999939, -79.808363539999903 ], [ -65.565785285999937, -79.812676690999922 ], [ -65.901275193999936, -79.83953215899993 ], [ -65.530384894999941, -79.882745049999926 ], [ -65.505848761999914, -79.893324476999908 ], [ -65.501616990999935, -79.933526299999926 ], [ -65.450103318999936, -79.95240650799991 ], [ -65.727406378999945, -79.990411065999922 ], [ -65.794748501999948, -80.027439059999949 ], [ -66.222727016999954, -80.086358330999929 ], [ -66.310454881999931, -80.080743096999925 ], [ -66.395375128999945, -80.05982838299991 ], [ -66.385853644999941, -80.042168877999927 ], [ -66.415272589999915, -80.029473565999922 ], [ -66.335845506999931, -80.016289971999925 ], [ -66.357777472999942, -79.986586195999905 ], [ -66.419300910999937, -79.960381768999923 ], [ -66.722035285999937, -79.936618747999944 ], [ -66.769439256999931, -79.91961028399993 ], [ -66.973011847999942, -79.921644789999903 ], [ -67.025746222999942, -79.898370049999926 ], [ -67.000721808999913, -79.87623463299991 ], [ -66.846262173999946, -79.822035414999903 ], [ -66.811838344999899, -79.791924737999921 ], [ -66.933338995999918, -79.792575778999947 ], [ -67.690419074999909, -79.638278903999947 ], [ -67.760121222999942, -79.593682549999926 ], [ -67.832102016999954, -79.57935963299991 ], [ -67.839833136999914, -79.558770440999922 ], [ -67.805409308999913, -79.538506768999923 ], [ -67.70734615799995, -79.525648695999905 ], [ -67.653920050999943, -79.534112237999921 ], [ -67.681141730999911, -79.551364841999941 ], [ -67.519642706999946, -79.548760674999926 ], [ -67.450062628999945, -79.566989841999941 ], [ -66.910755988999938, -79.565199476999908 ], [ -66.975168423999946, -79.583184502999927 ], [ -66.870961066999939, -79.588555596999925 ], [ -66.750965949999909, -79.616794528999947 ], [ -66.14907792899993, -79.62818775799991 ], [ -65.857818162999934, -79.602146091999941 ] ] ] } },
{ "type": "Feature", "properties": { "type": "land" }, "geometry": { "type": "Polygon", "coordinates": [ [ [ -68.138295050999943, -79.26881275799991 ], [ -68.077544725999928, -79.235039971999925 ], [ -68.017689581999946, -79.22584400799991 ], [ -67.613107876999948, -79.211521091999941 ], [ -67.048207160999937, -79.264825127999927 ], [ -67.097320115999935, -79.294122002999927 ], [ -67.198231574999909, -79.318617445999905 ], [ -67.271473761999914, -79.308200778999947 ], [ -67.334462042999917, -79.324883721999925 ], [ -67.511057094999899, -79.397230726999908 ], [ -67.482329881999931, -79.409926039999903 ], [ -67.31281490799995, -79.42742278399993 ], [ -67.289418097999942, -79.438246351999908 ], [ -67.306507941999939, -79.449802341999941 ], [ -67.242176886999914, -79.455824476999908 ], [ -67.467884894999941, -79.506036065999922 ], [ -68.392689581999946, -79.470798434999949 ], [ -68.454497850999928, -79.447523695999905 ], [ -68.572132941999939, -79.436618747999944 ], [ -68.504017706999946, -79.405368747999944 ], [ -67.513824022999927, -79.324965101999908 ], [ -67.469349738999938, -79.308038018999923 ], [ -67.67601477799991, -79.303399346999925 ], [ -67.705555792999917, -79.297051690999922 ], [ -67.703480597999942, -79.279961846999925 ], [ -67.799794074999909, -79.289971612999921 ], [ -67.853342251999948, -79.28093840899993 ], [ -68.269154425999943, -79.327732028999947 ], [ -68.447010870999918, -79.323825778999947 ], [ -68.138295050999943, -79.26881275799991 ] ] ] } },
{ "type": "Feature", "properties": { "type": "land" }, "geometry": { "type": "Polygon", "coordinates": [ [ [ -33.987538214999915, -79.348239841999941 ], [ -34.070871548999946, -79.361504815999922 ], [ -36.726389126999948, -79.29810963299991 ], [ -36.844797329999949, -79.259860934999949 ], [ -36.938465949999909, -79.181247653999947 ], [ -36.883168097999942, -79.19264088299991 ], [ -36.723255988999938, -79.26531340899993 ], [ -36.59007727799991, -79.275567315999922 ], [ -36.659575975999928, -79.223077080999929 ], [ -35.844146287999934, -79.168633721999925 ], [ -35.628651495999918, -79.093926690999922 ], [ -35.503407355999911, -79.090101820999905 ], [ -34.020863410999937, -79.268487237999921 ], [ -33.916493292999917, -79.312595309999949 ], [ -33.987538214999915, -79.348239841999941 ] ] ] } },
{ "type": "Feature", "properties": { "type": "land" }, "geometry": { "type": "Polygon", "coordinates": [ [ [ -20.369130011999914, -74.433689059999949 ], [ -20.414784308999913, -74.483819268999923 ], [ -20.528553839999915, -74.502618096999925 ], [ -20.843006964999915, -74.462823174999926 ], [ -20.865712042999917, -74.439060153999947 ], [ -20.869618292999917, -74.40162525799991 ], [ -20.981190558999913, -74.211032809999949 ], [ -21.01195227799991, -74.18718840899993 ], [ -21.122425910999937, -74.142836195999905 ], [ -21.29946855399993, -74.105889580999929 ], [ -21.713449673999946, -74.088474216999941 ], [ -22.021148240999935, -74.114027601999908 ], [ -22.040150519999941, -74.105564059999949 ], [ -21.893950975999928, -74.041680596999925 ], [ -21.336048956999946, -74.003676039999903 ], [ -21.145375128999945, -73.950127862999921 ], [ -21.009510870999918, -73.870538018999923 ], [ -21.010731574999909, -73.825941664999903 ], [ -20.940907355999911, -73.751071872999944 ], [ -20.924387173999946, -73.70435963299991 ], [ -20.890370245999918, -73.67896900799991 ], [ -20.814198370999918, -73.646416924999926 ], [ -20.648793097999942, -73.619398695999905 ], [ -20.637603318999936, -73.610039971999925 ], [ -20.640248175999943, -73.587497653999947 ], [ -20.556630011999914, -73.62078215899993 ], [ -20.51585852799991, -73.659763278999947 ], [ -20.512684699999909, -73.695570570999905 ], [ -20.535023566999939, -73.73951588299991 ], [ -20.495838995999918, -73.793715101999908 ], [ -20.583119269999941, -73.854099216999941 ], [ -20.575835740999935, -73.887465101999908 ], [ -20.59992428299995, -73.91765715899993 ], [ -20.598622199999909, -73.990492445999905 ], [ -20.647368943999936, -74.019463799999926 ], [ -20.658762173999946, -74.067152601999908 ], [ -20.692860480999911, -74.101983330999929 ], [ -20.579904751999948, -74.220961195999905 ], [ -20.399484829999949, -74.33171965899993 ], [ -20.366688605999911, -74.392998955999929 ], [ -20.369130011999914, -74.433689059999949 ] ] ] } },
{ "type": "Feature", "properties": { "type": "land" }, "geometry": { "type": "Polygon", "coordinates": [ [ [ -74.503977016999897, -72.88209400799991 ], [ -74.309559699999909, -72.921075127999927 ], [ -74.218576626999948, -72.990817966999941 ], [ -74.239898240999935, -73.020114841999941 ], [ -74.386097785999937, -73.102715752999927 ], [ -74.41470292899993, -73.16765715899993 ], [ -74.50023352799991, -73.207940362999921 ], [ -74.508412238999938, -73.252373955999929 ], [ -74.694691535999937, -73.276543877999927 ], [ -74.75804602799991, -73.303155205999929 ], [ -74.554595506999931, -73.316664320999905 ], [ -74.532378709999932, -73.33171965899993 ], [ -74.530100063999953, -73.354913018999923 ], [ -74.552357550999943, -73.387383721999925 ], [ -74.474517381999931, -73.401950778999947 ], [ -74.441232876999948, -73.433770440999922 ], [ -74.360910610999952, -73.460381768999923 ], [ -74.418446417999917, -73.548272393999923 ], [ -74.519398566999939, -73.606052341999941 ], [ -74.593129035999937, -73.61451588299991 ], [ -75.874582485999952, -73.346612237999921 ], [ -76.030995245999918, -73.283868096999925 ], [ -76.126128709999932, -73.158786716999941 ], [ -76.103138800999943, -73.122816664999903 ], [ -76.039173956999946, -73.084242445999905 ], [ -75.858225063999953, -73.047621351999908 ], [ -75.748158331999946, -73.057712497999944 ], [ -75.524525519999941, -73.113376559999949 ], [ -75.416818813999953, -73.10670338299991 ], [ -75.460926886999914, -73.07350025799991 ], [ -75.433216925999943, -73.054782809999949 ], [ -75.372792120999918, -73.046319268999923 ], [ -75.096302863999938, -73.055840752999927 ], [ -75.036447719999899, -73.038995049999926 ], [ -75.211048956999946, -73.00554778399993 ], [ -75.501088019999941, -72.989353122999944 ], [ -75.775746222999942, -72.893649997999944 ], [ -75.55532792899993, -72.871514580999929 ], [ -75.447336391999897, -72.828383070999905 ], [ -75.295806443999936, -72.819512627999927 ], [ -74.946400519999941, -72.865411065999922 ], [ -74.503977016999897, -72.88209400799991 ] ] ] } },
{ "type": "Feature", "properties": { "type": "land" }, "geometry": { "type": "Polygon", "coordinates": [ [ [ -90.787668423999946, -72.744561455999929 ], [ -90.930531378999945, -72.847914320999905 ], [ -90.861073370999918, -72.83562590899993 ], [ -90.759185350999928, -72.850681247999944 ], [ -90.728260870999918, -72.88445403399993 ], [ -90.724476691999939, -72.912774346999925 ], [ -90.761057094999899, -72.980075778999947 ], [ -90.819488084999932, -73.036309502999927 ], [ -90.917713995999918, -73.10125090899993 ], [ -91.025380011999914, -73.149834893999923 ], [ -91.205799933999913, -73.194431247999944 ], [ -91.390370245999918, -73.212823174999926 ], [ -91.524647589999915, -73.192559502999927 ], [ -91.486317511999914, -73.124607028999947 ], [ -91.449086066999939, -72.951836846999925 ], [ -91.333404100999928, -72.897556247999944 ], [ -91.528472459999932, -72.783135674999926 ], [ -91.620472785999937, -72.669366143999923 ], [ -91.686512824999909, -72.609958591999941 ], [ -91.390044725999928, -72.55006275799991 ], [ -91.044178839999915, -72.543145440999922 ], [ -90.915191209999932, -72.56218840899993 ], [ -90.816395636999914, -72.603448174999926 ], [ -90.77961178299995, -72.636163018999923 ], [ -90.757964647999927, -72.697442315999922 ], [ -90.787668423999946, -72.744561455999929 ] ] ] } },
{ "type": "Feature", "properties": { "type": "land" }, "geometry": { "type": "Polygon", "coordinates": [ [ [ -74.400502081999946, -70.975274346999925 ], [ -76.130441860999952, -71.137872002999927 ], [ -76.345570441999939, -71.122979424999926 ], [ -76.450998501999948, -71.084405205999929 ], [ -76.542551235999952, -70.965590101999908 ], [ -76.469105597999942, -70.91920338299991 ], [ -76.382069464999915, -70.888278903999947 ], [ -76.108998175999943, -70.837660414999903 ], [ -75.199818488999938, -70.77662525799991 ], [ -75.077219204999949, -70.727146091999941 ], [ -75.03929602799991, -70.691176039999903 ], [ -75.029449022999927, -70.608086846999925 ], [ -74.954457160999937, -70.584567966999941 ], [ -74.903920050999943, -70.583754164999903 ], [ -74.820871548999946, -70.607028903999947 ], [ -74.674305792999917, -70.70240650799991 ], [ -74.596099412999934, -70.794122002999927 ], [ -74.469878709999932, -70.751397393999923 ], [ -74.46515865799995, -70.656833591999941 ], [ -74.483550584999932, -70.59343840899993 ], [ -74.463368292999917, -70.576836846999925 ], [ -74.318837042999917, -70.586846612999921 ], [ -74.156320766999897, -70.649834893999923 ], [ -74.100697394999941, -70.658623955999929 ], [ -74.157541469999899, -70.585870049999926 ], [ -74.130848761999914, -70.565118096999925 ], [ -74.036122199999909, -70.54810963299991 ], [ -73.883900519999941, -70.570570570999905 ], [ -73.617909308999913, -70.66961028399993 ], [ -73.547474738999938, -70.716241143999923 ], [ -73.55923417899993, -70.74968840899993 ], [ -73.618885870999918, -70.774997653999947 ], [ -74.400502081999946, -70.975274346999925 ] ] ] } },
{ "type": "Feature", "properties": { "type": "land" }, "geometry": { "type": "Polygon", "coordinates": [ [ [ -3.430409308999913, -70.538506768999923 ], [ -3.509917772999927, -70.514418226999908 ], [ -3.49250240799995, -70.481052341999941 ], [ -3.461822068999936, -70.458754164999903 ], [ -3.260487433999913, -70.331231377999927 ], [ -3.144154425999943, -70.300713799999926 ], [ -2.98859615799995, -70.28053150799991 ], [ -2.833811001999948, -70.281426690999922 ], [ -2.71939042899993, -70.313897393999923 ], [ -2.680572068999936, -70.38836028399993 ], [ -2.685047980999911, -70.47234465899993 ], [ -2.747059699999909, -70.511814059999949 ], [ -2.829823370999918, -70.523695570999905 ], [ -3.430409308999913, -70.538506768999923 ] ] ] } },
{ "type": "Feature", "properties": { "type": "land" }, "geometry": { "type": "Polygon", "coordinates": [ [ [ -75.693104620999918, -70.113051039999903 ], [ -75.785715298999946, -70.079685153999947 ], [ -75.831695115999935, -70.016371351999908 ], [ -75.80304928299995, -69.993584893999923 ], [ -75.778797980999911, -69.923272393999923 ], [ -75.726226365999935, -69.890883070999905 ], [ -75.604318813999953, -69.86492278399993 ], [ -75.230132615999935, -69.841729424999926 ], [ -75.284738735999952, -69.793064059999949 ], [ -75.388824022999927, -69.792087497999944 ], [ -75.435536261999914, -69.76881275799991 ], [ -74.962798631999931, -69.716892184999949 ], [ -74.787017381999931, -69.73601653399993 ], [ -74.717925584999932, -69.76295338299991 ], [ -74.717762824999909, -69.803806247999944 ], [ -74.53547115799995, -69.86101653399993 ], [ -74.492909308999913, -69.899590752999927 ], [ -74.41437740799995, -69.931247653999947 ], [ -74.397084113999938, -69.961846612999921 ], [ -74.627674933999913, -69.984551690999922 ], [ -74.649973110999952, -70.005466403999947 ], [ -74.640777147999927, -70.033949476999908 ], [ -74.579253709999932, -70.073337497999944 ], [ -74.602162238999938, -70.104261976999908 ], [ -74.776112433999913, -70.170993747999944 ], [ -74.873158331999946, -70.183526299999926 ], [ -75.693104620999918, -70.113051039999903 ] ] ] } },
{ "type": "Feature", "properties": { "type": "land" }, "geometry": { "type": "Polygon", "coordinates": [ [ [ -72.845529751999948, -69.58562590899993 ], [ -72.956776495999918, -69.54029713299991 ], [ -72.981922980999911, -69.513929945999905 ], [ -72.968006964999915, -69.485446872999944 ], [ -72.833404100999928, -69.425551039999903 ], [ -72.661854620999918, -69.416110934999949 ], [ -72.398548956999946, -69.465264580999929 ], [ -72.308705206999946, -69.502129815999922 ], [ -72.271229620999918, -69.53875090899993 ], [ -72.181141730999911, -69.580173434999949 ], [ -72.151600714999915, -69.619724216999941 ], [ -72.00804602799991, -69.649997653999947 ], [ -71.949696417999917, -69.682793877999927 ], [ -72.018462693999936, -69.711032809999949 ], [ -71.970366990999935, -69.751722914999903 ], [ -72.002552863999938, -69.751722914999903 ], [ -72.167591925999943, -69.684014580999929 ], [ -72.197743292999917, -69.690850518999923 ], [ -72.203114386999914, -69.70045338299991 ], [ -72.185170050999943, -69.729261976999908 ], [ -72.20531165299991, -69.734470309999949 ], [ -72.77179928299995, -69.649834893999923 ], [ -72.827219204999949, -69.619805596999925 ], [ -72.845529751999948, -69.58562590899993 ] ] ] } },
{ "type": "Feature", "properties": { "type": "land" }, "geometry": { "type": "Polygon", "coordinates": [ [ [ -61.746245897999927, -69.46453215899993 ], [ -61.735422329999949, -69.493259372999944 ], [ -61.802316860999952, -69.506605726999908 ], [ -61.796213344999899, -69.527439059999949 ], [ -61.886586066999939, -69.524183851999908 ], [ -61.919748501999948, -69.537774346999925 ], [ -61.876210089999915, -69.593357028999947 ], [ -61.945057745999918, -69.637465101999908 ], [ -61.918934699999909, -69.660902601999908 ], [ -61.958404100999928, -69.671319268999923 ], [ -61.959950324999909, -69.708428643999923 ], [ -62.013335740999935, -69.728773695999905 ], [ -62.095122850999928, -69.729668877999927 ], [ -62.128651495999918, -69.717950127999927 ], [ -62.120838995999918, -69.688897393999923 ], [ -62.199208136999914, -69.606133721999925 ], [ -62.178822394999941, -69.57350025799991 ], [ -62.198841925999943, -69.508070570999905 ], [ -62.311675584999932, -69.41570403399993 ], [ -62.468658006999931, -69.322523695999905 ], [ -62.579172329999949, -69.18914153399993 ], [ -62.53351803299995, -69.158786716999941 ], [ -62.463042772999927, -69.146416924999926 ], [ -62.37954667899993, -69.148614190999922 ], [ -62.19204667899993, -69.186211846999925 ], [ -62.093251105999911, -69.225681247999944 ], [ -62.017974412999934, -69.281996351999908 ], [ -61.819406704999949, -69.370293877999927 ], [ -61.830922003999945, -69.383965752999927 ], [ -61.821278449999909, -69.409274997999944 ], [ -61.746245897999927, -69.46453215899993 ] ] ] } },
{ "type": "Feature", "properties": { "type": "land" }, "geometry": { "type": "Polygon", "coordinates": [ [ [ -69.066273566999939, -67.659274997999944 ], [ -69.173695441999939, -67.566664320999905 ], [ -69.178334113999938, -67.525160414999903 ], [ -69.116444464999915, -67.430433851999908 ], [ -69.066070115999935, -67.387627862999921 ], [ -68.837473110999952, -67.266778252999927 ], [ -68.795318162999934, -67.230401299999926 ], [ -68.784169074999909, -67.201267184999949 ], [ -68.707020636999914, -67.109633070999905 ], [ -68.377837693999936, -66.820733330999929 ], [ -68.32095292899993, -66.789239190999922 ], [ -67.860463019999941, -66.625664971999925 ], [ -67.769683397999927, -66.619235934999949 ], [ -67.659413214999915, -66.648614190999922 ], [ -67.660227016999954, -66.670505466999941 ], [ -67.641957160999937, -66.683200778999947 ], [ -67.686675584999932, -66.718194268999923 ], [ -67.744211391999954, -66.73365650799991 ], [ -67.75218665299991, -66.739678643999923 ], [ -67.739369269999941, -66.752618096999925 ], [ -67.83421790299991, -66.782403252999927 ], [ -67.819162563999953, -66.801364841999941 ], [ -67.928700324999909, -66.815036716999941 ], [ -67.937570766999954, -66.847914320999905 ], [ -68.013254360999952, -66.90007903399993 ], [ -68.026234503999945, -66.940606377999927 ], [ -67.923247850999928, -66.997247002999927 ], [ -67.938710089999915, -67.028008721999925 ], [ -67.994211391999954, -67.039971612999921 ], [ -67.985422329999949, -67.062676690999922 ], [ -67.844634568999936, -67.074802341999941 ], [ -67.791981574999909, -67.094903252999927 ], [ -67.786773240999935, -67.113051039999903 ], [ -67.796986456999946, -67.125095309999949 ], [ -67.676828579999949, -67.148044528999947 ], [ -67.768544074999909, -67.190199476999908 ], [ -67.845692511999914, -67.198174737999921 ], [ -67.864898240999935, -67.238213799999926 ], [ -67.973988410999937, -67.254652601999908 ], [ -67.984771287999934, -67.298923434999949 ], [ -68.106556769999941, -67.317803643999923 ], [ -68.250965949999909, -67.369317315999922 ], [ -68.187652147999927, -67.384209893999923 ], [ -68.018788214999915, -67.383884372999944 ], [ -67.96515865799995, -67.394626559999949 ], [ -67.947661912999934, -67.428806247999944 ], [ -67.973784959999932, -67.46843840899993 ], [ -68.099680141999954, -67.54029713299991 ], [ -68.122710740999935, -67.568617445999905 ], [ -68.264149542999917, -67.52117278399993 ], [ -68.390004035999937, -67.549248955999929 ], [ -68.432362433999913, -67.57390715899993 ], [ -68.399769660999937, -67.593519789999903 ], [ -68.395822719999899, -67.625176690999922 ], [ -68.558583136999914, -67.74146900799991 ], [ -68.59203040299991, -67.740655205999929 ], [ -68.662993943999936, -67.71021900799991 ], [ -68.678578253999945, -67.717217705999929 ], [ -68.656117316999939, -67.723565362999921 ], [ -68.679269985999952, -67.735121351999908 ], [ -68.884592251999948, -67.762465101999908 ], [ -68.930897589999915, -67.737237237999921 ], [ -68.93187415299991, -67.697523695999905 ], [ -69.066273566999939, -67.659274997999944 ] ] ] } },
{ "type": "Feature", "properties": { "type": "land" }, "geometry": { "type": "Polygon", "coordinates": [ [ [ -62.920887824999909, -64.518731377999927 ], [ -62.829823370999918, -64.569756768999923 ], [ -63.056507941999939, -64.62078215899993 ], [ -63.091908331999946, -64.642836195999905 ], [ -63.17601477799991, -64.649183851999908 ], [ -63.201527472999942, -64.686130466999941 ], [ -63.351714647999927, -64.763604424999926 ], [ -63.396148240999935, -64.767673434999949 ], [ -63.410145636999914, -64.760837497999944 ], [ -63.410023566999939, -64.732598565999922 ], [ -63.44399980399993, -64.722588799999926 ], [ -63.558257615999935, -64.732191664999903 ], [ -63.572987433999913, -64.741306247999944 ], [ -63.508534308999913, -64.759860934999949 ], [ -63.57054602799991, -64.774509372999944 ], [ -63.65070553299995, -64.816501559999949 ], [ -63.665638800999943, -64.847751559999949 ], [ -63.682118292999917, -64.85320403399993 ], [ -63.748117641999954, -64.835056247999944 ], [ -63.762318488999938, -64.804620049999926 ], [ -63.804798956999946, -64.786879164999903 ], [ -64.029164191999939, -64.774509372999944 ], [ -64.129709438999953, -64.716403903999947 ], [ -64.282093878999945, -64.709893487999921 ], [ -64.30109615799995, -64.699883721999925 ], [ -64.295033331999946, -64.688409112999921 ], [ -64.250070766999954, -64.685804945999905 ], [ -64.226307745999918, -64.657810153999947 ], [ -64.196278449999909, -64.649021091999941 ], [ -64.187245245999918, -64.629327080999929 ], [ -64.19953365799995, -64.592054945999905 ], [ -64.085926886999914, -64.555596612999921 ], [ -63.902943488999938, -64.534763278999947 ], [ -63.855295376999948, -64.502862237999921 ], [ -63.936146613999938, -64.465752862999921 ], [ -63.930816209999932, -64.459405205999929 ], [ -63.856516079999949, -64.435642184999949 ], [ -63.720855272999927, -64.436211846999925 ], [ -63.657460089999915, -64.41765715899993 ], [ -63.681304490999935, -64.399834893999923 ], [ -63.638091600999928, -64.375583591999941 ], [ -63.639027472999942, -64.362725518999923 ], [ -63.690988735999952, -64.34929778399993 ], [ -63.659779425999943, -64.327325127999927 ], [ -63.554432745999918, -64.307224216999941 ], [ -63.549224412999934, -64.293715101999908 ], [ -63.574940558999913, -64.265232028999947 ], [ -63.360747850999928, -64.257582289999903 ], [ -63.360951300999943, -64.242852471999925 ], [ -63.342884894999941, -64.240004164999903 ], [ -63.263539191999939, -64.275811455999929 ], [ -63.179269985999952, -64.278497002999927 ], [ -63.153431769999941, -64.291599216999941 ], [ -63.150990363999938, -64.30828215899993 ], [ -63.192616339999915, -64.311130466999941 ], [ -63.155262824999909, -64.326348565999922 ], [ -63.302154100999928, -64.364027601999908 ], [ -63.319243943999936, -64.37664153399993 ], [ -63.266184048999946, -64.38054778399993 ], [ -63.319569464999915, -64.42310963299991 ], [ -63.359934048999946, -64.436211846999925 ], [ -63.303537563999953, -64.444919528999947 ], [ -63.189035610999952, -64.398370049999926 ], [ -63.111195441999939, -64.398044528999947 ], [ -63.242298956999946, -64.47820403399993 ], [ -63.089588995999918, -64.458591403999947 ], [ -63.105132615999935, -64.476820570999905 ], [ -63.298736131999931, -64.563571872999944 ], [ -63.270375128999945, -64.581231377999927 ], [ -63.115834113999938, -64.580661716999941 ], [ -63.129872199999909, -64.560723565999922 ], [ -63.014068162999934, -64.517185153999947 ], [ -62.995472785999937, -64.515883070999905 ], [ -63.015451626999948, -64.531833591999941 ], [ -62.975819464999915, -64.53639088299991 ], [ -62.920887824999909, -64.518731377999927 ] ] ] } },
{ "type": "Feature", "properties": { "type": "land" }, "geometry": { "type": "Polygon", "coordinates": [ [ [ -62.68976803299995, -64.498711846999925 ], [ -62.761097785999937, -64.499769789999903 ], [ -62.788482225999928, -64.483819268999923 ], [ -62.76195227799991, -64.468845309999949 ], [ -62.666371222999942, -64.472263278999947 ], [ -62.585601365999935, -64.453708591999941 ], [ -62.66079667899993, -64.431735934999949 ], [ -62.670969204999949, -64.396416924999926 ], [ -62.589833136999914, -64.357679945999905 ], [ -62.565500454999949, -64.318617445999905 ], [ -62.50999915299991, -64.289157809999949 ], [ -62.463775193999936, -64.236748955999929 ], [ -62.47134355399993, -64.212823174999926 ], [ -62.522857225999928, -64.20240650799991 ], [ -62.562489386999914, -64.17546965899993 ], [ -62.573882615999935, -64.152276299999926 ], [ -62.623402472999942, -64.13054778399993 ], [ -62.616688605999911, -64.117445570999905 ], [ -62.564442511999914, -64.115980726999908 ], [ -62.488107876999948, -64.088962497999944 ], [ -62.572092251999948, -64.05242278399993 ], [ -62.560129360999952, -64.045993747999944 ], [ -62.49640865799995, -64.032321872999944 ], [ -62.478179490999935, -64.014580987999921 ], [ -62.31468665299991, -64.016045830999929 ], [ -62.265370245999918, -64.03248463299991 ], [ -62.282826300999943, -64.079196872999944 ], [ -62.266916469999899, -64.09929778399993 ], [ -62.008941209999932, -64.141696872999944 ], [ -62.02603105399993, -64.155205987999921 ], [ -62.211496548999946, -64.178399346999925 ], [ -62.171864386999914, -64.193536065999922 ], [ -62.096058722999942, -64.192071221999925 ], [ -62.08031165299991, -64.210137627999927 ], [ -62.048980272999927, -64.214450778999947 ], [ -62.207508917999917, -64.300551039999903 ], [ -62.191029425999943, -64.328220309999949 ], [ -62.204335089999915, -64.356540622999944 ], [ -62.167469855999911, -64.362074476999908 ], [ -62.240630662999934, -64.393161716999941 ], [ -62.294300910999937, -64.383721612999921 ], [ -62.335804816999939, -64.394138278999947 ], [ -62.316151495999918, -64.414483330999929 ], [ -62.320912238999938, -64.426446221999925 ], [ -62.377756313999953, -64.463474216999941 ], [ -62.442005988999938, -64.466403903999947 ], [ -62.45531165299991, -64.488702080999929 ], [ -62.476673956999946, -64.495212497999944 ], [ -62.499908006999931, -64.465590101999908 ], [ -62.485422329999949, -64.457614841999941 ], [ -62.515736456999946, -64.45435963299991 ], [ -62.544341600999928, -64.46021900799991 ], [ -62.548451300999943, -64.494724216999941 ], [ -62.598500128999945, -64.523532809999949 ], [ -62.68976803299995, -64.498711846999925 ] ] ] } },
{ "type": "Feature", "properties": { "type": "land" }, "geometry": { "type": "Polygon", "coordinates": [ [ [ -55.126616990999935, -63.20867278399993 ], [ -55.052479620999918, -63.24537525799991 ], [ -55.042836066999939, -63.282972914999903 ], [ -55.063954230999911, -63.319268487999921 ], [ -55.109120245999918, -63.343682549999926 ], [ -55.172718878999945, -63.357598565999922 ], [ -55.311919725999928, -63.356866143999923 ], [ -55.485910610999952, -63.326918226999908 ], [ -55.62523352799991, -63.334161065999922 ], [ -55.791900193999936, -63.285577080999929 ], [ -55.775542772999927, -63.30982838299991 ], [ -55.791737433999913, -63.324965101999908 ], [ -55.901356574999909, -63.296644789999903 ], [ -55.946400519999941, -63.341241143999923 ], [ -55.99640865799995, -63.333916924999926 ], [ -56.094878709999932, -63.388767184999949 ], [ -56.242014126999948, -63.406670830999929 ], [ -56.355132615999935, -63.439711195999905 ], [ -56.450266079999949, -63.429294528999947 ], [ -56.493234829999949, -63.390394789999903 ], [ -56.553781704999949, -63.367282809999949 ], [ -56.54751542899993, -63.346368096999925 ], [ -56.425648566999939, -63.314629815999922 ], [ -56.477406378999945, -63.294040622999944 ], [ -56.431792772999927, -63.256280205999929 ], [ -56.369536912999934, -63.228122653999947 ], [ -56.245269334999932, -63.192071221999925 ], [ -55.974517381999931, -63.146905205999929 ], [ -55.723052537999934, -63.147556247999944 ], [ -55.575672980999911, -63.129082940999922 ], [ -55.477853969999956, -63.152520440999922 ], [ -55.534982876999948, -63.179131768999923 ], [ -55.443430141999954, -63.207777601999908 ], [ -55.384185350999928, -63.187269789999903 ], [ -55.126616990999935, -63.20867278399993 ] ] ] } },
{ "type": "Feature", "properties": { "type": "land" }, "geometry": { "type": "Polygon", "coordinates": [ [ [ -61.137440558999913, -62.638929945999905 ], [ -61.141753709999932, -62.619073174999926 ], [ -61.194488084999932, -62.593682549999926 ], [ -61.150868292999917, -62.584649346999925 ], [ -60.962310350999928, -62.611586195999905 ], [ -60.823801235999952, -62.575778903999947 ], [ -60.810129360999952, -62.561455987999921 ], [ -60.815256313999953, -62.551690362999921 ], [ -60.846669074999909, -62.533135674999926 ], [ -60.802072719999899, -62.486423434999949 ], [ -60.801828579999949, -62.468926690999922 ], [ -60.710316535999937, -62.499769789999903 ], [ -60.705148891999954, -62.523207289999903 ], [ -60.641753709999932, -62.564222914999903 ], [ -60.491078253999945, -62.577080987999921 ], [ -60.45181230399993, -62.569105726999908 ], [ -60.432118292999917, -62.549248955999929 ], [ -60.329701300999943, -62.549981377999927 ], [ -60.229969855999911, -62.526462497999944 ], [ -60.129465298999946, -62.460056247999944 ], [ -60.010853644999941, -62.525648695999905 ], [ -60.079579230999911, -62.563653252999927 ], [ -60.045765753999945, -62.615329684999949 ], [ -60.024525519999941, -62.627048434999949 ], [ -59.80296790299991, -62.611260674999926 ], [ -60.146066860999952, -62.727227471999925 ], [ -60.290598110999952, -62.757582289999903 ], [ -60.337473110999952, -62.736097914999903 ], [ -60.298247850999928, -62.681898695999905 ], [ -60.332386847999942, -62.678155205999929 ], [ -60.433664516999954, -62.716241143999923 ], [ -60.400746222999942, -62.66725025799991 ], [ -60.323597785999937, -62.628513278999947 ], [ -60.37922115799995, -62.610121351999908 ], [ -60.599598761999914, -62.640394789999903 ], [ -60.710316535999937, -62.614027601999908 ], [ -60.744699673999946, -62.621840101999908 ], [ -60.771555141999954, -62.657403252999927 ], [ -60.811756964999915, -62.671970309999949 ], [ -61.056223110999952, -62.68287525799991 ], [ -61.16038977799991, -62.66334400799991 ], [ -61.137440558999913, -62.638929945999905 ] ] ] } },
{ "type": "Feature", "properties": { "type": "land" }, "geometry": { "type": "Polygon", "coordinates": [ [ [ -58.466908331999946, -62.160414320999905 ], [ -58.447377081999946, -62.20476653399993 ], [ -58.467518683999913, -62.215508721999925 ], [ -58.58462480399993, -62.248955987999921 ], [ -58.622547980999911, -62.247979424999926 ], [ -58.633371548999946, -62.227146091999941 ], [ -58.745716925999943, -62.236911716999941 ], [ -58.783111131999931, -62.225030205999929 ], [ -58.74087480399993, -62.210056247999944 ], [ -58.798003709999932, -62.197849216999941 ], [ -58.794056769999941, -62.178887627999927 ], [ -58.807362433999913, -62.170179945999905 ], [ -58.942005988999938, -62.193129164999903 ], [ -58.959868943999936, -62.21062590899993 ], [ -58.949126756999931, -62.225681247999944 ], [ -59.010731574999909, -62.219659112999921 ], [ -58.946034308999913, -62.158786716999941 ], [ -58.712798631999931, -62.052666924999926 ], [ -58.699086066999939, -62.012383721999925 ], [ -58.465321417999917, -61.96648528399993 ], [ -58.414051886999914, -61.93328215899993 ], [ -58.224436001999948, -61.96021900799991 ], [ -58.007883266999954, -61.904473565999922 ], [ -57.890248175999943, -61.938409112999921 ], [ -57.835804816999939, -61.941989841999941 ], [ -57.669911261999914, -61.913506768999923 ], [ -57.645659959999932, -61.937595309999949 ], [ -57.684966600999928, -61.971449476999908 ], [ -57.678578253999945, -61.980889580999929 ], [ -57.589833136999914, -62.025485934999949 ], [ -57.788441535999937, -62.008721612999921 ], [ -57.954009568999936, -62.078057549999926 ], [ -58.155262824999909, -62.058526299999926 ], [ -58.168039516999954, -62.063897393999923 ], [ -58.18586178299995, -62.111911716999941 ], [ -58.169992641999954, -62.128350518999923 ], [ -58.123158331999946, -62.140069268999923 ], [ -58.163075324999909, -62.167575778999947 ], [ -58.24282792899993, -62.181573174999926 ], [ -58.291900193999936, -62.175388278999947 ], [ -58.379017706999946, -62.106052341999941 ], [ -58.313343878999945, -62.100355726999908 ], [ -58.279204881999931, -62.082614841999941 ], [ -58.306548631999931, -62.074639580999929 ], [ -58.404408331999946, -62.084405205999929 ], [ -58.476185675999943, -62.070407809999949 ], [ -58.508900519999941, -62.080987237999921 ], [ -58.467762824999909, -62.098402601999908 ], [ -58.481841600999928, -62.127373955999929 ], [ -58.633941209999932, -62.177911065999922 ], [ -58.550160285999937, -62.181735934999949 ], [ -58.466908331999946, -62.160414320999905 ] ] ] } },
{ "type": "Feature", "properties": { "type": "land" }, "geometry": { "type": "Polygon", "coordinates": [ [ [ -160.571115688999924, -81.59889088299991 ], [ -163.728505011999914, -81.481622002999927 ], [ -163.753163214999915, -81.470472914999903 ], [ -163.658192511999914, -81.461602471999925 ], [ -163.948841925999915, -81.418877862999921 ], [ -163.990061001999919, -81.403497002999927 ], [ -163.949208136999914, -81.378350518999923 ], [ -163.922678188999924, -81.343357028999947 ], [ -163.851185675999915, -81.318942966999941 ], [ -162.983876105999911, -81.270277601999908 ], [ -160.675729946999923, -81.462823174999926 ], [ -160.628529425999915, -81.496758721999925 ], [ -160.685129360999923, -81.514743747999944 ], [ -160.413889126999919, -81.573663018999923 ], [ -160.445383266999926, -81.590508721999925 ], [ -160.571115688999924, -81.59889088299991 ] ] ] } },
{ "type": "Feature", "properties": { "type": "land" }, "geometry": { "type": "Polygon", "coordinates": [ [ [ -29.679798956999946, -79.927992445999905 ], [ -29.861724412999934, -79.919040622999944 ], [ -29.923695441999939, -79.869805596999925 ], [ -30.008900519999941, -79.853610934999949 ], [ -30.095448370999918, -79.856215101999908 ], [ -30.252349412999934, -79.886163018999923 ], [ -30.145904100999928, -79.931084893999923 ], [ -30.021962042999917, -79.943454684999949 ], [ -29.989084438999953, -79.965590101999908 ], [ -30.184722459999932, -80.004978122999944 ], [ -30.366444464999915, -80.017754815999922 ], [ -30.425526495999918, -80.010918877999927 ], [ -30.471669074999909, -79.988702080999929 ], [ -30.27798417899993, -79.97584400799991 ], [ -30.48265540299991, -79.94500090899993 ], [ -30.529204881999931, -79.902601820999905 ], [ -30.63117428299995, -79.906426690999922 ], [ -30.652495897999927, -79.916924737999921 ], [ -30.632435675999943, -79.938897393999923 ], [ -30.678944464999915, -79.95631275799991 ], [ -30.887684699999909, -79.925551039999903 ], [ -31.541737433999913, -79.898532809999949 ], [ -31.872425910999937, -79.847100518999923 ], [ -31.718902147999927, -79.809502862999921 ], [ -31.809681769999941, -79.800957940999922 ], [ -31.998199022999927, -79.820245049999926 ], [ -32.089466925999943, -79.809258721999925 ], [ -31.878773566999939, -79.754489841999941 ], [ -31.939320441999939, -79.743747653999947 ], [ -31.998036261999914, -79.713962497999944 ], [ -32.161773240999935, -79.709649346999925 ], [ -31.967762824999909, -79.690118096999925 ], [ -32.077259894999941, -79.666599216999941 ], [ -32.024403449999909, -79.64967213299991 ], [ -31.787709113999938, -79.630791924999926 ], [ -31.64476477799991, -79.636895440999922 ], [ -31.443959113999938, -79.708591403999947 ], [ -31.189279751999948, -79.765720309999949 ], [ -31.095448370999918, -79.810723565999922 ], [ -30.654123501999948, -79.846123955999929 ], [ -30.492298956999946, -79.841892184999949 ], [ -30.357899542999917, -79.855401299999926 ], [ -30.225575324999909, -79.837497653999947 ], [ -30.820179816999939, -79.748304945999905 ], [ -30.928944464999915, -79.684258721999925 ], [ -30.843373175999943, -79.652520440999922 ], [ -30.797352667999917, -79.65007903399993 ], [ -30.754872199999909, -79.660332940999922 ], [ -30.707020636999914, -79.711602471999925 ], [ -30.647084113999938, -79.739678643999923 ], [ -29.906239386999914, -79.815036716999941 ], [ -29.765126105999911, -79.851983330999929 ], [ -29.612863735999952, -79.910251559999949 ], [ -29.679798956999946, -79.927992445999905 ] ] ] } },
{ "type": "Feature", "properties": { "type": "land" }, "geometry": { "type": "Polygon", "coordinates": [ [ [ -149.83735104099992, -77.123142184999949 ], [ -149.795399542999917, -77.104424737999921 ], [ -150.421579555999926, -77.089776299999926 ], [ -150.58263098899991, -77.037367445999905 ], [ -150.78266354099992, -77.006931247999944 ], [ -150.801136847999913, -76.990004164999903 ], [ -150.782541469999927, -76.970798434999949 ], [ -150.646229620999918, -76.942478122999944 ], [ -150.419016079999921, -76.922051690999922 ], [ -150.47484290299991, -76.890801690999922 ], [ -150.39476477799991, -76.877536716999941 ], [ -150.392933722999913, -76.907159112999921 ], [ -149.962595180999926, -76.870700778999947 ], [ -149.840036587999919, -76.878024997999944 ], [ -149.773264126999919, -76.894301039999903 ], [ -149.758656378999916, -76.925388278999947 ], [ -149.694650844999927, -76.936211846999925 ], [ -149.442860480999911, -77.024997653999947 ], [ -149.456857876999919, -77.042413018999923 ], [ -149.424875454999921, -77.062269789999903 ], [ -149.444813605999911, -77.078220309999949 ], [ -149.33149166599992, -77.085137627999927 ], [ -149.224354620999918, -77.118096612999921 ], [ -149.30805416599992, -77.139580987999921 ], [ -149.83735104099992, -77.123142184999949 ] ] ] } },
{ "type": "Feature", "properties": { "type": "land" }, "geometry": { "type": "Polygon", "coordinates": [ [ [ -130.920480923999946, -74.444268487999921 ], [ -130.952300584999932, -74.458916924999926 ], [ -130.956654425999943, -74.513767184999949 ], [ -130.978016730999911, -74.523695570999905 ], [ -130.972727016999897, -74.53248463299991 ], [ -131.080881313999896, -74.582207940999922 ], [ -131.088246222999942, -74.599053643999923 ], [ -131.205922003999945, -74.60711028399993 ], [ -131.728667772999927, -74.537286065999922 ], [ -131.846058722999942, -74.554294528999947 ], [ -131.908070441999939, -74.517510674999926 ], [ -132.082753058999913, -74.491143487999921 ], [ -132.012074347999942, -74.465427341999941 ], [ -132.181263800999943, -74.423760674999926 ], [ -132.016753709999932, -74.381524346999925 ], [ -131.981678839999915, -74.359551690999922 ], [ -131.806263800999943, -74.32195403399993 ], [ -131.683705206999946, -74.320489190999922 ], [ -131.632313605999911, -74.333754164999903 ], [ -131.564116990999935, -74.331231377999927 ], [ -131.612375454999892, -74.34889088299991 ], [ -131.553212042999917, -74.375095309999949 ], [ -131.127552863999938, -74.427911065999922 ], [ -130.983754035999937, -74.410821221999925 ], [ -130.959543423999946, -74.416599216999941 ], [ -130.95181230399993, -74.434340101999908 ], [ -130.920480923999946, -74.444268487999921 ] ] ] } },
{ "type": "Feature", "properties": { "type": "land" }, "geometry": { "type": "Polygon", "coordinates": [ [ [ -127.129017706999946, -74.476657809999949 ], [ -127.233957485999895, -74.53093840899993 ], [ -127.173817511999914, -74.554294528999947 ], [ -127.215931769999941, -74.588148695999905 ], [ -127.415882941999939, -74.635511976999908 ], [ -127.551747199999909, -74.643649997999944 ], [ -127.905629035999937, -74.552992445999905 ], [ -127.898508266999897, -74.527601820999905 ], [ -127.995228644999941, -74.487725518999923 ], [ -128.088246222999942, -74.488539320999905 ], [ -128.109120245999918, -74.47779713299991 ], [ -128.065907355999911, -74.462334893999923 ], [ -128.069243943999936, -74.45045338299991 ], [ -128.110707160999937, -74.425551039999903 ], [ -128.098744269999941, -74.412041924999926 ], [ -128.108998175999943, -74.404473565999922 ], [ -128.139271613999938, -74.40203215899993 ], [ -128.132883266999897, -74.388441664999903 ], [ -128.189198370999918, -74.31609465899993 ], [ -128.137847459999932, -74.303480726999908 ], [ -127.75804602799991, -74.342705987999921 ], [ -127.504017706999946, -74.404717705999929 ], [ -127.337961391999897, -74.404554945999905 ], [ -127.235991990999935, -74.423435153999947 ], [ -127.200591600999928, -74.45045338299991 ], [ -127.137196417999917, -74.458184502999927 ], [ -127.129017706999946, -74.476657809999949 ] ] ] } },
{ "type": "Feature", "properties": { "type": "land" }, "geometry": { "type": "Polygon", "coordinates": [ [ [ -116.198109503999945, -73.938409112999921 ], [ -116.334950324999909, -73.973565362999921 ], [ -116.490305141999897, -74.033786716999941 ], [ -116.649647589999915, -74.065606377999927 ], [ -116.485747850999928, -74.081475518999923 ], [ -116.599354620999918, -74.141778252999927 ], [ -116.785064256999931, -74.174248955999929 ], [ -117.196400519999941, -74.200290622999944 ], [ -117.332183397999927, -74.174411716999941 ], [ -117.400257941999939, -74.13250090899993 ], [ -117.392730272999927, -74.096286716999941 ], [ -117.371083136999914, -74.07976653399993 ], [ -116.403391079999892, -73.867282809999949 ], [ -116.315174933999913, -73.864841403999947 ], [ -116.140695766999897, -73.902520440999922 ], [ -116.198109503999945, -73.938409112999921 ] ] ] } },
{ "type": "Feature", "properties": { "type": "land" }, "geometry": { "type": "Polygon", "coordinates": [ [ [ -2.61156165299991, -70.840915622999944 ], [ -2.298451300999943, -70.792738539999903 ], [ -2.08071855399993, -70.825616143999923 ], [ -2.131825324999909, -70.866794528999947 ], [ -2.250884568999936, -70.919691664999903 ], [ -2.290598110999952, -70.96843840899993 ], [ -2.303863084999932, -71.016371351999908 ], [ -2.564320441999939, -71.132582289999903 ], [ -2.734486456999946, -71.170993747999944 ], [ -2.799956834999932, -71.167738539999903 ], [ -2.843617316999939, -71.112074476999908 ], [ -2.840891079999949, -71.080010674999926 ], [ -2.862172003999945, -71.053480726999908 ], [ -2.843617316999939, -71.055596612999921 ], [ -2.752756313999953, -71.011325778999947 ], [ -2.667307094999956, -70.993747653999947 ], [ -2.984974738999938, -70.935804945999905 ], [ -2.963286912999934, -70.93328215899993 ], [ -2.942779100999928, -70.899509372999944 ], [ -2.948597785999937, -70.879082940999922 ], [ -2.987294074999909, -70.856052341999941 ], [ -3.18773352799991, -70.824639580999929 ], [ -3.440337693999936, -70.751885674999926 ], [ -3.585560675999943, -70.738376559999949 ], [ -3.571034308999913, -70.692803643999923 ], [ -3.52570553299995, -70.681573174999926 ], [ -3.410715298999946, -70.692478122999944 ], [ -3.180775519999941, -70.668064059999949 ], [ -2.618072068999936, -70.697686455999929 ], [ -2.504628058999913, -70.731540622999944 ], [ -2.568267381999931, -70.757582289999903 ], [ -2.734364386999914, -70.792413018999923 ], [ -2.717681443999936, -70.820082289999903 ], [ -2.61156165299991, -70.840915622999944 ] ] ] } },
{ "type": "Feature", "properties": { "type": "land" }, "geometry": { "type": "Polygon", "coordinates": [ [ [ 26.817230665000068, -70.276543877999927 ], [ 26.86695397200009, -70.304782809999949 ], [ 26.881683790000068, -70.33131275799991 ], [ 26.839854363000086, -70.412041924999926 ], [ 26.817881707000083, -70.424086195999905 ], [ 26.73764082100007, -70.428155205999929 ], [ 26.623301629000082, -70.411228122999944 ], [ 26.457774285000085, -70.450127862999921 ], [ 26.057302280000044, -70.391045830999929 ], [ 25.98804772200009, -70.368259372999944 ], [ 25.912282748000052, -70.284926039999903 ], [ 25.939626498000052, -70.26295338299991 ], [ 25.940928582000083, -70.234551690999922 ], [ 25.96029707100007, -70.211114190999922 ], [ 26.115082227000073, -70.153090101999908 ], [ 26.221934441000087, -70.094414971999925 ], [ 26.327403191000087, -70.066582940999922 ], [ 26.458262566000087, -70.059991143999923 ], [ 26.589691602000073, -70.074802341999941 ], [ 26.673106316000087, -70.102634372999944 ], [ 26.706065300000091, -70.129652601999908 ], [ 26.737478061000047, -70.18718840899993 ], [ 26.817230665000068, -70.276543877999927 ] ] ] } },
{ "type": "Feature", "properties": { "type": "land" }, "geometry": { "type": "Polygon", "coordinates": [ [ [ 16.55209394600007, -69.71803150799991 ], [ 16.637217644000089, -69.742852471999925 ], [ 16.590179884000065, -69.77662525799991 ], [ 16.330414259000065, -69.828871351999908 ], [ 16.28874759200005, -69.849867445999905 ], [ 16.247243686000047, -69.897881768999923 ], [ 16.252207879000082, -69.963636976999908 ], [ 16.17156009200005, -70.072930596999925 ], [ 16.122243686000047, -70.07350025799991 ], [ 15.897227410000085, -69.989353122999944 ], [ 15.688243035000085, -69.964043877999927 ], [ 15.589121941000087, -69.932061455999929 ], [ 15.554942254000082, -69.87273528399993 ], [ 15.630707227000073, -69.805108330999929 ], [ 15.721853061000047, -69.763929945999905 ], [ 15.972178582000083, -69.717950127999927 ], [ 16.246836785000085, -69.705987237999921 ], [ 16.55209394600007, -69.71803150799991 ] ] ] } },
{ "type": "Feature", "properties": { "type": "land" }, "geometry": { "type": "Polygon", "coordinates": [ [ [ 100.729665561000047, -65.380466403999947 ], [ 100.934580925000034, -65.378676039999903 ], [ 101.126719597000033, -65.411879164999903 ], [ 101.251800977000073, -65.493747653999947 ], [ 101.26140384200005, -65.54029713299991 ], [ 101.230723504000082, -65.573988539999903 ], [ 100.967051629000082, -65.68287525799991 ], [ 100.55787194100003, -65.704034112999921 ], [ 100.513926629000082, -65.697198174999926 ], [ 100.53842207100007, -65.686130466999941 ], [ 100.503672722000033, -65.67310963299991 ], [ 100.329844597000033, -65.673435153999947 ], [ 100.276215040000068, -65.633070570999905 ], [ 100.268239780000044, -65.594659112999921 ], [ 100.303721550000034, -65.536065362999921 ], [ 100.385101759000065, -65.478610934999949 ], [ 100.565928582000026, -65.403008721999925 ], [ 100.729665561000047, -65.380466403999947 ] ] ] } },
{ "type": "Feature", "properties": { "type": "land" }, "geometry": { "type": "Polygon", "coordinates": [ [ [ -59.280384894999941, -80.215427341999941 ], [ -59.379383917999917, -80.202080987999921 ], [ -59.592640753999945, -80.213962497999944 ], [ -59.622629360999952, -80.259698174999926 ], [ -59.591786261999914, -80.266534112999921 ], [ -59.574574347999942, -80.285821221999925 ], [ -59.637318488999938, -80.284600518999923 ], [ -59.699696417999917, -80.330661716999941 ], [ -59.757435675999943, -80.335707289999903 ], [ -59.785227016999954, -80.379164320999905 ], [ -59.784087693999936, -80.398207289999903 ], [ -59.730865037999934, -80.414157809999949 ], [ -59.792591925999943, -80.42937590899993 ], [ -59.80882727799991, -80.494561455999929 ], [ -59.846831834999932, -80.528252862999921 ], [ -59.681548631999931, -80.515069268999923 ], [ -59.652211066999939, -80.497165622999944 ], [ -59.666737433999913, -80.484795830999929 ], [ -59.626332160999937, -80.476983330999929 ], [ -59.541859503999945, -80.493096612999921 ], [ -59.466542120999918, -80.490899346999925 ], [ -59.503895636999914, -80.529473565999922 ], [ -59.564361131999931, -80.541599216999941 ], [ -59.610585089999915, -80.527601820999905 ], [ -59.647206183999913, -80.55046965899993 ], [ -59.741322394999941, -80.576267184999949 ], [ -59.859242316999939, -80.59498463299991 ], [ -59.884266730999911, -80.645928643999923 ], [ -59.793812628999945, -80.655694268999923 ], [ -59.714995897999927, -80.641208591999941 ], [ -59.665923631999931, -80.646416924999926 ], [ -59.755604620999918, -80.69459400799991 ], [ -59.81899980399993, -80.744886976999908 ], [ -60.361398891999954, -80.916110934999949 ], [ -60.65265865799995, -80.960381768999923 ], [ -62.522084113999938, -80.86492278399993 ], [ -62.958485480999911, -80.775323174999926 ], [ -62.983631964999915, -80.759698174999926 ], [ -62.988107876999948, -80.736993096999925 ], [ -62.96507727799991, -80.709161065999922 ], [ -62.973622199999909, -80.696872653999947 ], [ -63.051625128999945, -80.668633721999925 ], [ -63.071848110999952, -80.614678643999923 ], [ -63.141102667999917, -80.592461846999925 ], [ -63.792347785999937, -80.606133721999925 ], [ -63.878000454999949, -80.645196221999925 ], [ -64.127512173999946, -80.65357838299991 ], [ -64.165638800999943, -80.664808851999908 ], [ -64.142201300999943, -80.678399346999925 ], [ -64.177316860999952, -80.696465752999927 ], [ -64.17609615799995, -80.733168226999908 ], [ -64.284779425999943, -80.751153252999927 ], [ -66.700917120999918, -80.412367445999905 ], [ -66.758859829999949, -80.389092705999929 ], [ -66.804758266999954, -80.328545830999929 ], [ -66.769113735999952, -80.289727471999925 ], [ -66.576649542999917, -80.227308851999908 ], [ -66.330962693999936, -80.219170830999929 ], [ -66.266224738999938, -80.212497653999947 ], [ -66.270090298999946, -80.199883721999925 ], [ -66.239898240999935, -80.194431247999944 ], [ -66.167225714999915, -80.218194268999923 ], [ -66.211781378999945, -80.249932549999926 ], [ -66.189320441999939, -80.272556247999944 ], [ -66.22883053299995, -80.31959400799991 ], [ -66.203480597999942, -80.343682549999926 ], [ -65.918446417999917, -80.394952080999929 ], [ -61.750355597999942, -80.368340752999927 ], [ -61.222564256999931, -80.27312590899993 ], [ -61.184559699999909, -80.252618096999925 ], [ -61.51585852799991, -80.24187590899993 ], [ -61.576771613999938, -80.203545830999929 ], [ -61.658070441999939, -80.179457289999903 ], [ -61.650135870999918, -80.143649997999944 ], [ -61.706450975999928, -80.124932549999926 ], [ -61.736073370999918, -80.091566664999903 ], [ -61.807850714999915, -80.057549737999921 ], [ -61.780100063999953, -80.042413018999923 ], [ -61.65884355399993, -80.038018487999921 ], [ -61.700754360999952, -80.015394789999903 ], [ -61.290516730999911, -80.01490650799991 ], [ -61.235585089999915, -79.979668877999927 ], [ -61.308705206999946, -79.945896091999941 ], [ -61.522694464999915, -79.892998955999929 ], [ -61.466053839999915, -79.881605726999908 ], [ -61.120757615999935, -79.873467705999929 ], [ -61.094838019999941, -79.832452080999929 ], [ -61.026926235999952, -79.806084893999923 ], [ -60.076649542999917, -79.656019789999903 ], [ -60.040760870999918, -79.660088799999926 ], [ -60.07445227799991, -79.694105726999908 ], [ -60.48656165299991, -79.737725518999923 ], [ -60.403146938999953, -79.757256768999923 ], [ -59.79914303299995, -79.774346612999921 ], [ -59.853627081999946, -79.817152601999908 ], [ -59.818104620999918, -79.826348565999922 ], [ -59.749989386999914, -79.818129164999903 ], [ -59.656402147999927, -79.850355726999908 ], [ -59.783192511999914, -79.83367278399993 ], [ -59.854400193999936, -79.83757903399993 ], [ -59.884836391999954, -79.858819268999923 ], [ -59.874419725999928, -79.876397393999923 ], [ -59.883168097999942, -79.883965752999927 ], [ -59.862782355999911, -79.903252862999921 ], [ -59.826568162999934, -79.906833591999941 ], [ -59.730946417999917, -79.88404713299991 ], [ -59.655181443999936, -79.890720309999949 ], [ -59.625559048999946, -79.906345309999949 ], [ -59.732167120999918, -79.91375090899993 ], [ -59.677601691999939, -79.957207940999922 ], [ -59.71939042899993, -79.960056247999944 ], [ -59.774037238999938, -79.936455987999921 ], [ -59.846669074999909, -79.943617445999905 ], [ -59.862700975999928, -79.968194268999923 ], [ -59.77993730399993, -80.033298434999949 ], [ -59.784331834999932, -80.057793877999927 ], [ -59.961333787999934, -80.083916924999926 ], [ -59.897938605999911, -80.115817966999941 ], [ -59.519886847999942, -80.111911716999941 ], [ -59.421620245999918, -80.136163018999923 ], [ -59.479969855999911, -80.169528903999947 ], [ -59.349476691999939, -80.161716403999947 ], [ -59.327951626999948, -80.178317966999941 ], [ -59.286366339999915, -80.179457289999903 ], [ -59.298736131999931, -80.195489190999922 ], [ -59.280384894999941, -80.215427341999941 ] ] ] } },
{ "type": "Feature", "properties": { "type": "land" }, "geometry": { "type": "Polygon", "coordinates": [ [ [ -95.428863084999932, -72.334242445999905 ], [ -95.437408006999931, -72.355238539999903 ], [ -95.515492316999939, -72.40203215899993 ], [ -95.755279100999928, -72.437758070999905 ], [ -96.022572394999941, -72.436455987999921 ], [ -96.096791144999941, -72.461114190999922 ], [ -96.051747199999909, -72.455661716999941 ], [ -95.990630662999934, -72.470310153999947 ], [ -95.944406704999949, -72.501560153999947 ], [ -95.943918423999946, -72.54615650799991 ], [ -95.987945115999935, -72.574314059999949 ], [ -96.054758266999897, -72.58367278399993 ], [ -96.604318813999896, -72.560804945999905 ], [ -96.714833136999914, -72.517022393999923 ], [ -96.773345506999931, -72.540459893999923 ], [ -96.787505662999934, -72.566501559999949 ], [ -96.936105923999946, -72.580173434999949 ], [ -97.126047329999949, -72.561211846999925 ], [ -97.259022589999915, -72.50709400799991 ], [ -97.599354620999918, -72.557224216999941 ], [ -98.580148891999897, -72.572849216999941 ], [ -98.673003709999932, -72.542168877999927 ], [ -98.624379035999937, -72.529717705999929 ], [ -98.53547115799995, -72.46412525799991 ], [ -99.396555141999897, -72.498223565999922 ], [ -99.468088344999899, -72.461358330999929 ], [ -99.401275193999936, -72.427829684999949 ], [ -99.251047329999949, -72.409763278999947 ], [ -99.186431443999936, -72.375420830999929 ], [ -99.764637824999909, -72.373467705999929 ], [ -99.891957160999937, -72.332696221999925 ], [ -100.20531165299991, -72.271254164999903 ], [ -100.37718665299991, -72.28484465899993 ], [ -100.415760870999918, -72.259535414999903 ], [ -101.609242316999939, -72.18873463299991 ], [ -101.725209113999938, -72.163018487999921 ], [ -101.967274542999917, -72.193291924999926 ], [ -102.182606574999909, -72.164971612999921 ], [ -102.292225714999915, -72.126722914999903 ], [ -102.323719855999911, -72.064060153999947 ], [ -102.273589647999927, -72.017836195999905 ], [ -102.087025519999941, -71.97389088299991 ], [ -100.437367316999939, -71.879327080999929 ], [ -100.239898240999935, -71.825778903999947 ], [ -100.132557745999918, -71.821872653999947 ], [ -100.028797980999911, -71.842705987999921 ], [ -99.944406704999949, -71.89381275799991 ], [ -99.993275519999941, -71.932793877999927 ], [ -100.321644660999937, -71.954685153999947 ], [ -100.391468878999945, -71.967461846999925 ], [ -100.451975063999896, -71.998304945999905 ], [ -100.023589647999927, -71.972751559999949 ], [ -99.945383266999897, -71.978610934999949 ], [ -99.868316209999932, -71.996270440999922 ], [ -99.902699347999942, -72.030043226999908 ], [ -99.895375128999945, -72.046075127999927 ], [ -99.861154751999948, -72.049411716999941 ], [ -99.717600063999896, -72.032321872999944 ], [ -99.596831834999932, -71.93873463299991 ], [ -99.499012824999909, -71.930433851999908 ], [ -99.401356574999909, -71.943291924999926 ], [ -99.204701300999943, -71.997491143999923 ], [ -99.000396287999934, -72.083916924999926 ], [ -98.685536261999914, -72.107354424999926 ], [ -98.634022589999915, -72.098077080999929 ], [ -98.78547115799995, -72.002373955999929 ], [ -98.959706183999913, -71.969821872999944 ], [ -99.15257727799991, -71.916192315999922 ], [ -99.089711066999939, -71.871189059999949 ], [ -98.970285610999895, -71.838636976999908 ], [ -98.856271938999896, -71.765232028999947 ], [ -98.531646287999934, -71.756768487999921 ], [ -97.982411261999914, -71.859633070999905 ], [ -98.040191209999932, -71.915622653999947 ], [ -98.115223761999914, -71.94654713299991 ], [ -98.290882941999939, -71.974216403999947 ], [ -98.228627081999946, -72.045017184999949 ], [ -98.28148352799991, -72.079196872999944 ], [ -98.308745897999927, -72.128676039999903 ], [ -98.352609829999949, -72.156426690999922 ], [ -98.273548956999946, -72.149509372999944 ], [ -98.162505662999934, -72.093194268999923 ], [ -98.069081183999913, -72.078220309999949 ], [ -97.852528449999909, -72.116957289999903 ], [ -97.951975063999896, -72.163995049999926 ], [ -97.825591600999928, -72.16179778399993 ], [ -97.76431230399993, -72.142510674999926 ], [ -97.753732876999948, -72.094008070999905 ], [ -97.773060675999943, -72.071384372999944 ], [ -97.854237433999913, -72.05006275799991 ], [ -97.86392167899993, -72.020440362999921 ], [ -97.828846808999913, -71.933363539999903 ], [ -97.892079230999911, -71.910739841999941 ], [ -97.739735480999911, -71.883396091999941 ], [ -97.602772589999915, -71.888116143999923 ], [ -97.472320115999935, -71.907972914999903 ], [ -97.622670050999943, -71.95045338299991 ], [ -97.407866990999935, -71.986586195999905 ], [ -97.364979620999918, -71.979913018999923 ], [ -97.412505662999934, -72.034600518999923 ], [ -97.618316209999932, -72.096123955999929 ], [ -97.58812415299991, -72.106215101999908 ], [ -97.530588344999899, -72.15943775799991 ], [ -97.473255988999938, -72.191176039999903 ], [ -97.394113735999895, -72.208428643999923 ], [ -97.305653449999909, -72.176853122999944 ], [ -97.223133917999917, -72.120293877999927 ], [ -97.137074347999942, -72.03289153399993 ], [ -97.048207160999937, -71.876397393999923 ], [ -96.990101691999939, -71.84734465899993 ], [ -96.856516079999949, -71.833591403999947 ], [ -96.736236131999931, -71.860935153999947 ], [ -96.360463019999941, -71.835056247999944 ], [ -96.208811001999948, -71.86060963299991 ], [ -96.065337693999936, -71.913832289999903 ], [ -96.115061001999948, -71.99578215899993 ], [ -96.139475063999896, -72.013604424999926 ], [ -96.200266079999949, -72.023695570999905 ], [ -96.422840949999909, -72.004571221999925 ], [ -96.509592251999948, -72.013767184999949 ], [ -96.382150844999899, -72.056898695999905 ], [ -96.498931443999936, -72.091973565999922 ], [ -96.620106574999909, -72.106622002999927 ], [ -96.999989386999914, -72.214288018999923 ], [ -96.916005011999914, -72.249118747999944 ], [ -96.820708787999934, -72.265394789999903 ], [ -96.723784959999932, -72.264092705999929 ], [ -96.441273566999939, -72.193454684999949 ], [ -95.953277147999927, -72.14381275799991 ], [ -95.737172003999945, -72.05632903399993 ], [ -95.658111131999931, -72.047621351999908 ], [ -95.593169725999928, -72.076836846999925 ], [ -95.689361131999931, -72.093357028999947 ], [ -95.719105597999942, -72.103285414999903 ], [ -95.502919074999909, -72.15162525799991 ], [ -95.541005011999914, -72.176853122999944 ], [ -95.640980597999942, -72.206638278999947 ], [ -96.231597459999932, -72.234144789999903 ], [ -96.33617102799991, -72.25514088299991 ], [ -96.415760870999918, -72.289808851999908 ], [ -96.349191860999895, -72.295668226999908 ], [ -95.976185675999943, -72.259209893999923 ], [ -95.921986456999946, -72.277439059999949 ], [ -95.863270636999914, -72.317803643999923 ], [ -95.810373501999948, -72.33171965899993 ], [ -95.555653449999909, -72.312676690999922 ], [ -95.428863084999932, -72.334242445999905 ] ] ] } },
{ "type": "Feature", "properties": { "type": "land" }, "geometry": { "type": "Polygon", "coordinates": [ [ [ -71.460072394999941, -72.629164320999905 ], [ -72.408273891999897, -72.674493096999925 ], [ -72.514759894999941, -72.639336846999925 ], [ -72.486805792999917, -72.590264580999929 ], [ -72.432118292999917, -72.553480726999908 ], [ -72.546213344999899, -72.56178150799991 ], [ -72.681263800999943, -72.606133721999925 ], [ -72.799712693999936, -72.594170830999929 ], [ -73.109242316999939, -72.473402601999908 ], [ -73.164173956999946, -72.431247653999947 ], [ -73.091623501999948, -72.383396091999941 ], [ -72.819569464999915, -72.292168877999927 ], [ -72.676747199999909, -72.271254164999903 ], [ -72.453928188999953, -72.276950778999947 ], [ -72.32062740799995, -72.295993747999944 ], [ -72.272084113999938, -72.315606377999927 ], [ -72.239857550999943, -72.345635674999926 ], [ -72.179676886999914, -72.362481377999927 ], [ -72.118723110999952, -72.360039971999925 ], [ -72.135121222999942, -72.34693775799991 ], [ -72.133371548999946, -72.330254815999922 ], [ -72.064930792999917, -72.318129164999903 ], [ -71.871083136999914, -72.348809502999927 ], [ -70.709706183999913, -72.396416924999926 ], [ -70.628041144999941, -72.383233330999929 ], [ -70.614735480999911, -72.353285414999903 ], [ -70.183338995999918, -72.273858330999929 ], [ -70.116322394999941, -72.238539320999905 ], [ -70.302235480999911, -72.21021900799991 ], [ -70.327951626999948, -72.17506275799991 ], [ -70.36351477799991, -72.156426690999922 ], [ -70.45767167899993, -72.140232028999947 ], [ -70.736195441999939, -72.178480726999908 ], [ -71.043771938999953, -72.257582289999903 ], [ -71.367176886999914, -72.287855726999908 ], [ -71.552642381999931, -72.278415622999944 ], [ -71.695220506999931, -72.234470309999949 ], [ -71.663970506999931, -72.218682549999926 ], [ -72.055246548999946, -72.158135674999926 ], [ -72.042958136999914, -72.13445403399993 ], [ -72.011586066999939, -72.119724216999941 ], [ -71.086984829999949, -72.049574476999908 ], [ -70.76976477799991, -71.989678643999923 ], [ -70.734445766999897, -71.967950127999927 ], [ -70.762684699999909, -71.932305596999925 ], [ -70.719715949999909, -71.905694268999923 ], [ -70.856516079999949, -71.845635674999926 ], [ -71.116363084999932, -71.884535414999903 ], [ -71.305409308999913, -71.840915622999944 ], [ -71.394195115999935, -71.833428643999923 ], [ -71.829741990999935, -71.898614190999922 ], [ -71.855946417999917, -71.887139580999929 ], [ -71.85806230399993, -71.87232838299991 ], [ -71.823638475999928, -71.84498463299991 ], [ -71.832183397999927, -71.799086195999905 ], [ -71.877552863999938, -71.797946872999944 ], [ -71.916900193999936, -71.772230726999908 ], [ -72.001332160999937, -71.754164320999905 ], [ -72.018625454999949, -71.733493747999944 ], [ -72.137196417999917, -71.701755466999941 ], [ -72.188791469999899, -71.707777601999908 ], [ -72.169585740999935, -71.674981377999927 ], [ -72.263050910999937, -71.642022393999923 ], [ -72.247710740999935, -71.624118747999944 ], [ -72.338937954999949, -71.613457940999922 ], [ -72.363636847999942, -71.639336846999925 ], [ -72.441070115999935, -71.666436455999929 ], [ -72.440988735999952, -71.69654713299991 ], [ -72.540638800999943, -71.731540622999944 ], [ -72.549305792999917, -71.748223565999922 ], [ -72.638172980999911, -71.732598565999922 ], [ -72.683094855999911, -71.739841403999947 ], [ -72.689076300999943, -71.78248463299991 ], [ -72.675038214999915, -71.790622653999947 ], [ -72.711537238999938, -71.860935153999947 ], [ -72.779896613999938, -71.902439059999949 ], [ -72.859364386999914, -71.920993747999944 ], [ -73.035064256999931, -71.926446221999925 ], [ -73.504628058999913, -71.835544528999947 ], [ -73.789051886999914, -71.838555596999925 ], [ -73.878895636999914, -71.864190362999921 ], [ -73.501332160999937, -72.012465101999908 ], [ -73.785227016999897, -72.094903252999927 ], [ -73.806263800999943, -72.131442966999941 ], [ -74.004750128999945, -72.17351653399993 ], [ -74.12132727799991, -72.172458591999941 ], [ -74.220773891999897, -72.144463799999926 ], [ -74.312123175999943, -72.06568775799991 ], [ -74.357818162999934, -72.044366143999923 ], [ -74.658273891999897, -72.074965101999908 ], [ -74.815988735999952, -72.064873955999929 ], [ -75.356027798999946, -71.923597914999903 ], [ -75.428700324999909, -71.874932549999926 ], [ -75.438343878999945, -71.836846612999921 ], [ -75.402414516999897, -71.801039320999905 ], [ -75.237172003999945, -71.778741143999923 ], [ -75.249989386999914, -71.760511976999908 ], [ -75.177154100999928, -71.752618096999925 ], [ -75.244699673999946, -71.724379164999903 ], [ -75.224232550999943, -71.710544528999947 ], [ -75.243519660999937, -71.698337497999944 ], [ -75.318918423999946, -71.691338799999926 ], [ -75.414133266999897, -71.660902601999908 ], [ -75.381988084999932, -71.63600025799991 ], [ -75.332020636999914, -71.622491143999923 ], [ -75.19945227799991, -71.604913018999923 ], [ -75.17015540299991, -71.571058851999908 ], [ -75.124663865999935, -71.545342705999929 ], [ -75.016428188999953, -71.526543877999927 ], [ -74.885853644999941, -71.528415622999944 ], [ -74.793446417999917, -71.553643487999921 ], [ -74.644032355999911, -71.626560153999947 ], [ -74.390248175999943, -71.668145440999922 ], [ -74.289540167999917, -71.65789153399993 ], [ -74.278797980999911, -71.63600025799991 ], [ -74.397043423999946, -71.58367278399993 ], [ -74.384632941999939, -71.561130466999941 ], [ -74.388742641999897, -71.538262627999927 ], [ -74.435454881999931, -71.493910414999903 ], [ -74.411529100999928, -71.474867445999905 ], [ -74.436634894999941, -71.450941664999903 ], [ -74.422759568999936, -71.428317966999941 ], [ -74.368153449999909, -71.408461195999905 ], [ -74.222482876999948, -71.381931247999944 ], [ -74.122181769999941, -71.382989190999922 ], [ -73.85220292899993, -71.455661716999941 ], [ -73.756906704999949, -71.510349216999941 ], [ -73.580677863999938, -71.56804778399993 ], [ -73.525217251999948, -71.606215101999908 ], [ -73.458811001999948, -71.595310153999947 ], [ -73.336415167999917, -71.53679778399993 ], [ -73.404449022999927, -71.498467705999929 ], [ -73.583078579999949, -71.45631275799991 ], [ -73.660064256999931, -71.410577080999929 ], [ -73.67251542899993, -71.388848565999922 ], [ -73.653960740999935, -71.349541924999926 ], [ -73.585316535999937, -71.322930596999925 ], [ -73.407948370999918, -71.315362237999921 ], [ -72.757394985999952, -71.404554945999905 ], [ -72.62718665299991, -71.39967213299991 ], [ -72.61001542899993, -71.374769789999903 ], [ -72.567453579999949, -71.364190362999921 ], [ -72.188954230999911, -71.373142184999949 ], [ -72.218739386999914, -71.342054945999905 ], [ -72.173817511999914, -71.330254815999922 ], [ -72.315297003999945, -71.288832289999903 ], [ -72.895863410999937, -71.230401299999926 ], [ -73.053537563999953, -71.181735934999949 ], [ -73.124582485999952, -71.143975518999923 ], [ -73.100819464999915, -71.115655205999929 ], [ -73.064930792999917, -71.10279713299991 ], [ -72.859974738999938, -71.09498463299991 ], [ -72.786122199999909, -71.062758070999905 ], [ -72.532134568999936, -71.075778903999947 ], [ -72.395415818999936, -71.065118096999925 ], [ -71.690052863999938, -71.158868096999925 ], [ -71.546294725999928, -71.136651299999926 ], [ -71.35968990799995, -71.069105726999908 ], [ -71.309925910999937, -71.023207289999903 ], [ -71.363636847999942, -70.990004164999903 ], [ -71.343576626999948, -70.96607838299991 ], [ -71.151722785999937, -70.997491143999923 ], [ -71.025502081999946, -70.96217213299991 ], [ -70.804514126999948, -70.997816664999903 ], [ -70.717884894999941, -70.998467705999929 ], [ -70.411203579999949, -70.945407809999949 ], [ -70.299183722999942, -70.95240650799991 ], [ -70.208485480999911, -70.98796965899993 ], [ -69.996815558999913, -71.151788018999923 ], [ -69.933216925999943, -71.160251559999949 ], [ -69.838002081999946, -71.151950778999947 ], [ -69.836333787999934, -71.082289320999905 ], [ -69.796742316999939, -71.043633721999925 ], [ -69.836537238999938, -70.961846612999921 ], [ -69.820139126999948, -70.925713799999926 ], [ -69.789173956999946, -70.899346612999921 ], [ -69.809681769999941, -70.884372653999947 ], [ -69.780140753999945, -70.867608330999929 ], [ -69.786691860999952, -70.853448174999926 ], [ -69.853667772999927, -70.835544528999947 ], [ -69.93032792899993, -70.881524346999925 ], [ -70.019927537999934, -70.849786065999922 ], [ -70.153920050999943, -70.858005466999941 ], [ -70.212635870999918, -70.840101820999905 ], [ -70.402699347999942, -70.819105726999908 ], [ -70.701283331999946, -70.831801039999903 ], [ -71.00218665299991, -70.765557549999926 ], [ -71.166086391999897, -70.755954684999949 ], [ -71.209828253999945, -70.738457940999922 ], [ -71.233957485999952, -70.693454684999949 ], [ -71.266509568999936, -70.680108330999929 ], [ -71.252349412999934, -70.648858330999929 ], [ -71.22134355399993, -70.626071872999944 ], [ -71.076324022999927, -70.560642184999949 ], [ -71.003081834999932, -70.513767184999949 ], [ -71.02212480399993, -70.484470309999949 ], [ -70.998605923999946, -70.465752862999921 ], [ -70.11750240799995, -70.32976653399993 ], [ -69.694569464999915, -70.420586846999925 ], [ -69.596058722999942, -70.423435153999947 ], [ -69.57648678299995, -70.417087497999944 ], [ -69.588490363999938, -70.393487237999921 ], [ -69.669504360999952, -70.353936455999929 ], [ -70.111195441999939, -70.242771091999941 ], [ -70.231800910999937, -70.235121351999908 ], [ -70.242054816999939, -70.22975025799991 ], [ -70.244007941999939, -70.192071221999925 ], [ -70.169260219999899, -70.168633721999925 ], [ -70.195668097999942, -70.140069268999923 ], [ -70.540882941999939, -70.166192315999922 ], [ -70.652170376999948, -70.120293877999927 ], [ -70.698068813999953, -70.114841403999947 ], [ -70.779774542999917, -70.125664971999925 ], [ -70.796538865999935, -70.134372653999947 ], [ -70.791737433999913, -70.159274997999944 ], [ -70.939279751999948, -70.216403903999947 ], [ -70.999867316999939, -70.211846612999921 ], [ -71.059193488999938, -70.224053643999923 ], [ -71.151844855999911, -70.188164971999925 ], [ -71.316883917999917, -70.177341403999947 ], [ -71.399647589999915, -70.127862237999921 ], [ -71.548166469999899, -70.11060963299991 ], [ -71.784494594999899, -70.04225025799991 ], [ -71.841786261999914, -69.994398695999905 ], [ -71.927642381999931, -69.954196872999944 ], [ -71.925933397999927, -69.932712497999944 ], [ -71.892323370999918, -69.910251559999949 ], [ -71.910715298999946, -69.894301039999903 ], [ -71.846424933999913, -69.848402601999908 ], [ -71.83462480399993, -69.799574476999908 ], [ -71.872425910999937, -69.778252862999921 ], [ -71.87954667899993, -69.759860934999949 ], [ -71.861439581999946, -69.75164153399993 ], [ -71.911610480999911, -69.70826588299991 ], [ -71.890533006999931, -69.68287525799991 ], [ -71.861480272999927, -69.67156340899993 ], [ -71.723133917999917, -69.640720309999949 ], [ -71.754750128999945, -69.613213799999926 ], [ -71.741281704999949, -69.566582940999922 ], [ -71.675607876999948, -69.510837497999944 ], [ -71.693186001999948, -69.499118747999944 ], [ -71.674183722999942, -69.473728122999944 ], [ -71.61587480399993, -69.454847914999903 ], [ -71.689808722999942, -69.411309502999927 ], [ -71.651926235999952, -69.394301039999903 ], [ -71.677357550999943, -69.386325778999947 ], [ -71.803293423999946, -69.374932549999926 ], [ -71.852609829999949, -69.351820570999905 ], [ -71.926584438999953, -69.340508721999925 ], [ -71.961984829999949, -69.318942966999941 ], [ -72.09797115799995, -69.312676690999922 ], [ -72.041859503999945, -69.295993747999944 ], [ -72.158762173999946, -69.226657809999949 ], [ -72.104359503999945, -69.161716403999947 ], [ -72.198882615999935, -69.097751559999949 ], [ -72.185454881999931, -69.067966403999947 ], [ -72.046131964999915, -68.99187590899993 ], [ -72.012684699999909, -68.955498955999929 ], [ -71.403797980999911, -68.860039971999925 ], [ -71.010853644999941, -68.85906340899993 ], [ -70.921783006999931, -68.842461846999925 ], [ -70.872466600999928, -68.814060153999947 ], [ -70.596791144999941, -68.80396900799991 ], [ -70.434966600999928, -68.780043226999908 ], [ -70.31314042899993, -68.83757903399993 ], [ -70.16038977799991, -68.863539320999905 ], [ -70.096669074999909, -68.902520440999922 ], [ -70.091664191999939, -68.952325127999927 ], [ -70.066151495999918, -68.986423434999949 ], [ -70.106516079999949, -69.000909112999921 ], [ -70.077544725999928, -69.049248955999929 ], [ -69.994292772999927, -69.093682549999926 ], [ -70.059396938999953, -69.105889580999929 ], [ -70.094349738999938, -69.136163018999923 ], [ -70.034901495999918, -69.156833591999941 ], [ -70.021839972999942, -69.191582940999922 ], [ -70.056711391999897, -69.19695403399993 ], [ -70.054595506999931, -69.219333591999941 ], [ -70.075917120999918, -69.236993096999925 ], [ -70.108998175999943, -69.245293877999927 ], [ -70.141957160999937, -69.236993096999925 ], [ -70.091704881999931, -69.277439059999949 ], [ -70.108265753999945, -69.300957940999922 ], [ -70.044097459999932, -69.289157809999949 ], [ -69.869699673999946, -69.304131768999923 ], [ -69.767160610999952, -69.287286065999922 ], [ -69.739003058999913, -69.293715101999908 ], [ -69.537993943999936, -69.451429945999905 ], [ -69.552154100999928, -69.474786065999922 ], [ -69.475209113999938, -69.52898528399993 ], [ -69.472727016999897, -69.565199476999908 ], [ -69.317128058999913, -69.625909112999921 ], [ -69.329741990999935, -69.654717705999929 ], [ -69.313791469999899, -69.701755466999941 ], [ -69.334380662999934, -69.725192966999941 ], [ -69.318186001999948, -69.762872002999927 ], [ -69.331206834999932, -69.805596612999921 ], [ -69.265451626999948, -69.88054778399993 ], [ -69.284779425999943, -69.92310963299991 ], [ -69.243153449999909, -69.942315362999921 ], [ -69.221547003999945, -69.98796965899993 ], [ -69.027455206999946, -70.159763278999947 ], [ -68.720366990999935, -70.369073174999926 ], [ -68.659820115999935, -70.430352471999925 ], [ -68.584787563999953, -70.552829684999949 ], [ -68.466297980999911, -70.61451588299991 ], [ -68.476633266999954, -70.639418226999908 ], [ -68.426503058999913, -70.668633721999925 ], [ -68.427398240999935, -70.707289320999905 ], [ -68.384673631999931, -70.733168226999908 ], [ -68.393910285999937, -70.75709400799991 ], [ -68.330189581999946, -70.799737237999921 ], [ -68.481190558999913, -70.809502862999921 ], [ -68.454090949999909, -70.823174737999921 ], [ -68.345692511999914, -70.835544528999947 ], [ -68.299183722999942, -70.869073174999926 ], [ -68.308013475999928, -70.903008721999925 ], [ -68.293853318999936, -70.990329684999949 ], [ -68.309966600999928, -71.016534112999921 ], [ -68.272572394999941, -71.074395440999922 ], [ -68.295725063999953, -71.097832940999922 ], [ -68.238107876999948, -71.168877862999921 ], [ -68.243397589999915, -71.23560963299991 ], [ -68.22679602799991, -71.341241143999923 ], [ -68.25812740799995, -71.35084400799991 ], [ -68.267323370999918, -71.367852471999925 ], [ -68.255604620999918, -71.408868096999925 ], [ -68.273915167999917, -71.436618747999944 ], [ -68.23696855399993, -71.481052341999941 ], [ -68.197377081999946, -71.56959400799991 ], [ -68.161244269999941, -71.606377862999921 ], [ -68.20734615799995, -71.663669528999947 ], [ -68.208648240999935, -71.821058851999908 ], [ -68.220529751999948, -71.858330987999921 ], [ -68.249745245999918, -71.883070570999905 ], [ -68.307362433999913, -71.895277601999908 ], [ -68.483143683999913, -71.896905205999929 ], [ -68.428822394999941, -71.948418877999927 ], [ -68.416127081999946, -71.988946221999925 ], [ -68.358631964999915, -72.02117278399993 ], [ -68.341867641999954, -72.057061455999929 ], [ -68.40884355399993, -72.15398528399993 ], [ -68.414133266999954, -72.219659112999921 ], [ -68.436105923999946, -72.240817966999941 ], [ -68.496693488999938, -72.25164153399993 ], [ -68.668690558999913, -72.216729424999926 ], [ -68.762766079999949, -72.223402601999908 ], [ -68.772694464999915, -72.246758721999925 ], [ -68.750599738999938, -72.264825127999927 ], [ -68.77017167899993, -72.274346612999921 ], [ -68.854237433999913, -72.293633721999925 ], [ -68.912831183999913, -72.293064059999949 ], [ -68.900054490999935, -72.34889088299991 ], [ -68.915394660999937, -72.361097914999903 ], [ -69.138783331999946, -72.375420830999929 ], [ -69.157378709999932, -72.391371351999908 ], [ -69.157541469999899, -72.414483330999929 ], [ -69.227447068999936, -72.426690362999921 ], [ -69.213368292999917, -72.469496351999908 ], [ -69.140288865999935, -72.502129815999922 ], [ -69.218169725999928, -72.542901299999926 ], [ -70.069813605999911, -72.634698174999926 ], [ -70.25649980399993, -72.63054778399993 ], [ -70.523833787999934, -72.667575778999947 ], [ -70.670887824999909, -72.659763278999947 ], [ -70.690052863999938, -72.642754815999922 ], [ -70.70929928299995, -72.572198174999926 ], [ -70.743316209999932, -72.558770440999922 ], [ -70.84788977799991, -72.580987237999921 ], [ -70.873850063999953, -72.633721612999921 ], [ -70.923085089999915, -72.650974216999941 ], [ -71.460072394999941, -72.629164320999905 ] ] ] } },
{ "type": "Feature", "properties": { "type": "land" }, "geometry": { "type": "Polygon", "coordinates": [ [ [ -159.566395636999914, -79.432549737999921 ], [ -159.502064581999917, -79.486504815999922 ], [ -159.334950324999909, -79.528252862999921 ], [ -159.323801235999923, -79.547133070999905 ], [ -159.37718665299991, -79.550551039999903 ], [ -159.235178188999924, -79.589043877999927 ], [ -159.204782680999926, -79.617852471999925 ], [ -159.216501430999926, -79.63445403399993 ], [ -159.189157680999926, -79.652764580999929 ], [ -158.97484290299991, -79.72234465899993 ], [ -158.95844479099992, -79.73992278399993 ], [ -158.978464321999923, -79.761976820999905 ], [ -158.953073696999923, -79.769707940999922 ], [ -159.069813605999911, -79.818780205999929 ], [ -160.712880011999914, -79.854587497999944 ], [ -163.481516079999921, -79.489678643999923 ], [ -163.570871548999918, -79.454685153999947 ], [ -163.936634894999912, -79.411716403999947 ], [ -164.326527472999913, -79.287367445999905 ], [ -164.222645636999914, -79.285739841999941 ], [ -164.305368618999921, -79.220147393999923 ], [ -164.276478644999912, -79.193780205999929 ], [ -164.28929602799991, -79.135674737999921 ], [ -164.271595831999917, -79.12078215899993 ], [ -164.275461391999926, -79.099541924999926 ], [ -164.215321417999917, -79.095147393999923 ], [ -164.202626105999911, -79.084079684999949 ], [ -164.216908331999917, -79.058689059999949 ], [ -164.245676235999923, -79.043226820999905 ], [ -164.177805141999926, -79.003513278999947 ], [ -163.99242102799991, -78.96803150799991 ], [ -163.940378383999928, -78.943536065999922 ], [ -163.778675910999908, -78.930352471999925 ], [ -163.775217251999919, -78.921075127999927 ], [ -163.833607550999915, -78.906914971999925 ], [ -163.470692511999914, -78.802504164999903 ], [ -163.300282355999911, -78.773370049999926 ], [ -163.265004035999908, -78.757256768999923 ], [ -163.310983852999925, -78.720961195999905 ], [ -163.242990688999924, -78.70631275799991 ], [ -162.353220180999926, -78.752618096999925 ], [ -162.296498175999915, -78.783868096999925 ], [ -162.144113735999923, -78.792413018999923 ], [ -161.381906704999921, -78.959242445999905 ], [ -161.353260870999918, -78.977715752999927 ], [ -161.37250729099992, -78.985772393999923 ], [ -161.364084438999924, -78.996840101999908 ], [ -160.521921352999925, -79.186700127999927 ], [ -160.294870571999923, -79.265801690999922 ], [ -159.842152472999913, -79.348565362999921 ], [ -159.566395636999914, -79.432549737999921 ] ] ] } },
{ "type": "Feature", "properties": { "type": "land" }, "geometry": { "type": "Polygon", "coordinates": [ [ [ 169.309336785000028, -77.465427341999941 ], [ 169.359385613000086, -77.498223565999922 ], [ 169.364431186000047, -77.522067966999941 ], [ 169.318207227000016, -77.537204684999949 ], [ 169.050303582000083, -77.569919528999947 ], [ 168.872569207000083, -77.640394789999903 ], [ 168.400889519000089, -77.696221612999921 ], [ 168.087412957000083, -77.645603122999944 ], [ 167.408050977000016, -77.643975518999923 ], [ 167.257660352000016, -77.715915622999944 ], [ 167.068858269000089, -77.74537525799991 ], [ 166.893565300000091, -77.793715101999908 ], [ 166.778656446000014, -77.844821872999944 ], [ 166.677256707000083, -77.859958591999941 ], [ 166.61451256600003, -77.836358330999929 ], [ 166.651703321000014, -77.809014580999929 ], [ 166.789317254000025, -77.769952080999929 ], [ 166.890635613000086, -77.712497653999947 ], [ 166.511078321000014, -77.721774997999944 ], [ 166.453379754000025, -77.710056247999944 ], [ 166.627777540000011, -77.70671965899993 ], [ 166.895681186000047, -77.675713799999926 ], [ 166.388682488000086, -77.613376559999949 ], [ 166.299815300000091, -77.569512627999927 ], [ 166.213715040000011, -77.563653252999927 ], [ 166.165537957000083, -77.53484465899993 ], [ 166.370616082000083, -77.498223565999922 ], [ 166.476817254000025, -77.431247653999947 ], [ 166.676117384, -77.359958591999941 ], [ 166.40007571700005, -77.266534112999921 ], [ 166.451914910000028, -77.212334893999923 ], [ 166.524424675000091, -77.183038018999923 ], [ 166.679453972000033, -77.16334400799991 ], [ 166.827159050000091, -77.160902601999908 ], [ 166.973317905000044, -77.182224216999941 ], [ 167.088145379000025, -77.240655205999929 ], [ 167.113129102000016, -77.281914971999925 ], [ 167.065765821000014, -77.316338799999926 ], [ 167.139008009, -77.341892184999949 ], [ 167.568125847000033, -77.413262627999927 ], [ 168.219574415000011, -77.37232838299991 ], [ 169.144053582000083, -77.431735934999949 ], [ 169.309336785000028, -77.465427341999941 ] ] ] } },
{ "type": "Feature", "properties": { "type": "land" }, "geometry": { "type": "Polygon", "coordinates": [ [ [ -120.267567511999914, -73.930108330999929 ], [ -120.295887824999909, -73.952325127999927 ], [ -120.240793423999946, -73.966729424999926 ], [ -120.237294074999909, -73.981540622999944 ], [ -120.275542772999927, -74.00318775799991 ], [ -121.027211066999939, -74.155857028999947 ], [ -121.054066535999937, -74.176690362999921 ], [ -121.057240363999938, -74.203383070999905 ], [ -121.033599412999934, -74.223077080999929 ], [ -121.085438605999911, -74.234633070999905 ], [ -121.049427863999938, -74.265557549999926 ], [ -121.071888800999943, -74.275567315999922 ], [ -120.944243943999936, -74.308689059999949 ], [ -121.099029100999928, -74.348077080999929 ], [ -122.243478969999899, -74.413262627999927 ], [ -122.460682745999918, -74.379164320999905 ], [ -122.626372850999928, -74.38209400799991 ], [ -122.903797980999911, -74.337009372999944 ], [ -122.988758917999917, -74.297784112999921 ], [ -123.011097785999937, -74.278415622999944 ], [ -123.005116339999915, -74.263441664999903 ], [ -123.028187628999945, -74.248304945999905 ], [ -122.955148891999897, -74.228773695999905 ], [ -122.762196417999917, -74.22625090899993 ], [ -122.72915605399993, -74.215752862999921 ], [ -122.796945766999897, -74.193291924999926 ], [ -122.830881313999896, -74.167087497999944 ], [ -122.946359829999892, -74.135186455999929 ], [ -122.945301886999914, -74.110284112999921 ], [ -122.924183722999942, -74.091566664999903 ], [ -122.820464647999927, -74.079278252999927 ], [ -122.804025844999899, -74.058526299999926 ], [ -122.749012824999909, -74.055596612999921 ], [ -122.752837693999936, -74.026136976999908 ], [ -122.73656165299991, -74.000176690999922 ], [ -122.60765540299991, -73.964288018999923 ], [ -122.327381964999915, -73.91570403399993 ], [ -122.436350063999896, -73.89967213299991 ], [ -122.591297980999911, -73.907321872999944 ], [ -122.934071417999917, -73.879327080999929 ], [ -122.972238735999895, -73.839776299999926 ], [ -123.016957160999937, -73.830824476999908 ], [ -123.349273240999935, -73.848402601999908 ], [ -123.349761522999927, -73.838799737999921 ], [ -123.237375454999892, -73.820245049999926 ], [ -123.234242316999939, -73.804945570999905 ], [ -123.276926235999895, -73.785739841999941 ], [ -123.286773240999935, -73.763929945999905 ], [ -123.193023240999935, -73.706801039999903 ], [ -123.120228644999941, -73.682793877999927 ], [ -122.272368943999936, -73.682224216999941 ], [ -122.055775519999941, -73.715752862999921 ], [ -120.686431443999936, -73.76726653399993 ], [ -120.540150519999941, -73.753350518999923 ], [ -120.429066535999937, -73.772556247999944 ], [ -120.375803188999896, -73.796482028999947 ], [ -120.378041144999941, -73.830987237999921 ], [ -120.415109829999892, -73.846856377999927 ], [ -120.735178188999896, -73.879489841999941 ], [ -120.647368943999936, -73.896742445999905 ], [ -120.285715298999946, -73.917413018999923 ], [ -120.267567511999914, -73.930108330999929 ] ] ] } },
{ "type": "Feature", "properties": { "type": "land" }, "geometry": { "type": "Polygon", "coordinates": [ [ [ -127.473174607999908, -73.549574476999908 ], [ -127.41820227799991, -73.534600518999923 ], [ -127.421376105999911, -73.493259372999944 ], [ -127.486480272999927, -73.451267184999949 ], [ -127.495432094999899, -73.429620049999926 ], [ -127.303212042999917, -73.318129164999903 ], [ -127.148996548999946, -73.277276299999926 ], [ -127.074574347999942, -73.29070403399993 ], [ -127.114003058999913, -73.305596612999921 ], [ -127.029896613999938, -73.309258721999925 ], [ -126.527170376999891, -73.268324476999908 ], [ -126.104074673999946, -73.29615650799991 ], [ -125.942494269999941, -73.375909112999921 ], [ -125.599273240999935, -73.42937590899993 ], [ -125.565785285999937, -73.443780205999929 ], [ -125.571441209999932, -73.461195570999905 ], [ -125.629709438999896, -73.494561455999929 ], [ -125.606068488999938, -73.51726653399993 ], [ -125.469960089999915, -73.578871351999908 ], [ -125.24632727799991, -73.610528252999927 ], [ -125.212798631999931, -73.639825127999927 ], [ -125.221750454999892, -73.679945570999905 ], [ -125.270008917999917, -73.698825778999947 ], [ -125.730783657999893, -73.716403903999947 ], [ -125.878041144999941, -73.70476653399993 ], [ -125.912261522999927, -73.723402601999908 ], [ -125.907134568999936, -73.755059502999927 ], [ -125.865305141999897, -73.781019789999903 ], [ -125.683501756999931, -73.826104424999926 ], [ -125.589426235999895, -73.82390715899993 ], [ -125.370025193999936, -73.791761976999908 ], [ -125.260568813999896, -73.791924737999921 ], [ -125.18382727799991, -73.820570570999905 ], [ -125.082102016999897, -73.832777601999908 ], [ -125.060129360999895, -73.842950127999927 ], [ -125.057199673999946, -73.858330987999921 ], [ -125.09007727799991, -73.865411065999922 ], [ -125.070057745999918, -73.876071872999944 ], [ -124.99242102799991, -73.882256768999923 ], [ -124.912953253999945, -73.869886976999908 ], [ -124.935170050999943, -73.854261976999908 ], [ -124.935414191999939, -73.828545830999929 ], [ -124.948841925999943, -73.814385674999926 ], [ -124.902740037999934, -73.795505466999941 ], [ -124.758168097999942, -73.774834893999923 ], [ -124.629505988999938, -73.730726820999905 ], [ -124.534291144999941, -73.727634372999944 ], [ -124.50845292899993, -73.75318775799991 ], [ -124.027455206999946, -73.855238539999903 ], [ -124.019927537999934, -73.875746351999908 ], [ -124.036529100999928, -73.889580987999921 ], [ -124.208811001999891, -73.934340101999908 ], [ -124.132191535999937, -73.976169528999947 ], [ -123.931060350999928, -74.002699476999908 ], [ -123.972523566999939, -74.023858330999929 ], [ -123.894642706999946, -74.031182549999926 ], [ -123.839507615999935, -74.064873955999929 ], [ -123.754383917999917, -74.072523695999905 ], [ -123.777007615999935, -74.08757903399993 ], [ -123.783029751999948, -74.109633070999905 ], [ -123.852040167999917, -74.119805596999925 ], [ -123.860218878999945, -74.128513278999947 ], [ -123.842152472999942, -74.15162525799991 ], [ -123.84829667899993, -74.163995049999926 ], [ -123.899281378999945, -74.178155205999929 ], [ -123.806263800999943, -74.215020440999922 ], [ -123.928293423999946, -74.261814059999949 ], [ -124.007435675999943, -74.263441664999903 ], [ -124.244984503999945, -74.214776299999926 ], [ -124.784250454999892, -74.226006768999923 ], [ -125.203439907999893, -74.163018487999921 ], [ -125.240223761999914, -74.15007903399993 ], [ -125.109283006999931, -74.122816664999903 ], [ -125.718902147999927, -74.04029713299991 ], [ -125.749134894999941, -74.02467213299991 ], [ -125.758127407999893, -74.000664971999925 ], [ -125.811390753999945, -73.983168226999908 ], [ -125.788929816999939, -73.972914320999905 ], [ -125.81273352799991, -73.966566664999903 ], [ -125.927845831999946, -73.956801039999903 ], [ -126.011341925999943, -73.921319268999923 ], [ -126.475453253999945, -73.842217705999929 ], [ -126.421783006999931, -73.82154713299991 ], [ -126.401193813999896, -73.802504164999903 ], [ -126.405506964999915, -73.778415622999944 ], [ -126.496164516999897, -73.75750090899993 ], [ -126.514637824999909, -73.742608330999929 ], [ -126.511830206999946, -73.730645440999922 ], [ -126.463490363999938, -73.705661716999941 ], [ -126.561105923999946, -73.684665622999944 ], [ -126.546538865999935, -73.670342705999929 ], [ -126.872670050999943, -73.646742445999905 ], [ -126.984242316999939, -73.685479424999926 ], [ -126.952544725999928, -73.726657809999949 ], [ -127.005238410999937, -73.740411065999922 ], [ -127.251210089999915, -73.728936455999929 ], [ -127.268869594999899, -73.717868747999944 ], [ -127.254261847999942, -73.644138278999947 ], [ -127.166005011999914, -73.602634372999944 ], [ -127.473174607999908, -73.549574476999908 ] ] ] } },
{ "type": "Feature", "properties": { "type": "land" }, "geometry": { "type": "Polygon", "coordinates": [ [ [ 168.281748894000089, -76.082696221999925 ], [ 168.284027540000011, -76.107517184999949 ], [ 168.231455925000091, -76.121840101999908 ], [ 168.156260613000086, -76.066908460999912 ], [ 168.204600457000083, -76.063409112999921 ], [ 168.281748894000089, -76.082696221999925 ] ] ] } },
{ "type": "Feature", "properties": { "type": "land" }, "geometry": { "type": "Polygon", "coordinates": [ [ [ -66.734364386999914, -78.441827080999929 ], [ -66.875070766999954, -78.458754164999903 ], [ -67.056752081999946, -78.495293877999927 ], [ -67.022694464999915, -78.514336846999925 ], [ -67.354725714999915, -78.629001559999949 ], [ -67.399525519999941, -78.664239190999922 ], [ -68.946441209999932, -79.097263278999947 ], [ -68.96312415299991, -79.108493747999944 ], [ -68.95962480399993, -79.125583591999941 ], [ -68.998605923999946, -79.146661065999922 ], [ -69.296009894999941, -79.217705987999921 ], [ -69.360096808999913, -79.27117278399993 ], [ -69.464466925999943, -79.298028252999927 ], [ -69.619130011999914, -79.397067966999941 ], [ -69.664784308999913, -79.41179778399993 ], [ -69.503325975999928, -79.415134372999944 ], [ -69.780506964999915, -79.442478122999944 ], [ -69.822010870999918, -79.458428643999923 ], [ -69.667958136999914, -79.486911716999941 ], [ -69.563059048999946, -79.526055596999925 ], [ -69.491566535999937, -79.532647393999923 ], [ -69.691883917999917, -79.541192315999922 ], [ -69.736154751999948, -79.567152601999908 ], [ -69.646555141999897, -79.603773695999905 ], [ -70.341786261999914, -79.696872653999947 ], [ -71.444162563999953, -79.652927341999941 ], [ -71.670399542999917, -79.581149997999944 ], [ -71.781076626999948, -79.524021091999941 ], [ -71.815663214999915, -79.479180596999925 ], [ -71.814808722999942, -79.453301690999922 ], [ -71.768381313999953, -79.385023695999905 ], [ -71.752919074999909, -79.325127862999921 ], [ -71.688465949999909, -79.260430596999925 ], [ -71.599598761999914, -79.199965101999908 ], [ -71.395415818999936, -79.101739190999922 ], [ -70.592762824999909, -78.885918877999927 ], [ -70.411244269999941, -78.882582289999903 ], [ -70.275949673999946, -78.840590101999908 ], [ -69.833363410999937, -78.799737237999921 ], [ -69.696685350999928, -78.752862237999921 ], [ -69.577544725999928, -78.739434502999927 ], [ -69.437245245999918, -78.687107028999947 ], [ -67.730132615999935, -78.420342705999929 ], [ -67.577626105999911, -78.371840101999908 ], [ -66.992909308999913, -78.306735934999949 ], [ -66.730865037999934, -78.321465752999927 ], [ -66.605539516999954, -78.363702080999929 ], [ -66.659291144999941, -78.389092705999929 ], [ -66.872547980999911, -78.427992445999905 ], [ -66.734364386999914, -78.441827080999929 ] ] ] } },
{ "type": "Feature", "properties": { "type": "land" }, "geometry": { "type": "Polygon", "coordinates": [ [ [ -71.711048956999946, -70.42742278399993 ], [ -71.758941209999932, -70.387302341999941 ], [ -71.764759894999941, -70.336521091999941 ], [ -71.816517706999946, -70.295830987999921 ], [ -71.682850714999915, -70.264825127999927 ], [ -71.667632615999935, -70.295830987999921 ], [ -71.588368292999917, -70.29810963299991 ], [ -71.408762173999946, -70.265557549999926 ], [ -71.31859290299991, -70.298760674999926 ], [ -71.405588344999899, -70.378024997999944 ], [ -71.534535285999937, -70.436211846999925 ], [ -71.641957160999937, -70.452732028999947 ], [ -71.711048956999946, -70.42742278399993 ] ] ] } },
{ "type": "Feature", "properties": { "type": "land" }, "geometry": { "type": "Polygon", "coordinates": [ [ [ -148.935902472999913, -77.393324476999908 ], [ -149.391672329999921, -77.382256768999923 ], [ -149.579945441999911, -77.339939059999949 ], [ -149.669789191999911, -77.30437590899993 ], [ -149.64008541599992, -77.294854424999926 ], [ -149.528024868999921, -77.307061455999929 ], [ -149.597157355999911, -77.28289153399993 ], [ -149.492624477999925, -77.273370049999926 ], [ -149.336415167999917, -77.283461195999905 ], [ -149.236195441999911, -77.305108330999929 ], [ -149.214833136999914, -77.33953215899993 ], [ -148.929880337999919, -77.375095309999949 ], [ -148.918894008999928, -77.384860934999949 ], [ -148.935902472999913, -77.393324476999908 ] ] ] } }
]
}
