{
"type": "FeatureCollection",
"name": "ice_shelves",
"crs": { "type": "name", "properties": { "name": "urn:ogc:def:crs:OGC:1.3:CRS84" } },
"features": [
{ "type": "Feature", "properties": { "type": "ice_shelf" }, "geometry": { "type": "Polygon", "coordinates": [ [ [ -158.637076, -77.864558 ], [ -158.455008, -77.899349 ], [ -158.401847, -77.948543 ], [ -158.343863, -77.974422 ], [ -158.253287, -77.981746 ], [ -158.180045, -78.00616 ], [ -158.088797, -78.005306 ], [ -157.983573, -78.052913 ], [ -157.353812, -78.195857 ], [ -157.257132, -78.241145 ], [ -157.199576, -78.252742 ], [ -156.967399, -78.253352 ], [ -156.740897, -78.213435 ], [ -156.681815, -78.193904 ], [ -156.652701, -78.168514 ], [ -156.67974, -78.158504 ], [ -156.625235, -78.142879 ], [ -156.569693, -78.15118 ], [ -156.452933, -78.145686 ], [ -156.445243, -78.168147 ], [ -156.348014, -78.199886 ], [ -156.027152, -78.199275 ], [ -155.933219, -78.188777 ], [ -155.746879, -78.203914 ], [ -155.519156, -78.194148 ], [ -155.4215, -78.170833 ], [ -155.322745, -78.199886 ], [ -155.273612, -78.192317 ], [ -155.181571, -78.162532 ], [ -155.042655, -78.153987 ], [ -155.02642, -78.160335 ], [ -154.977652, -78.206722 ], [ -155.091971, -78.193538 ], [ -155.251578, -78.205013 ], [ -155.214042, -78.246394 ], [ -155.119925, -78.257015 ], [ -154.7741, -78.234432 ], [ -154.752128, -78.208919 ], [ -154.650443, -78.175227 ], [ -154.717704, -78.153987 ], [ -154.567923, -78.134334 ], [ -154.39617, -78.135921 ], [ -154.369376, -78.140071 ], [ -154.31951, -78.169246 ], [ -154.277762, -78.177181 ], [ -154.236503, -78.21136 ], [ -154.209708, -78.221736 ], [ -153.814994, -78.233211 ], [ -153.91796, -78.249446 ], [ -154.136588, -78.24847 ], [ -154.235282, -78.281062 ], [ -154.181083, -78.335262 ], [ -154.303519, -78.352229 ], [ -154.332633, -78.374202 ], [ -154.290824, -78.388973 ], [ -154.36138, -78.40533 ], [ -154.509757, -78.406184 ], [ -154.582145, -78.416927 ], [ -154.522879, -78.434016 ], [ -154.730338, -78.454646 ], [ -154.7965, -78.448665 ], [ -154.89086, -78.423885 ], [ -155.050284, -78.425838 ], [ -154.978202, -78.456966 ], [ -155.013663, -78.469051 ], [ -156.052848, -78.494075 ], [ -156.116019, -78.507625 ], [ -156.073661, -78.516902 ], [ -156.039359, -78.542049 ], [ -156.087577, -78.557308 ], [ -156.499198, -78.594295 ], [ -156.529532, -78.605281 ], [ -156.549979, -78.623592 ], [ -156.546744, -78.650813 ], [ -156.528251, -78.663631 ], [ -155.052726, -78.994075 ], [ -154.969779, -79.034724 ], [ -153.079337, -79.139583 ], [ -152.934989, -79.1701 ], [ -152.704642, -79.113826 ], [ -152.591605, -79.17242 ], [ -152.564444, -79.175105 ], [ -152.337516, -79.142635 ], [ -152.234244, -79.110896 ], [ -152.231986, -79.098567 ], [ -152.256766, -79.077205 ], [ -152.222037, -79.074764 ], [ -152.106131, -79.105769 ], [ -152.074759, -79.107234 ], [ -151.785514, -79.080989 ], [ -151.720084, -79.083797 ], [ -152.002066, -79.151058 ], [ -151.975089, -79.170345 ], [ -152.106925, -79.201595 ], [ -151.989554, -79.204036 ], [ -152.311881, -79.236385 ], [ -152.414176, -79.263973 ], [ -152.316153, -79.298763 ], [ -152.214225, -79.310115 ], [ -151.74816, -79.246761 ], [ -151.697989, -79.251643 ], [ -151.654837, -79.267635 ], [ -151.757865, -79.277889 ], [ -151.866568, -79.313411 ], [ -152.003775, -79.342464 ], [ -150.534415, -79.534114 ], [ -150.446891, -79.559139 ], [ -149.092399, -79.630306 ], [ -149.039725, -79.649104 ], [ -149.07244, -79.666072 ], [ -149.001334, -79.686214 ], [ -147.773122, -79.779598 ], [ -147.945607, -79.786556 ], [ -147.888844, -79.800472 ], [ -148.01464, -79.814388 ], [ -148.141166, -79.810848 ], [ -148.059012, -79.83514 ], [ -147.585194, -79.874568 ], [ -147.863759, -79.889949 ], [ -147.89745, -79.90118 ], [ -147.570119, -79.899959 ], [ -147.392445, -79.925349 ], [ -147.341359, -79.921443 ], [ -147.270924, -79.901668 ], [ -147.168568, -79.896663 ], [ -147.067128, -79.908626 ], [ -147.181813, -79.917415 ], [ -147.155263, -79.945857 ], [ -147.976918, -79.937679 ], [ -148.028678, -79.929134 ], [ -147.994069, -79.917293 ], [ -148.156913, -79.917537 ], [ -148.207511, -79.906795 ], [ -148.078788, -79.90594 ], [ -148.043754, -79.890193 ], [ -148.518546, -79.886775 ], [ -148.704093, -79.863948 ], [ -148.999747, -79.860774 ], [ -148.971549, -79.870174 ], [ -148.880607, -79.873348 ], [ -148.778739, -79.891902 ], [ -148.84777, -79.900569 ], [ -148.499869, -79.91302 ], [ -148.609, -79.923274 ], [ -148.514884, -79.936092 ], [ -148.646964, -79.954036 ], [ -148.249381, -79.962825 ], [ -148.194266, -79.971248 ], [ -148.90557, -79.963069 ], [ -148.949881, -79.972713 ], [ -147.934987, -79.985408 ], [ -147.879018, -80.002986 ], [ -148.51171, -80.007991 ], [ -148.455069, -80.024226 ], [ -147.609547, -80.04034 ], [ -147.554738, -80.051204 ], [ -148.546134, -80.07159 ], [ -148.663016, -80.093562 ], [ -148.802909, -80.10406 ], [ -148.834098, -80.131282 ], [ -150.369681, -80.074641 ], [ -150.347281, -80.096004 ], [ -150.311576, -80.108699 ], [ -150.207633, -80.13055 ], [ -150.180167, -80.144222 ], [ -150.133719, -80.185725 ], [ -150.477286, -80.22198 ], [ -150.644645, -80.211604 ], [ -150.726188, -80.216487 ], [ -150.803214, -80.245662 ], [ -150.674674, -80.253719 ], [ -150.609122, -80.26971 ], [ -150.57183, -80.305843 ], [ -150.72576, -80.320491 ], [ -150.395438, -80.316341 ], [ -150.301322, -80.330623 ], [ -150.212088, -80.355037 ], [ -150.01641, -80.379085 ], [ -149.968253, -80.393733 ], [ -150.890799, -80.398006 ], [ -150.723258, -80.412776 ], [ -150.944999, -80.411189 ], [ -151.011588, -80.4295 ], [ -150.422233, -80.429622 ], [ -150.386832, -80.437068 ], [ -150.419852, -80.44012 ], [ -150.448661, -80.456111 ], [ -150.084891, -80.496394 ], [ -150.271659, -80.495906 ], [ -150.322135, -80.514827 ], [ -150.235831, -80.528133 ], [ -149.665152, -80.527034 ], [ -149.622672, -80.537044 ], [ -149.794486, -80.553767 ], [ -149.574576, -80.557552 ], [ -149.502616, -80.568782 ], [ -149.727042, -80.582454 ], [ -149.680411, -80.590022 ], [ -149.018729, -80.591487 ], [ -148.888785, -80.62115 ], [ -148.343314, -80.624934 ], [ -148.257682, -80.636287 ], [ -149.190238, -80.626521 ], [ -149.248343, -80.642879 ], [ -149.035575, -80.661189 ], [ -149.35485, -80.663265 ], [ -149.445487, -80.683162 ], [ -148.885184, -80.700618 ], [ -149.461661, -80.719173 ], [ -148.406608, -80.74615 ], [ -148.364798, -80.771053 ], [ -148.451468, -80.782161 ], [ -148.180167, -80.791927 ], [ -148.090934, -80.807063 ], [ -148.298758, -80.813167 ], [ -148.252005, -80.822566 ], [ -147.625539, -80.847224 ], [ -147.582753, -80.860652 ], [ -147.548329, -80.886897 ], [ -147.627919, -80.920345 ], [ -156.450126, -81.148738 ], [ -157.063834, -81.255794 ], [ -157.122855, -81.284358 ], [ -157.145865, -81.319026 ], [ -157.056693, -81.351375 ], [ -154.996573, -81.489192 ], [ -154.819205, -81.533626 ], [ -154.409964, -81.562068 ], [ -154.35784, -81.574886 ], [ -154.298453, -81.608821 ], [ -154.064811, -81.643245 ], [ -153.983207, -81.676936 ], [ -153.816398, -81.681331 ], [ -153.692374, -81.747005 ], [ -153.758048, -81.776668 ], [ -153.829764, -81.792293 ], [ -154.351859, -81.823543 ], [ -154.423819, -81.838435 ], [ -154.531974, -81.879085 ], [ -154.774955, -81.922908 ], [ -154.83892, -81.944759 ], [ -154.803946, -81.966121 ], [ -154.11138, -82.07159 ], [ -154.255607, -82.101497 ], [ -154.214835, -82.125667 ], [ -152.896781, -82.37408 ], [ -152.813651, -82.413142 ], [ -152.721183, -82.44305 ], [ -152.631644, -82.496394 ], [ -152.55535, -82.526546 ], [ -152.542899, -82.548152 ], [ -155.058768, -82.801936 ], [ -155.082145, -82.817195 ], [ -155.109977, -82.862972 ], [ -155.134513, -82.877498 ], [ -155.496756, -82.955501 ], [ -155.436393, -83.007747 ], [ -155.592215, -83.046077 ], [ -158.497184, -83.117976 ], [ -158.557914, -83.132747 ], [ -158.521903, -83.158382 ], [ -158.463492, -83.167171 ], [ -157.024466, -83.205867 ], [ -156.917655, -83.230159 ], [ -157.452628, -83.341853 ], [ -157.529593, -83.384212 ], [ -157.555228, -83.390193 ], [ -158.999869, -83.457088 ], [ -159.044669, -83.476009 ], [ -159.101676, -83.533382 ], [ -159.193412, -83.544368 ], [ -159.484183, -83.545589 ], [ -160.069999, -83.479183 ], [ -162.169059, -83.524837 ], [ -162.406424, -83.495418 ], [ -162.457206, -83.473811 ], [ -162.30828, -83.462581 ], [ -162.260001, -83.450008 ], [ -162.370108, -83.424007 ], [ -162.80358, -83.391902 ], [ -162.827018, -83.372859 ], [ -162.803702, -83.366145 ], [ -162.827933, -83.333431 ], [ -162.869864, -83.321468 ], [ -163.133963, -83.315486 ], [ -163.28411, -83.338558 ], [ -163.465079, -83.337093 ], [ -163.597342, -83.36761 ], [ -164.166251, -83.396175 ], [ -164.18975, -83.403621 ], [ -164.203483, -83.416927 ], [ -164.203238, -83.431697 ], [ -164.173148, -83.470027 ], [ -164.113944, -83.506404 ], [ -164.177298, -83.527156 ], [ -164.61724, -83.506892 ], [ -164.65734, -83.498103 ], [ -164.69097, -83.485042 ], [ -164.696524, -83.468196 ], [ -164.668082, -83.452083 ], [ -164.779593, -83.390926 ], [ -164.952811, -83.355037 ], [ -164.985831, -83.355891 ], [ -164.983207, -83.340266 ], [ -164.947928, -83.304744 ], [ -164.953299, -83.289485 ], [ -164.947623, -83.281307 ], [ -164.873404, -83.265315 ], [ -164.854056, -83.250301 ], [ -165.086295, -83.202083 ], [ -167.333182, -83.198055 ], [ -167.443045, -83.226497 ], [ -168.009391, -83.208064 ], [ -168.085746, -83.25555 ], [ -169.734549, -83.244441 ], [ -169.535331, -83.302058 ], [ -169.599662, -83.310481 ], [ -170.719413, -83.196956 ], [ -170.793387, -83.169002 ], [ -170.835013, -83.12823 ], [ -170.929801, -83.064143 ], [ -171.408255, -82.953914 ], [ -172.512442, -82.870052 ], [ -172.741752, -82.918391 ], [ -173.181022, -82.916438 ], [ -174.268912, -82.755794 ], [ -174.339835, -82.758846 ], [ -174.36962, -82.778865 ], [ -174.337455, -82.812068 ], [ -174.027579, -82.915218 ], [ -170.956656, -83.262019 ], [ -171.694449, -83.216853 ], [ -171.740958, -83.227229 ], [ -169.433036, -83.409602 ], [ -169.34545, -83.442439 ], [ -168.779899, -83.475642 ], [ -169.005729, -83.474544 ], [ -169.075614, -83.489192 ], [ -169.049918, -83.508113 ], [ -169.016532, -83.515559 ], [ -168.582633, -83.53033 ], [ -168.54766, -83.542537 ], [ -168.534171, -83.573055 ], [ -168.63433, -83.604549 ], [ -168.609733, -83.622493 ], [ -168.455253, -83.654598 ], [ -168.337455, -83.692806 ], [ -168.216361, -83.713191 ], [ -167.733329, -83.722591 ], [ -167.677176, -83.744197 ], [ -168.259513, -83.743587 ], [ -168.05358, -83.753719 ], [ -167.988517, -83.76678 ], [ -168.082572, -83.779598 ], [ -167.299491, -83.837947 ], [ -167.195182, -83.825496 ], [ -167.253531, -83.811092 ], [ -167.625358, -83.79034 ], [ -167.679129, -83.770076 ], [ -166.068168, -83.817928 ], [ -165.935355, -83.785701 ], [ -165.514396, -83.745662 ], [ -165.420707, -83.76678 ], [ -164.979606, -83.796443 ], [ -164.911307, -83.823055 ], [ -163.993888, -83.939021 ], [ -163.890128, -83.963558 ], [ -163.918265, -83.973079 ], [ -163.997733, -83.977107 ], [ -164.038993, -83.990657 ], [ -163.743094, -84.031917 ], [ -163.702811, -84.049983 ], [ -165.009635, -84.056697 ], [ -165.093375, -84.0722 ], [ -165.060294, -84.101619 ], [ -165.018546, -84.118953 ], [ -165.09191, -84.112605 ], [ -165.127982, -84.117976 ], [ -165.15441, -84.137996 ], [ -164.740165, -84.156184 ], [ -164.623343, -84.185359 ], [ -164.190299, -84.22552 ], [ -164.272269, -84.23846 ], [ -164.098319, -84.26263 ], [ -164.115958, -84.271297 ], [ -164.16381, -84.272029 ], [ -164.182853, -84.282283 ], [ -164.156608, -84.292049 ], [ -163.057975, -84.340511 ], [ -163.00109, -84.362972 ], [ -165.40972, -84.364558 ], [ -165.514579, -84.38116 ], [ -165.50463, -84.398616 ], [ -166.423392, -84.370296 ], [ -165.194205, -84.434627 ], [ -165.130668, -84.419856 ], [ -163.660209, -84.429134 ], [ -163.317191, -84.476985 ], [ -163.265494, -84.491756 ], [ -164.09661, -84.480525 ], [ -163.910819, -84.51324 ], [ -163.901725, -84.518001 ], [ -163.912101, -84.530452 ], [ -163.89318, -84.545345 ], [ -163.862845, -84.549861 ], [ -158.249564, -84.767146 ], [ -158.277274, -84.78094 ], [ -158.383597, -84.789363 ], [ -155.64263, -84.827815 ], [ -155.589225, -84.840511 ], [ -155.867301, -84.860652 ], [ -155.740287, -84.866023 ], [ -155.703421, -84.879207 ], [ -156.109733, -84.885433 ], [ -155.790458, -84.89117 ], [ -155.749625, -84.900325 ], [ -155.788138, -84.904598 ], [ -157.581046, -84.882991 ], [ -157.637137, -84.897273 ], [ -157.046622, -84.95721 ], [ -157.009147, -84.968929 ], [ -156.938834, -85.007015 ], [ -155.503959, -85.126033 ], [ -156.069449, -85.134456 ], [ -156.099723, -85.142391 ], [ -155.944571, -85.143489 ], [ -155.901114, -85.157649 ], [ -155.942252, -85.179378 ], [ -155.990714, -85.186336 ], [ -156.927482, -85.195247 ], [ -156.055472, -85.203792 ], [ -156.008414, -85.222102 ], [ -158.163321, -85.164851 ], [ -158.196769, -85.159114 ], [ -158.351493, -85.102962 ], [ -158.423941, -85.09222 ], [ -158.565055, -85.0993 ], [ -158.50994, -85.119685 ], [ -158.465751, -85.15533 ], [ -158.673087, -85.132503 ], [ -158.871451, -85.07635 ], [ -162.848929, -84.883113 ], [ -162.994071, -84.914119 ], [ -163.934623, -84.895198 ], [ -164.047416, -84.876033 ], [ -166.911185, -84.820369 ], [ -167.441703, -84.867488 ], [ -167.554984, -84.848445 ], [ -167.480094, -84.83636 ], [ -167.508231, -84.811946 ], [ -168.018607, -84.781062 ], [ -168.056754, -84.770808 ], [ -168.164847, -84.721858 ], [ -168.123649, -84.695125 ], [ -168.209952, -84.656917 ], [ -168.254691, -84.64825 ], [ -175.178031, -84.414851 ], [ -175.207145, -84.419978 ], [ -175.224784, -84.440242 ], [ -175.142875, -84.452327 ], [ -175.189872, -84.485164 ], [ -175.248893, -84.497493 ], [ -175.881339, -84.54742 ], [ -175.912162, -84.542659 ], [ -175.963004, -84.517024 ], [ -176.042228, -84.493465 ], [ -175.998649, -84.487361 ], [ -176.510611, -84.435481 ], [ -176.457694, -84.419856 ], [ -176.116019, -84.407771 ], [ -176.064322, -84.395931 ], [ -177.106803, -84.383601 ], [ -177.325004, -84.405574 ], [ -177.539542, -84.400203 ], [ -177.704642, -84.418391 ], [ -177.997977, -84.386165 ], [ -178.003043, -84.366756 ], [ -178.032462, -84.356502 ], [ -178.213858, -84.33514 ], [ -178.171561, -84.323787 ], [ -178.297538, -84.307674 ], [ -179.999989, -84.352962 ], [ -179.999989, -77.87469 ], [ -176.860465, -78.122127 ], [ -176.843253, -78.130672 ], [ -176.915519, -78.203914 ], [ -176.868277, -78.213558 ], [ -176.956656, -78.260188 ], [ -176.914542, -78.26971 ], [ -164.983817, -78.611995 ], [ -164.80535, -78.594905 ], [ -164.816947, -78.590755 ], [ -164.712149, -78.566341 ], [ -163.994925, -78.592708 ], [ -163.965567, -78.584285 ], [ -163.786246, -78.602107 ], [ -163.060294, -78.581844 ], [ -163.033744, -78.573299 ], [ -163.049735, -78.570613 ], [ -158.774527, -77.90472 ], [ -158.734488, -77.874934 ], [ -158.637076, -77.864558 ] ], [ [ -164.30535, -79.220149 ], [ -164.222648, -79.285701 ], [ -164.27642, -79.281062 ], [ -164.326529, -79.287532 ], [ -164.300895, -79.301936 ], [ -164.160941, -79.333431 ], [ -163.936637, -79.411678 ], [ -163.570853, -79.454646 ], [ -163.481498, -79.489681 ], [ -160.712882, -79.854549 ], [ -159.069816, -79.818782 ], [ -158.953055, -79.769832 ], [ -158.978446, -79.762019 ], [ -158.958426, -79.739925 ], [ -158.974784, -79.722347 ], [ -159.189139, -79.652766 ], [ -159.216483, -79.634456 ], [ -159.204764, -79.617854 ], [ -159.23516, -79.589168 ], [ -159.377189, -79.550716 ], [ -159.323722, -79.547176 ], [ -159.321647, -79.5368 ], [ -159.334952, -79.528255 ], [ -159.502005, -79.486507 ], [ -159.566398, -79.432552 ], [ -159.842093, -79.348567 ], [ -159.993338, -79.327327 ], [ -160.114066, -79.292903 ], [ -160.294852, -79.265804 ], [ -160.521903, -79.186702 ], [ -161.364066, -78.996883 ], [ -161.372489, -78.985896 ], [ -161.353263, -78.97784 ], [ -161.381888, -78.959285 ], [ -162.144095, -78.792415 ], [ -162.296439, -78.783992 ], [ -162.353202, -78.75262 ], [ -163.242972, -78.706477 ], [ -163.310965, -78.721004 ], [ -163.265006, -78.757259 ], [ -163.300284, -78.773372 ], [ -163.470633, -78.802547 ], [ -163.483939, -78.811336 ], [ -163.63848, -78.844783 ], [ -163.833609, -78.907039 ], [ -163.775199, -78.921199 ], [ -163.778678, -78.930354 ], [ -163.94036, -78.943538 ], [ -163.992423, -78.968074 ], [ -164.148063, -78.992244 ], [ -164.245658, -79.043269 ], [ -164.21691, -79.05865 ], [ -164.202628, -79.084041 ], [ -164.215323, -79.095149 ], [ -164.275382, -79.099544 ], [ -164.271537, -79.120784 ], [ -164.289298, -79.135677 ], [ -164.276481, -79.193782 ], [ -164.30535, -79.220149 ] ], [ [ -155.855399, -79.79742 ], [ -155.827872, -79.815486 ], [ -155.793082, -79.820125 ], [ -155.654105, -79.80389 ], [ -155.581656, -79.782893 ], [ -155.719352, -79.769099 ], [ -155.790458, -79.770076 ], [ -155.8236, -79.778255 ], [ -155.855399, -79.79742 ] ], [ [ -155.665274, -79.816829 ], [ -155.478751, -79.857723 ], [ -155.018302, -79.896175 ], [ -155.028556, -79.915706 ], [ -154.987784, -79.929378 ], [ -154.513907, -79.96429 ], [ -154.452628, -79.981258 ], [ -154.40972, -80.009212 ], [ -154.367667, -80.007015 ], [ -154.309806, -80.016658 ], [ -154.361869, -80.030574 ], [ -153.942557, -80.038753 ], [ -153.894584, -80.020931 ], [ -153.918204, -80.006038 ], [ -155.576896, -79.800349 ], [ -155.665274, -79.816829 ] ], [ [ -162.734244, -79.79388 ], [ -163.162894, -79.739925 ], [ -163.048756, -79.768365 ], [ -163.038077, -79.777156 ], [ -163.065665, -79.782039 ], [ -163.151603, -79.767757 ], [ -163.247977, -79.768489 ], [ -163.400138, -79.782893 ], [ -163.34899, -79.797786 ], [ -162.782645, -79.841731 ], [ -162.731986, -79.83514 ], [ -162.687369, -79.814876 ], [ -162.734244, -79.79388 ] ], [ [ -163.728446, -81.481624 ], [ -160.571036, -81.598933 ], [ -160.445365, -81.590511 ], [ -160.413871, -81.573665 ], [ -160.442191, -81.560237 ], [ -160.685111, -81.514705 ], [ -160.628531, -81.496761 ], [ -160.675712, -81.462947 ], [ -162.983878, -81.27032 ], [ -163.851188, -81.318904 ], [ -163.92266, -81.343318 ], [ -163.94921, -81.378352 ], [ -163.990043, -81.403499 ], [ -163.948844, -81.41888 ], [ -163.670096, -81.454402 ], [ -163.658194, -81.461604 ], [ -163.753165, -81.470516 ], [ -163.728446, -81.481624 ] ], [ [ -158.098502, -82.095882 ], [ -158.06713, -82.102351 ], [ -157.990836, -82.097835 ], [ -157.920768, -82.084773 ], [ -157.808585, -82.039119 ], [ -157.827445, -82.024715 ], [ -157.914847, -82.018245 ], [ -158.246451, -81.954524 ], [ -158.304129, -81.93011 ], [ -158.385733, -81.880672 ], [ -158.892203, -81.781795 ], [ -158.978568, -81.778011 ], [ -159.019095, -81.787654 ], [ -159.000541, -81.818538 ], [ -158.393668, -81.993709 ], [ -158.109671, -82.035335 ], [ -158.067008, -82.048763 ], [ -158.036979, -82.075618 ], [ -158.098502, -82.095882 ] ], [ [ -171.830924, -82.86346 ], [ -169.86315, -83.147395 ], [ -169.802176, -83.184139 ], [ -168.847098, -83.226985 ], [ -168.787284, -83.213802 ], [ -168.810172, -83.201961 ], [ -168.898612, -83.188899 ], [ -169.030326, -83.154231 ], [ -171.820487, -82.824641 ], [ -171.901358, -82.842098 ], [ -171.830924, -82.86346 ] ], [ [ -163.261283, -83.080989 ], [ -162.402396, -83.148372 ], [ -162.012687, -83.126155 ], [ -161.970023, -83.116267 ], [ -161.844169, -83.045467 ], [ -161.575797, -83.024349 ], [ -162.267386, -82.94659 ], [ -162.481437, -82.876643 ], [ -163.749686, -82.833675 ], [ -163.811393, -82.847102 ], [ -163.710013, -82.861385 ], [ -163.688773, -82.871516 ], [ -163.752738, -82.879939 ], [ -163.730399, -82.889827 ], [ -163.602408, -82.907893 ], [ -163.562247, -82.924129 ], [ -163.625113, -82.952937 ], [ -163.629569, -82.970638 ], [ -163.601554, -82.990169 ], [ -163.507071, -83.010921 ], [ -163.295524, -83.026668 ], [ -163.268607, -83.045711 ], [ -163.283866, -83.063167 ], [ -163.261283, -83.080989 ] ] ] } },
{ "type": "Feature", "properties": { "type": "ice_shelf" }, "geometry": { "type": "MultiPolygon", "coordinates": [ [ [ [ 121.174569, -66.778987 ], [ 121.156749, -66.796077 ], [ 121.173595, -66.778987 ], [ 121.174569, -66.778987 ] ] ], [ [ [ 121.174569, -66.778987 ], [ 121.174571, -66.778985 ], [ 121.174571, -66.778987 ], [ 121.174569, -66.778987 ] ] ] ] } },
{ "type": "Feature", "properties": { "type": "ice_shelf" }, "geometry": { "type": "Polygon", "coordinates": [ [ [ -52.518849, -80.20013 ], [ -52.520192, -80.200496 ], [ -52.524037, -80.20074 ], [ -52.518849, -80.20013 ] ] ] } },
{ "type": "Feature", "properties": { "type": "ice_shelf" }, "geometry": { "type": "MultiPolygon", "coordinates": [ [ [ [ -44.098385, -78.165582 ], [ -44.098378, -78.165582 ], [ -44.098378, -78.165584 ], [ -44.098385, -78.165582 ] ] ], [ [ [ -44.098385, -78.165582 ], [ -44.36559, -78.163753 ], [ -44.101308, -78.164729 ], [ -44.098385, -78.165582 ] ] ] ] } },
{ "type": "Feature", "properties": { "type": "ice_shelf" }, "geometry": { "type": "Polygon", "coordinates": [ [ [ 161.620372, -70.202571 ], [ 161.606822, -70.212825 ], [ 161.640147, -70.210628 ], [ 161.63087, -70.220027 ], [ 161.682262, -70.238338 ], [ 161.663463, -70.247371 ], [ 161.693614, -70.248348 ], [ 161.681163, -70.254085 ], [ 161.763072, -70.28802 ], [ 161.759288, -70.323909 ], [ 161.808116, -70.291805 ], [ 161.9015, -70.306087 ], [ 161.934825, -70.316829 ], [ 161.955943, -70.33575 ], [ 161.947887, -70.363704 ], [ 161.985362, -70.393489 ], [ 161.967662, -70.401058 ], [ 162.004161, -70.423518 ], [ 161.996104, -70.46429 ], [ 162.03004, -70.535213 ], [ 162.030284, -70.552791 ], [ 162.012218, -70.57928 ], [ 162.032481, -70.604671 ], [ 162.035289, -70.638362 ], [ 162.085582, -70.662288 ], [ 162.083018, -70.676936 ], [ 162.042857, -70.728938 ], [ 162.039439, -70.76971 ], [ 162.022472, -70.788387 ], [ 162.038097, -70.829524 ], [ 162.060435, -70.846614 ], [ 162.091075, -70.849422 ], [ 162.14503, -70.836116 ], [ 162.218639, -70.854671 ], [ 162.244884, -70.919612 ], [ 162.316661, -70.933772 ], [ 162.428477, -71.031673 ], [ 162.402354, -71.034358 ], [ 162.412608, -71.057063 ], [ 162.432506, -71.071101 ], [ 162.416759, -71.088069 ], [ 162.361583, -71.111385 ], [ 162.340831, -71.109432 ], [ 162.274547, -71.079036 ], [ 162.202159, -71.078304 ], [ 162.144542, -71.064143 ], [ 162.091075, -71.040828 ], [ 162.057017, -71.011531 ], [ 162.094127, -70.976863 ], [ 161.990123, -70.922542 ], [ 161.932994, -70.907283 ], [ 161.72755, -70.925594 ], [ 161.682506, -70.908992 ], [ 161.646373, -70.86346 ], [ 161.594005, -70.882015 ], [ 161.544932, -70.88116 ], [ 161.389537, -70.905818 ], [ 161.361217, -70.900935 ], [ 161.306773, -70.860408 ], [ 161.328624, -70.856746 ], [ 161.331676, -70.842098 ], [ 161.309825, -70.796077 ], [ 161.38087, -70.751643 ], [ 161.451671, -70.686092 ], [ 161.31422, -70.650081 ], [ 161.281505, -70.625667 ], [ 161.274058, -70.602229 ], [ 161.29066, -70.566707 ], [ 161.281749, -70.541805 ], [ 161.263805, -70.528377 ], [ 161.246837, -70.532893 ], [ 161.193858, -70.581477 ], [ 161.17921, -70.575252 ], [ 161.175059, -70.556331 ], [ 161.185435, -70.532039 ], [ 161.248057, -70.495662 ], [ 161.258311, -70.477596 ], [ 161.249034, -70.462215 ], [ 161.186778, -70.412044 ], [ 161.089366, -70.380428 ], [ 161.107555, -70.341363 ], [ 161.090465, -70.319026 ], [ 161.061046, -70.304988 ], [ 161.113414, -70.305476 ], [ 161.172618, -70.270686 ], [ 161.229503, -70.252376 ], [ 161.175792, -70.249324 ], [ 161.125377, -70.230891 ], [ 161.175792, -70.222591 ], [ 161.122325, -70.211849 ], [ 161.117931, -70.197078 ], [ 161.12733, -70.187434 ], [ 161.183482, -70.171809 ], [ 161.566661, -70.140193 ], [ 161.584972, -70.143123 ], [ 161.596568, -70.156307 ], [ 161.608409, -70.191341 ], [ 161.620372, -70.202571 ] ] ] } },
{ "type": "Feature", "properties": { "type": "ice_shelf" }, "geometry": { "type": "Polygon", "coordinates": [ [ [ 167.789561, -70.992732 ], [ 167.80421, -71.012264 ], [ 167.513194, -71.004207 ], [ 167.255626, -71.038387 ], [ 167.18336, -71.03094 ], [ 167.140025, -70.996516 ], [ 167.212901, -70.979793 ], [ 167.418834, -70.962703 ], [ 167.477672, -70.949397 ], [ 167.757457, -70.944148 ], [ 167.808726, -70.958675 ], [ 167.808482, -70.980769 ], [ 167.789561, -70.992732 ] ] ] } },
{ "type": "Feature", "properties": { "type": "ice_shelf" }, "geometry": { "type": "Polygon", "coordinates": [ [ [ 141.181285, -66.777034 ], [ 141.303844, -66.83282 ], [ 141.296519, -66.853816 ], [ 141.281016, -66.861507 ], [ 141.260265, -66.85699 ], [ 141.05775, -66.786311 ], [ 141.130992, -66.770442 ], [ 141.181285, -66.777034 ] ] ] } },
{ "type": "Feature", "properties": { "type": "ice_shelf" }, "geometry": { "type": "Polygon", "coordinates": [ [ [ 143.938731, -67.056941 ], [ 144.088267, -67.042171 ], [ 144.176524, -67.052791 ], [ 144.154674, -67.073299 ], [ 144.127086, -67.161067 ], [ 144.114757, -67.177425 ], [ 144.088512, -67.153743 ], [ 144.069224, -67.086358 ], [ 143.751475, -67.139461 ], [ 143.781139, -67.120784 ], [ 143.855357, -67.094173 ], [ 143.878673, -67.073665 ], [ 143.887218, -67.051326 ], [ 143.88087, -67.038265 ], [ 143.938731, -67.056941 ] ] ] } },
{ "type": "Feature", "properties": { "type": "ice_shelf" }, "geometry": { "type": "Polygon", "coordinates": [ [ [ 163.931285, -70.540584 ], [ 163.988048, -70.551204 ], [ 164.036388, -70.543269 ], [ 164.199962, -70.639339 ], [ 164.126353, -70.661556 ], [ 164.069102, -70.713069 ], [ 164.059825, -70.723933 ], [ 164.058116, -70.745662 ], [ 164.029796, -70.765559 ], [ 164.012218, -70.791072 ], [ 163.974376, -70.782893 ], [ 163.89503, -70.782161 ], [ 163.870616, -70.769466 ], [ 163.865245, -70.752742 ], [ 163.861827, -70.69012 ], [ 163.873668, -70.64178 ], [ 163.866588, -70.626521 ], [ 163.809581, -70.620296 ], [ 163.761851, -70.590633 ], [ 163.677745, -70.590633 ], [ 163.740733, -70.580989 ], [ 163.801768, -70.58514 ], [ 163.792979, -70.570003 ], [ 163.732066, -70.572566 ], [ 163.693858, -70.54449 ], [ 163.652843, -70.563899 ], [ 163.632823, -70.554866 ], [ 163.632457, -70.535579 ], [ 163.658336, -70.49615 ], [ 163.691905, -70.4826 ], [ 163.774303, -70.485164 ], [ 163.841563, -70.507503 ], [ 163.903453, -70.512386 ], [ 163.931285, -70.540584 ] ] ] } },
{ "type": "Feature", "properties": { "type": "ice_shelf" }, "geometry": { "type": "Polygon", "coordinates": [ [ [ 145.584241, -67.393733 ], [ 145.595958, -67.404842 ], [ 145.23817, -67.528255 ], [ 145.054332, -67.635188 ], [ 144.942027, -67.718929 ], [ 144.90504, -67.737727 ], [ 144.809459, -67.754939 ], [ 144.601817, -67.751155 ], [ 144.469127, -67.79449 ], [ 144.425792, -67.824886 ], [ 144.351817, -67.899959 ], [ 144.248668, -67.954524 ], [ 144.185802, -67.939876 ], [ 144.13856, -67.953426 ], [ 144.140636, -67.918514 ], [ 144.155894, -67.885555 ], [ 144.020274, -67.935725 ], [ 143.952647, -67.945857 ], [ 143.880748, -67.933894 ], [ 143.911754, -67.892513 ], [ 143.911632, -67.861018 ], [ 143.954845, -67.833308 ], [ 143.840587, -67.847224 ], [ 143.8567, -67.811946 ], [ 143.90919, -67.75616 ], [ 143.983775, -67.716609 ], [ 144.092784, -67.679622 ], [ 144.14442, -67.645808 ], [ 144.189708, -67.595638 ], [ 144.191905, -67.581233 ], [ 144.164561, -67.52618 ], [ 144.164561, -67.47845 ], [ 144.137584, -67.457454 ], [ 144.084483, -67.445491 ], [ 144.085704, -67.424739 ], [ 144.137096, -67.407039 ], [ 144.146373, -67.392879 ], [ 144.149669, -67.361141 ], [ 144.177257, -67.347102 ], [ 144.248057, -67.413997 ], [ 144.275157, -67.421321 ], [ 144.301036, -67.417415 ], [ 144.376475, -67.365291 ], [ 144.446422, -67.333797 ], [ 144.475597, -67.280696 ], [ 144.514171, -67.234676 ], [ 144.437266, -67.207698 ], [ 144.358531, -67.207332 ], [ 144.321422, -67.171687 ], [ 144.362682, -67.162776 ], [ 144.500987, -67.196712 ], [ 144.556041, -67.195979 ], [ 144.596934, -67.185603 ], [ 144.615733, -67.171443 ], [ 144.637096, -67.182918 ], [ 144.662608, -67.215877 ], [ 144.698741, -67.227596 ], [ 144.813243, -67.204891 ], [ 144.84254, -67.183406 ], [ 144.837657, -67.15118 ], [ 144.891002, -67.174373 ], [ 144.949718, -67.173641 ], [ 144.995372, -67.159236 ], [ 145.033214, -67.174495 ], [ 145.045177, -67.171443 ], [ 145.007091, -67.146053 ], [ 145.070079, -67.134944 ], [ 145.149303, -67.088558 ], [ 145.212535, -67.074153 ], [ 145.993419, -66.70721 ], [ 146.030284, -66.695735 ], [ 146.234508, -66.677058 ], [ 146.317882, -66.699153 ], [ 146.288585, -66.722469 ], [ 146.269176, -66.762019 ], [ 146.191295, -66.811824 ], [ 146.244029, -66.798885 ], [ 146.354991, -66.749446 ], [ 146.410777, -66.750789 ], [ 146.439952, -66.78033 ], [ 146.454967, -66.783138 ], [ 146.635753, -66.771785 ], [ 146.593883, -66.780696 ], [ 146.650035, -66.795223 ], [ 146.629649, -66.82928 ], [ 146.52711, -66.870662 ], [ 146.552379, -66.887752 ], [ 146.45106, -66.929866 ], [ 146.441905, -66.945369 ], [ 146.415172, -66.949031 ], [ 146.356578, -66.981624 ], [ 146.376109, -66.984065 ], [ 146.317638, -67.029109 ], [ 146.318858, -67.05157 ], [ 146.26356, -67.085017 ], [ 146.16273, -67.126766 ], [ 146.212291, -67.139583 ], [ 146.139415, -67.188533 ], [ 145.980357, -67.247737 ], [ 145.950816, -67.248836 ], [ 145.955333, -67.262141 ], [ 145.836803, -67.30511 ], [ 145.729747, -67.361507 ], [ 145.584241, -67.393733 ] ] ] } },
{ "type": "Feature", "properties": { "type": "ice_shelf" }, "geometry": { "type": "Polygon", "coordinates": [ [ [ 159.167857, -69.359798 ], [ 159.149425, -69.37054 ], [ 159.161388, -69.372005 ], [ 159.158092, -69.393245 ], [ 159.259532, -69.430354 ], [ 159.187999, -69.435359 ], [ 159.149425, -69.46136 ], [ 159.11964, -69.516292 ], [ 159.04066, -69.490657 ], [ 158.983043, -69.434993 ], [ 158.959972, -69.398126 ], [ 158.9192, -69.368709 ], [ 158.945811, -69.369197 ], [ 158.986827, -69.352107 ], [ 158.970225, -69.349666 ], [ 158.958751, -69.337581 ], [ 158.996715, -69.3222 ], [ 159.153819, -69.335262 ], [ 159.126598, -69.354305 ], [ 159.167857, -69.359798 ] ] ] } },
{ "type": "Feature", "properties": { "type": "ice_shelf" }, "geometry": { "type": "Polygon", "coordinates": [ [ [ 149.730601, -68.401546 ], [ 149.812999, -68.417901 ], [ 149.883678, -68.463802 ], [ 149.835826, -68.484309 ], [ 149.784923, -68.486995 ], [ 149.481944, -68.418269 ], [ 149.419078, -68.389217 ], [ 149.428722, -68.36993 ], [ 149.45045, -68.366512 ], [ 149.420543, -68.342464 ], [ 149.426158, -68.326595 ], [ 149.454234, -68.319515 ], [ 149.730968, -68.35406 ], [ 149.683604, -68.369319 ], [ 149.730601, -68.401546 ] ] ] } },
{ "type": "Feature", "properties": { "type": "ice_shelf" }, "geometry": { "type": "Polygon", "coordinates": [ [ [ 160.336681, -69.806941 ], [ 160.414928, -69.848079 ], [ 160.424815, -69.83636 ], [ 160.44044, -69.833431 ], [ 160.422496, -69.877498 ], [ 160.509166, -69.875911 ], [ 160.561778, -69.893611 ], [ 160.595103, -69.954036 ], [ 160.503429, -69.97552 ], [ 160.449962, -69.979671 ], [ 160.412852, -69.973445 ], [ 160.524547, -70.032527 ], [ 160.216807, -69.987727 ], [ 160.142833, -69.968807 ], [ 160.014781, -69.996028 ], [ 159.878307, -69.990413 ], [ 159.811046, -69.923763 ], [ 159.770518, -69.917659 ], [ 159.760997, -69.908992 ], [ 159.761241, -69.88531 ], [ 159.78004, -69.874568 ], [ 159.881114, -69.881526 ], [ 159.984874, -69.872249 ], [ 160.09315, -69.88763 ], [ 160.278331, -69.869319 ], [ 160.324351, -69.848933 ], [ 160.341197, -69.828426 ], [ 160.336681, -69.806941 ] ] ] } },
{ "type": "Feature", "properties": { "type": "ice_shelf" }, "geometry": { "type": "Polygon", "coordinates": [ [ [ 146.494517, -67.855647 ], [ 146.576427, -67.871028 ], [ 146.600352, -67.88763 ], [ 146.712901, -67.914119 ], [ 146.719737, -67.956599 ], [ 146.66212, -67.954768 ], [ 146.689708, -67.939021 ], [ 146.64088, -67.943782 ], [ 146.594981, -67.96148 ], [ 146.552989, -67.988948 ], [ 146.543224, -67.987361 ], [ 146.527843, -67.960872 ], [ 146.544444, -67.937557 ], [ 146.504283, -67.935603 ], [ 146.454845, -67.949397 ], [ 146.410167, -67.951717 ], [ 146.385387, -67.915218 ], [ 146.430431, -67.898738 ], [ 146.494517, -67.855647 ] ] ] } },
{ "type": "Feature", "properties": { "type": "ice_shelf" }, "geometry": { "type": "Polygon", "coordinates": [ [ [ 146.414195, -67.710262 ], [ 146.443126, -67.731502 ], [ 146.408702, -67.753474 ], [ 146.3838, -67.792659 ], [ 146.344371, -67.831355 ], [ 146.300914, -67.851375 ], [ 146.263438, -67.835017 ], [ 146.175304, -67.769099 ], [ 146.126475, -67.764827 ], [ 146.109752, -67.749568 ], [ 146.202525, -67.705745 ], [ 146.226329, -67.684749 ], [ 146.276866, -67.676204 ], [ 146.356456, -67.701839 ], [ 146.414195, -67.710262 ] ] ] } },
{ "type": "Feature", "properties": { "type": "ice_shelf" }, "geometry": { "type": "Polygon", "coordinates": [ [ [ 147.045177, -68.006648 ], [ 147.121715, -68.04156 ], [ 147.134044, -68.070979 ], [ 147.317515, -68.139949 ], [ 147.362926, -68.139827 ], [ 147.508678, -68.107112 ], [ 147.583018, -68.106868 ], [ 147.609386, -68.118343 ], [ 147.606944, -68.14886 ], [ 147.66981, -68.150081 ], [ 147.716807, -68.180354 ], [ 147.755626, -68.19427 ], [ 147.947765, -68.214046 ], [ 147.994151, -68.228206 ], [ 148.023814, -68.248836 ], [ 148.012096, -68.275569 ], [ 147.979137, -68.288509 ], [ 147.883067, -68.293636 ], [ 147.851329, -68.279598 ], [ 147.857921, -68.290462 ], [ 147.795543, -68.319392 ], [ 147.723399, -68.319515 ], [ 147.737559, -68.339412 ], [ 147.769786, -68.34222 ], [ 147.835094, -68.330989 ], [ 148.132945, -68.333431 ], [ 148.232677, -68.345516 ], [ 148.61439, -68.336849 ], [ 148.73817, -68.361995 ], [ 148.706432, -68.373714 ], [ 148.678966, -68.40472 ], [ 148.624278, -68.430354 ], [ 148.620372, -68.457332 ], [ 148.611339, -68.468196 ], [ 148.518565, -68.451961 ], [ 148.435435, -68.473323 ], [ 148.288219, -68.466487 ], [ 148.304698, -68.444392 ], [ 148.292735, -68.427425 ], [ 148.241466, -68.414119 ], [ 148.141124, -68.446101 ], [ 148.061046, -68.438289 ], [ 148.033458, -68.442561 ], [ 148.000987, -68.464046 ], [ 147.979747, -68.444881 ], [ 147.984264, -68.423152 ], [ 147.917491, -68.417171 ], [ 147.885753, -68.406429 ], [ 147.849376, -68.370418 ], [ 147.725108, -68.37054 ], [ 147.662364, -68.356624 ], [ 147.628673, -68.356014 ], [ 147.468516, -68.389339 ], [ 147.38734, -68.376521 ], [ 147.230479, -68.412044 ], [ 147.174449, -68.39471 ], [ 147.060435, -68.422786 ], [ 147.030406, -68.415584 ], [ 147.038463, -68.392757 ], [ 147.097179, -68.340999 ], [ 147.097789, -68.311336 ], [ 147.107921, -68.294002 ], [ 146.962413, -68.316585 ], [ 146.947154, -68.315608 ], [ 146.93568, -68.296321 ], [ 146.893687, -68.293269 ], [ 146.805675, -68.319392 ], [ 146.76002, -68.323177 ], [ 146.732188, -68.315974 ], [ 146.71815, -68.303401 ], [ 146.721202, -68.287654 ], [ 146.745128, -68.270686 ], [ 146.859508, -68.209163 ], [ 146.991222, -68.171077 ], [ 147.054942, -68.134822 ], [ 147.076549, -68.101131 ], [ 147.073985, -68.054256 ], [ 147.064708, -68.038753 ], [ 147.024547, -68.033992 ], [ 146.971324, -68.052181 ], [ 146.795177, -68.139095 ], [ 146.704234, -68.169734 ], [ 146.619395, -68.183162 ], [ 146.602306, -68.178523 ], [ 146.580943, -68.150691 ], [ 146.558238, -68.143245 ], [ 146.634288, -68.087093 ], [ 146.804454, -68.000667 ], [ 146.870006, -67.936702 ], [ 147.007579, -67.953426 ], [ 147.01234, -67.981014 ], [ 147.045177, -68.006648 ] ] ] } },
{ "type": "Feature", "properties": { "type": "ice_shelf" }, "geometry": { "type": "Polygon", "coordinates": [ [ [ 157.486949, -69.211238 ], [ 157.512218, -69.218196 ], [ 157.569835, -69.21368 ], [ 157.514415, -69.244685 ], [ 157.498668, -69.261287 ], [ 157.494517, -69.279475 ], [ 157.504771, -69.349544 ], [ 157.519054, -69.362483 ], [ 157.540416, -69.36761 ], [ 157.646129, -69.382503 ], [ 157.531016, -69.412166 ], [ 157.518199, -69.430232 ], [ 157.461925, -69.408382 ], [ 157.422496, -69.43719 ], [ 157.406016, -69.430599 ], [ 157.373546, -69.354671 ], [ 157.343639, -69.323177 ], [ 157.209483, -69.220516 ], [ 157.157725, -69.170589 ], [ 157.109874, -69.156062 ], [ 157.24879, -69.11993 ], [ 157.235606, -69.0993 ], [ 157.250255, -69.080135 ], [ 157.279185, -69.06866 ], [ 157.309581, -69.071101 ], [ 157.374766, -69.104915 ], [ 157.379649, -69.129695 ], [ 157.411021, -69.140559 ], [ 157.396983, -69.146907 ], [ 157.521739, -69.182185 ], [ 157.466685, -69.194515 ], [ 157.486949, -69.211238 ] ] ] } },
{ "type": "Feature", "properties": { "type": "ice_shelf" }, "geometry": { "type": "Polygon", "coordinates": [ [ [ 145.560557, -67.499446 ], [ 145.621104, -67.494685 ], [ 145.860484, -67.530696 ], [ 145.976817, -67.557552 ], [ 146.042613, -67.586726 ], [ 145.917247, -67.589168 ], [ 145.797008, -67.574031 ], [ 145.733409, -67.592952 ], [ 145.688365, -67.700984 ], [ 145.644298, -67.737117 ], [ 145.615855, -67.737117 ], [ 145.545909, -67.712093 ], [ 145.526622, -67.690486 ], [ 145.536632, -67.651302 ], [ 145.529674, -67.641048 ], [ 145.481456, -67.62347 ], [ 145.488902, -67.596614 ], [ 145.484264, -67.576473 ], [ 145.460582, -67.534114 ], [ 145.444347, -67.514827 ], [ 145.431651, -67.511775 ], [ 145.493053, -67.505916 ], [ 145.522472, -67.488948 ], [ 145.560557, -67.499446 ] ] ] } },
{ "type": "Feature", "properties": { "type": "ice_shelf" }, "geometry": { "type": "Polygon", "coordinates": [ [ [ 154.875499, -68.630061 ], [ 154.919444, -68.650203 ], [ 154.955577, -68.678523 ], [ 154.990611, -68.720393 ], [ 155.05189, -68.730281 ], [ 155.13856, -68.762508 ], [ 155.154552, -68.778011 ], [ 155.166148, -68.812923 ], [ 155.206187, -68.829646 ], [ 155.20045, -68.844417 ], [ 155.157725, -68.87347 ], [ 155.132823, -68.870174 ], [ 155.03712, -68.90179 ], [ 155.011119, -68.89886 ], [ 154.985484, -68.885921 ], [ 154.969737, -68.867122 ], [ 154.951182, -68.802913 ], [ 154.844737, -68.727718 ], [ 154.794688, -68.710872 ], [ 154.742564, -68.709773 ], [ 154.69276, -68.730159 ], [ 154.612071, -68.788997 ], [ 154.569347, -68.805599 ], [ 154.518321, -68.804012 ], [ 154.572032, -68.754329 ], [ 154.587535, -68.726375 ], [ 154.568004, -68.706477 ], [ 154.496837, -68.676326 ], [ 154.464, -68.652644 ], [ 154.450328, -68.625789 ], [ 154.635509, -68.630183 ], [ 154.697154, -68.646419 ], [ 154.768321, -68.620662 ], [ 154.875499, -68.630061 ] ] ] } },
{ "type": "Feature", "properties": { "type": "ice_shelf" }, "geometry": { "type": "Polygon", "coordinates": [ [ [ 156.940685, -69.159478 ], [ 156.977428, -69.160823 ], [ 156.892833, -69.190486 ], [ 156.859874, -69.19427 ], [ 156.826671, -69.193538 ], [ 156.788707, -69.172786 ], [ 156.675059, -69.169978 ], [ 156.564342, -69.197078 ], [ 156.484141, -69.206599 ], [ 156.350108, -69.201961 ], [ 156.264903, -69.176814 ], [ 156.262584, -69.153011 ], [ 156.227061, -69.135433 ], [ 156.102183, -69.098811 ], [ 156.031627, -69.116756 ], [ 156.000987, -69.111385 ], [ 155.971812, -69.088191 ], [ 155.96693, -69.039485 ], [ 155.955089, -69.027278 ], [ 155.977672, -69.00677 ], [ 156.021739, -68.996394 ], [ 156.129649, -68.999202 ], [ 156.175548, -68.961849 ], [ 156.197887, -68.95367 ], [ 156.346568, -68.954891 ], [ 156.466319, -68.967586 ], [ 156.496837, -68.984309 ], [ 156.55714, -68.990291 ], [ 156.575938, -69.000667 ], [ 156.58839, -69.020564 ], [ 156.562389, -69.033138 ], [ 156.573741, -69.056575 ], [ 156.646251, -69.119685 ], [ 156.684337, -69.132869 ], [ 156.806773, -69.14764 ], [ 156.8213, -69.143245 ], [ 156.84315, -69.113216 ], [ 156.867686, -69.102962 ], [ 156.942393, -69.10406 ], [ 156.930919, -69.110774 ], [ 156.944835, -69.118221 ], [ 156.948009, -69.130061 ], [ 156.940685, -69.159478 ] ] ] } },
{ "type": "Feature", "properties": { "type": "ice_shelf" }, "geometry": { "type": "Polygon", "coordinates": [ [ [ 153.362193, -68.36407 ], [ 153.365489, -68.386287 ], [ 153.404185, -68.385066 ], [ 153.418101, -68.394832 ], [ 153.486583, -68.404598 ], [ 153.521617, -68.399959 ], [ 153.61964, -68.351985 ], [ 153.683238, -68.379207 ], [ 153.697765, -68.420223 ], [ 153.729259, -68.448665 ], [ 153.865245, -68.493709 ], [ 153.833507, -68.520686 ], [ 153.700572, -68.545711 ], [ 153.778209, -68.616023 ], [ 153.795543, -68.640804 ], [ 153.844981, -68.760433 ], [ 153.69276, -68.76617 ], [ 153.596446, -68.793636 ], [ 153.54835, -68.795955 ], [ 153.381847, -68.768855 ], [ 153.340099, -68.786556 ], [ 153.320323, -68.859432 ], [ 153.270274, -68.862361 ], [ 153.250621, -68.878352 ], [ 153.177501, -68.873348 ], [ 153.093028, -68.879207 ], [ 153.037242, -68.875911 ], [ 152.983409, -68.861629 ], [ 152.863536, -68.789974 ], [ 152.761241, -68.759456 ], [ 152.73524, -68.756648 ], [ 152.648814, -68.770198 ], [ 152.621349, -68.765682 ], [ 152.554698, -68.722469 ], [ 152.526378, -68.7149 ], [ 152.467052, -68.724056 ], [ 152.430675, -68.700984 ], [ 152.403087, -68.698665 ], [ 152.214976, -68.735042 ], [ 152.156505, -68.736385 ], [ 152.091075, -68.710506 ], [ 152.031505, -68.702083 ], [ 151.923839, -68.666805 ], [ 151.614513, -68.698421 ], [ 151.573253, -68.692561 ], [ 151.553233, -68.70721 ], [ 151.552135, -68.727596 ], [ 151.575572, -68.775325 ], [ 151.552745, -68.783626 ], [ 151.573985, -68.80804 ], [ 151.576793, -68.843318 ], [ 151.566905, -68.916805 ], [ 151.419566, -68.893977 ], [ 151.284679, -68.828792 ], [ 151.239757, -68.831599 ], [ 151.163585, -68.87762 ], [ 151.105113, -68.826839 ], [ 151.024913, -68.776912 ], [ 150.991954, -68.727596 ], [ 150.970714, -68.71722 ], [ 151.001598, -68.68951 ], [ 151.07899, -68.57574 ], [ 151.112682, -68.579768 ], [ 151.155772, -68.60284 ], [ 151.253917, -68.629451 ], [ 151.740367, -68.629939 ], [ 151.816295, -68.614803 ], [ 151.886363, -68.585994 ], [ 151.870372, -68.583064 ], [ 151.896129, -68.565242 ], [ 151.881358, -68.561092 ], [ 151.901622, -68.518733 ], [ 151.987437, -68.483699 ], [ 151.962169, -68.47491 ], [ 151.999766, -68.463313 ], [ 151.971324, -68.442561 ], [ 151.999034, -68.432918 ], [ 151.980724, -68.424373 ], [ 151.9994, -68.406551 ], [ 151.952525, -68.382259 ], [ 151.992198, -68.375423 ], [ 152.874278, -68.332454 ], [ 153.079723, -68.294856 ], [ 153.13795, -68.292171 ], [ 153.191173, -68.30157 ], [ 153.229015, -68.327937 ], [ 153.268809, -68.330989 ], [ 153.260753, -68.339412 ], [ 153.331798, -68.349544 ], [ 153.362193, -68.36407 ] ] ] } },
{ "type": "Feature", "properties": { "type": "ice_shelf" }, "geometry": { "type": "Polygon", "coordinates": [ [ [ 169.378673, -73.105769 ], [ 169.408946, -73.109309 ], [ 169.413463, -73.120296 ], [ 169.344493, -73.123348 ], [ 169.334483, -73.14471 ], [ 169.302257, -73.151546 ], [ 169.22755, -73.147517 ], [ 169.219859, -73.132503 ], [ 169.172252, -73.103084 ], [ 169.26649, -73.079158 ], [ 169.333751, -73.076595 ], [ 169.378673, -73.105769 ] ] ] } },
{ "type": "Feature", "properties": { "type": "ice_shelf" }, "geometry": { "type": "Polygon", "coordinates": [ [ [ 162.564342, -76.534602 ], [ 162.68629, -76.550105 ], [ 162.737559, -76.536678 ], [ 162.740489, -76.544734 ], [ 162.825572, -76.5451 ], [ 162.867808, -76.551082 ], [ 162.901866, -76.569392 ], [ 162.840587, -76.590633 ], [ 162.638682, -76.601741 ], [ 162.701915, -76.650935 ], [ 162.491954, -76.656795 ], [ 162.423228, -76.639217 ], [ 162.455089, -76.602474 ], [ 162.473399, -76.597957 ], [ 162.484508, -76.572444 ], [ 162.558726, -76.560359 ], [ 162.534557, -76.546932 ], [ 162.564342, -76.534602 ] ] ] } },
{ "type": "Feature", "properties": { "type": "ice_shelf" }, "geometry": { "type": "Polygon", "coordinates": [ [ [ 165.268687, -74.563045 ], [ 165.12794, -74.567195 ], [ 165.067271, -74.556819 ], [ 165.13087, -74.530086 ], [ 165.17689, -74.526302 ], [ 165.268687, -74.563045 ] ] ] } },
{ "type": "Feature", "properties": { "type": "ice_shelf" }, "geometry": { "type": "Polygon", "coordinates": [ [ [ 163.555308, -74.384212 ], [ 163.532725, -74.432063 ], [ 163.533336, -74.456477 ], [ 163.570689, -74.448177 ], [ 163.671886, -74.474544 ], [ 163.647227, -74.490291 ], [ 163.642833, -74.515804 ], [ 163.662852, -74.596614 ], [ 163.684703, -74.615657 ], [ 163.720225, -74.612361 ], [ 163.787364, -74.624446 ], [ 163.847545, -74.61761 ], [ 163.961681, -74.58514 ], [ 163.925059, -74.557796 ], [ 164.112926, -74.548518 ], [ 164.340831, -74.502132 ], [ 164.496959, -74.56805 ], [ 164.532603, -74.610896 ], [ 164.540538, -74.644344 ], [ 164.575206, -74.700374 ], [ 164.543101, -74.700374 ], [ 164.354747, -74.640804 ], [ 164.241954, -74.627864 ], [ 164.233043, -74.612849 ], [ 164.253307, -74.57928 ], [ 164.302379, -74.552669 ], [ 164.273326, -74.550594 ], [ 164.016368, -74.603206 ], [ 163.803477, -74.68951 ], [ 163.813243, -74.700984 ], [ 163.687755, -74.72552 ], [ 163.714, -74.750667 ], [ 163.726695, -74.782527 ], [ 163.779307, -74.796932 ], [ 163.759898, -74.809627 ], [ 163.836558, -74.833797 ], [ 163.868663, -74.833431 ], [ 163.860606, -74.824519 ], [ 163.86964, -74.81927 ], [ 163.937144, -74.830745 ], [ 163.944102, -74.862239 ], [ 163.955821, -74.866512 ], [ 163.944469, -74.881526 ], [ 163.924937, -74.886653 ], [ 163.837779, -74.873103 ], [ 163.743053, -74.88177 ], [ 163.756969, -74.893489 ], [ 163.726207, -74.906429 ], [ 163.676524, -75.029475 ], [ 163.656383, -75.047298 ], [ 163.586681, -75.076106 ], [ 163.613658, -75.094295 ], [ 163.592052, -75.109676 ], [ 163.516612, -75.123592 ], [ 163.441051, -75.116145 ], [ 163.40211, -75.106136 ], [ 163.386974, -75.090511 ], [ 163.342784, -75.092952 ], [ 163.383067, -75.119197 ], [ 163.376475, -75.128108 ], [ 163.280284, -75.176692 ], [ 163.175059, -75.200618 ], [ 163.09669, -75.191097 ], [ 163.067149, -75.171932 ], [ 163.070689, -75.140437 ], [ 163.12025, -75.112972 ], [ 163.187755, -75.049007 ], [ 163.094737, -75.007381 ], [ 163.122325, -75.046199 ], [ 162.759288, -75.103938 ], [ 162.886485, -75.152522 ], [ 162.911021, -75.171932 ], [ 162.908458, -75.179866 ], [ 162.807506, -75.17889 ], [ 162.701671, -75.152766 ], [ 162.671397, -75.154598 ], [ 162.654552, -75.166805 ], [ 162.579112, -75.137508 ], [ 162.557872, -75.121883 ], [ 162.546275, -75.101131 ], [ 162.62379, -75.093074 ], [ 162.658092, -75.080989 ], [ 162.68568, -75.050716 ], [ 162.631847, -75.042415 ], [ 162.617808, -75.03094 ], [ 162.71046, -75.028255 ], [ 162.757457, -75.016292 ], [ 162.786143, -74.990047 ], [ 162.741954, -74.970638 ], [ 162.689586, -74.959529 ], [ 162.543224, -74.953792 ], [ 162.489635, -74.94366 ], [ 162.452037, -74.921199 ], [ 162.455089, -74.882381 ], [ 162.36378, -74.841609 ], [ 162.404552, -74.837825 ], [ 162.474742, -74.864803 ], [ 162.511485, -74.870784 ], [ 162.552623, -74.864436 ], [ 162.583385, -74.850276 ], [ 162.628184, -74.791072 ], [ 162.601329, -74.778987 ], [ 162.591441, -74.750179 ], [ 162.730846, -74.73138 ], [ 162.770518, -74.712825 ], [ 162.794566, -74.680843 ], [ 162.831065, -74.664974 ], [ 162.838756, -74.651058 ], [ 162.812999, -74.603816 ], [ 162.86378, -74.610286 ], [ 162.937755, -74.604793 ], [ 162.95338, -74.615413 ], [ 163.011974, -74.701473 ], [ 163.045299, -74.70782 ], [ 163.061046, -74.700008 ], [ 163.089244, -74.65826 ], [ 163.167003, -74.607356 ], [ 163.215221, -74.586726 ], [ 163.270763, -74.541805 ], [ 163.227183, -74.50262 ], [ 163.196788, -74.455745 ], [ 163.182017, -74.447078 ], [ 163.097545, -74.445125 ], [ 163.087535, -74.438167 ], [ 163.108409, -74.412654 ], [ 163.256602, -74.41302 ], [ 163.395274, -74.363094 ], [ 163.503673, -74.336971 ], [ 163.535411, -74.340755 ], [ 163.555553, -74.360408 ], [ 163.555308, -74.384212 ] ], [ [ 163.612926, -74.857478 ], [ 163.595103, -74.872737 ], [ 163.603526, -74.896907 ], [ 163.626475, -74.913753 ], [ 163.658702, -74.914974 ], [ 163.695201, -74.892268 ], [ 163.673839, -74.858577 ], [ 163.65089, -74.846614 ], [ 163.614268, -74.843562 ], [ 163.612926, -74.857478 ] ] ] } },
{ "type": "Feature", "properties": { "type": "ice_shelf" }, "geometry": { "type": "MultiPolygon", "coordinates": [ [ [ [ 163.039558, -75.943414 ], [ 163.039561, -75.943414 ], [ 163.039561, -75.943416 ], [ 163.039558, -75.943414 ] ] ], [ [ [ 163.039558, -75.943414 ], [ 162.74586, -75.938533 ], [ 162.648814, -75.947322 ], [ 162.652843, -75.957088 ], [ 162.626842, -75.945491 ], [ 162.559947, -75.939998 ], [ 162.543956, -75.932063 ], [ 162.540538, -75.921809 ], [ 162.577281, -75.909236 ], [ 162.759654, -75.914851 ], [ 162.809093, -75.897517 ], [ 162.858531, -75.915218 ], [ 162.996715, -75.91949 ], [ 163.039558, -75.943414 ] ] ] ] } },
{ "type": "Feature", "properties": { "type": "ice_shelf" }, "geometry": { "type": "Polygon", "coordinates": [ [ [ 162.444713, -76.130061 ], [ 162.523936, -76.146785 ], [ 162.955821, -76.133968 ], [ 163.047618, -76.143245 ], [ 163.010997, -76.179988 ], [ 162.933726, -76.21136 ], [ 162.820933, -76.22076 ], [ 162.687022, -76.211726 ], [ 162.48231, -76.220638 ], [ 162.434947, -76.234309 ], [ 162.345958, -76.275691 ], [ 162.262584, -76.256404 ], [ 162.16627, -76.250301 ], [ 162.162242, -76.218562 ], [ 162.148692, -76.205013 ], [ 162.092296, -76.202205 ], [ 162.115611, -76.170223 ], [ 162.165782, -76.154964 ], [ 162.414073, -76.148128 ], [ 162.444713, -76.130061 ] ] ] } },
{ "type": "Feature", "properties": { "type": "ice_shelf" }, "geometry": { "type": "Polygon", "coordinates": [ [ [ 164.473155, -77.781429 ], [ 164.528941, -77.828426 ], [ 164.496104, -77.85406 ], [ 163.879039, -77.859554 ], [ 163.780772, -77.878841 ], [ 163.728526, -77.879207 ], [ 163.702647, -77.849788 ], [ 163.837657, -77.815852 ], [ 163.975352, -77.802547 ], [ 164.120006, -77.81219 ], [ 164.198985, -77.80804 ], [ 164.243419, -77.782039 ], [ 163.935313, -77.713313 ], [ 163.90919, -77.697933 ], [ 164.191539, -77.658504 ], [ 164.358653, -77.684871 ], [ 164.457896, -77.733089 ], [ 164.474132, -77.75616 ], [ 164.473155, -77.781429 ] ] ] } },
{ "type": "Feature", "properties": { "type": "ice_shelf" }, "geometry": { "type": "Polygon", "coordinates": [ [ [ 170.036632, -77.451106 ], [ 176.048106, -77.636165 ], [ 176.231944, -77.70135 ], [ 180.0, -77.87469 ], [ 180.0, -84.352959 ], [ 179.698253, -84.331355 ], [ 179.601573, -84.311458 ], [ 179.695811, -84.303767 ], [ 179.787974, -84.283992 ], [ 179.750499, -84.269222 ], [ 179.354991, -84.197322 ], [ 178.868785, -84.183284 ], [ 178.78004, -84.171321 ], [ 178.567393, -84.183772 ], [ 178.480113, -84.179134 ], [ 178.406261, -84.155452 ], [ 178.527599, -84.121394 ], [ 178.405284, -84.11761 ], [ 178.217906, -84.144588 ], [ 178.129893, -84.116145 ], [ 177.614146, -84.092464 ], [ 177.558238, -84.080013 ], [ 177.616588, -84.073421 ], [ 177.535289, -84.057918 ], [ 175.677745, -83.961604 ], [ 175.301036, -83.984432 ], [ 175.189342, -83.957576 ], [ 175.161754, -83.957332 ], [ 175.377452, -83.928035 ], [ 175.443126, -83.903255 ], [ 175.122813, -83.869319 ], [ 174.973888, -83.830501 ], [ 173.962169, -83.88177 ], [ 173.881969, -83.861263 ], [ 173.834117, -83.873714 ], [ 173.409068, -83.878108 ], [ 173.29127, -83.856502 ], [ 173.680308, -83.791194 ], [ 173.721324, -83.763606 ], [ 173.619029, -83.749324 ], [ 173.410411, -83.761409 ], [ 173.307872, -83.75262 ], [ 173.319591, -83.73199 ], [ 173.230235, -83.712337 ], [ 172.820689, -83.667903 ], [ 172.368541, -83.677547 ], [ 172.097911, -83.718074 ], [ 172.001231, -83.716853 ], [ 171.914928, -83.687801 ], [ 171.982432, -83.678523 ], [ 172.046764, -83.658504 ], [ 171.866222, -83.644222 ], [ 171.939952, -83.633357 ], [ 171.959727, -83.620174 ], [ 171.789317, -83.610286 ], [ 171.702159, -83.585872 ], [ 171.331187, -83.555476 ], [ 171.003062, -83.568782 ], [ 170.97816, -83.561946 ], [ 171.020763, -83.546443 ], [ 170.971446, -83.545589 ], [ 170.924327, -83.534358 ], [ 171.42628, -83.528987 ], [ 171.576915, -83.500301 ], [ 171.384044, -83.470149 ], [ 171.260753, -83.463313 ], [ 171.193126, -83.445613 ], [ 170.813121, -83.423396 ], [ 170.754039, -83.426326 ], [ 170.744151, -83.448177 ], [ 170.734264, -83.451839 ], [ 170.447642, -83.462459 ], [ 170.403331, -83.491634 ], [ 170.223521, -83.484065 ], [ 170.127696, -83.463313 ], [ 170.086436, -83.448665 ], [ 170.105968, -83.429134 ], [ 170.080577, -83.427181 ], [ 170.059215, -83.413142 ], [ 170.10255, -83.40472 ], [ 169.629649, -83.369075 ], [ 169.584727, -83.398738 ], [ 169.630015, -83.414851 ], [ 169.599864, -83.418147 ], [ 169.560924, -83.446956 ], [ 169.466197, -83.447322 ], [ 169.364146, -83.422054 ], [ 169.427135, -83.370784 ], [ 169.396495, -83.3399 ], [ 169.383556, -83.336849 ], [ 168.660899, -83.397151 ], [ 168.617931, -83.390559 ], [ 168.567393, -83.367854 ], [ 168.474498, -83.352962 ], [ 168.359141, -83.365169 ], [ 168.284679, -83.353084 ], [ 168.161388, -83.368465 ], [ 168.031749, -83.359676 ], [ 167.987682, -83.350398 ], [ 167.955089, -83.328548 ], [ 168.034679, -83.307063 ], [ 167.058116, -83.225887 ], [ 167.024303, -83.217342 ], [ 166.99879, -83.199153 ], [ 167.236949, -83.191829 ], [ 167.74879, -83.255306 ], [ 167.887462, -83.233211 ], [ 168.415172, -83.266902 ], [ 168.503062, -83.248714 ], [ 168.53419, -83.233699 ], [ 168.180919, -83.222713 ], [ 168.076915, -83.183894 ], [ 168.764049, -83.191341 ], [ 168.826915, -83.171199 ], [ 168.868785, -83.145931 ], [ 168.771617, -83.093196 ], [ 168.645396, -83.072078 ], [ 168.600841, -83.055476 ], [ 168.589732, -83.029598 ], [ 168.623424, -83.00616 ], [ 168.592784, -82.99908 ], [ 168.119151, -82.961116 ], [ 168.044322, -82.971492 ], [ 167.891002, -83.024471 ], [ 167.738658, -83.055721 ], [ 167.656749, -83.061702 ], [ 167.424205, -83.026058 ], [ 167.451793, -83.010677 ], [ 167.458018, -82.981258 ], [ 167.106944, -82.969661 ], [ 167.062755, -82.956111 ], [ 167.344737, -82.952937 ], [ 167.408458, -82.924983 ], [ 167.166515, -82.900325 ], [ 167.199229, -82.897517 ], [ 167.333263, -82.858455 ], [ 167.350719, -82.843807 ], [ 167.343761, -82.82928 ], [ 167.306529, -82.817073 ], [ 166.905772, -82.757625 ], [ 166.538219, -82.781551 ], [ 166.430186, -82.750423 ], [ 166.529796, -82.702693 ], [ 166.226817, -82.643611 ], [ 166.108897, -82.652889 ], [ 165.373302, -82.606136 ], [ 165.304942, -82.579524 ], [ 165.395763, -82.573665 ], [ 165.44044, -82.557063 ], [ 165.478404, -82.515804 ], [ 165.537364, -82.507747 ], [ 165.559215, -82.493465 ], [ 165.438243, -82.476497 ], [ 165.351939, -82.434261 ], [ 165.230235, -82.392879 ], [ 164.882335, -82.380183 ], [ 164.730968, -82.355647 ], [ 164.673228, -82.338924 ], [ 163.28004, -82.426326 ], [ 163.164806, -82.449519 ], [ 163.318858, -82.482967 ], [ 163.402965, -82.512386 ], [ 163.439464, -82.545223 ], [ 163.145396, -82.514827 ], [ 163.082042, -82.544734 ], [ 162.934093, -82.53094 ], [ 162.768565, -82.486995 ], [ 162.528697, -82.476619 ], [ 162.442393, -82.494197 ], [ 160.857677, -82.500911 ], [ 160.802135, -82.492 ], [ 160.744395, -82.474544 ], [ 160.639659, -82.422908 ], [ 163.838756, -82.231014 ], [ 163.883678, -82.216487 ], [ 163.916759, -82.190242 ], [ 163.622813, -82.147517 ], [ 163.74171, -82.142146 ], [ 163.7765, -82.128597 ], [ 163.541026, -82.122493 ], [ 163.466075, -82.102962 ], [ 163.565562, -82.099178 ], [ 163.597301, -82.090389 ], [ 163.207286, -82.038509 ], [ 163.248546, -82.023494 ], [ 163.073009, -81.999934 ], [ 162.902232, -81.95013 ], [ 163.004771, -81.950862 ], [ 163.034923, -81.940242 ], [ 162.949718, -81.934749 ], [ 162.898204, -81.919856 ], [ 162.844737, -81.914851 ], [ 162.660655, -81.92303 ], [ 162.610362, -81.912288 ], [ 162.726085, -81.88763 ], [ 162.977306, -81.893123 ], [ 163.102306, -81.873714 ], [ 163.010997, -81.837337 ], [ 162.946544, -81.828792 ], [ 162.893687, -81.807185 ], [ 162.84254, -81.8045 ], [ 162.791515, -81.812923 ], [ 162.75526, -81.831111 ], [ 162.767955, -81.848445 ], [ 162.636485, -81.835994 ], [ 162.327159, -81.84991 ], [ 162.237437, -81.824764 ], [ 162.354381, -81.822688 ], [ 162.469859, -81.807552 ], [ 162.390147, -81.79803 ], [ 162.620372, -81.754329 ], [ 162.506847, -81.746761 ], [ 162.445811, -81.727229 ], [ 162.530528, -81.719051 ], [ 162.474254, -81.710506 ], [ 162.479381, -81.689143 ], [ 161.980846, -81.647273 ], [ 161.913707, -81.633846 ], [ 161.997325, -81.618709 ], [ 161.563975, -81.604671 ], [ 161.50587, -81.584163 ], [ 161.59254, -81.571468 ], [ 161.011485, -81.548763 ], [ 161.471446, -81.489681 ], [ 161.519176, -81.452083 ], [ 161.454112, -81.423518 ], [ 161.015514, -81.448421 ], [ 160.889781, -81.470882 ], [ 160.851573, -81.459407 ], [ 160.882579, -81.439143 ], [ 160.842052, -81.428523 ], [ 160.990001, -81.416805 ], [ 161.072765, -81.384822 ], [ 160.886851, -81.35699 ], [ 160.499156, -81.376033 ], [ 160.401622, -81.392513 ], [ 160.349986, -81.392879 ], [ 160.30775, -81.379817 ], [ 160.361095, -81.360774 ], [ 160.364513, -81.33636 ], [ 160.402476, -81.325618 ], [ 160.591075, -81.324275 ], [ 160.626231, -81.316707 ], [ 160.363292, -81.293636 ], [ 160.260753, -81.249568 ], [ 160.156749, -81.222835 ], [ 160.131969, -81.20367 ], [ 160.919444, -81.270198 ], [ 161.142467, -81.244441 ], [ 161.082042, -81.219051 ], [ 160.87794, -81.2243 ], [ 160.608653, -81.193172 ], [ 160.76588, -81.199519 ], [ 160.814464, -81.189754 ], [ 160.759044, -81.157771 ], [ 160.541515, -81.119197 ], [ 160.774791, -81.125057 ], [ 160.824474, -81.098201 ], [ 160.649181, -81.067317 ], [ 160.596324, -81.047054 ], [ 160.622813, -81.038875 ], [ 160.605235, -81.025813 ], [ 160.547496, -81.00677 ], [ 160.907481, -80.992854 ], [ 160.933971, -80.972224 ], [ 160.876964, -80.950862 ], [ 160.701915, -80.958186 ], [ 160.66566, -80.953059 ], [ 160.640758, -80.934261 ], [ 160.660289, -80.932185 ], [ 160.716563, -80.946468 ], [ 160.876109, -80.914607 ], [ 160.59254, -80.890437 ], [ 160.601573, -80.869197 ], [ 159.749889, -80.829158 ], [ 159.531749, -80.853938 ], [ 159.497569, -80.843196 ], [ 159.602794, -80.798152 ], [ 159.529796, -80.78033 ], [ 159.57838, -80.768001 ], [ 159.746471, -80.792049 ], [ 160.04127, -80.796443 ], [ 160.159923, -80.781551 ], [ 161.240977, -80.803035 ], [ 161.346446, -80.784358 ], [ 161.009288, -80.758601 ], [ 161.101695, -80.742122 ], [ 161.125499, -80.732356 ], [ 161.154552, -80.686824 ], [ 161.195689, -80.683406 ], [ 161.203502, -80.674739 ], [ 161.200938, -80.64825 ], [ 161.179942, -80.637752 ], [ 161.099498, -80.647762 ], [ 160.963878, -80.619685 ], [ 160.857432, -80.610408 ], [ 160.260142, -80.678767 ], [ 159.877696, -80.650203 ], [ 159.855113, -80.642146 ], [ 159.823863, -80.606624 ], [ 159.754161, -80.570735 ], [ 159.817271, -80.568538 ], [ 159.933726, -80.549739 ], [ 159.961436, -80.552913 ], [ 160.037364, -80.585628 ], [ 160.10023, -80.590877 ], [ 160.612071, -80.546809 ], [ 160.664928, -80.52972 ], [ 160.607799, -80.508724 ], [ 160.556651, -80.473811 ], [ 160.624034, -80.470516 ], [ 160.932384, -80.523372 ], [ 160.989879, -80.52264 ], [ 161.04005, -80.498103 ], [ 160.952647, -80.448055 ], [ 160.874278, -80.443538 ], [ 160.840587, -80.40948 ], [ 160.774913, -80.383235 ], [ 158.588023, -80.476985 ], [ 158.531627, -80.457698 ], [ 158.256358, -80.453426 ], [ 158.191295, -80.444392 ], [ 158.172984, -80.41949 ], [ 158.207286, -80.40594 ], [ 158.733165, -80.324641 ], [ 158.786998, -80.299495 ], [ 158.782359, -80.258968 ], [ 161.383311, -79.947078 ], [ 161.470592, -79.901668 ], [ 161.320201, -79.877498 ], [ 160.850963, -79.957454 ], [ 160.793468, -79.955013 ], [ 160.627208, -79.912776 ], [ 160.45753, -79.896541 ], [ 160.370128, -79.861629 ], [ 160.328868, -79.861263 ], [ 159.974254, -79.922176 ], [ 159.82191, -79.925716 ], [ 159.670299, -79.90948 ], [ 159.523692, -79.874934 ], [ 159.598643, -79.863948 ], [ 159.635997, -79.853206 ], [ 159.664928, -79.834407 ], [ 159.624156, -79.825252 ], [ 159.496104, -79.819637 ], [ 159.668101, -79.806453 ], [ 159.788585, -79.779842 ], [ 160.086192, -79.772029 ], [ 160.761485, -79.650813 ], [ 160.840465, -79.618465 ], [ 159.875499, -79.662044 ], [ 159.737071, -79.617244 ], [ 159.719737, -79.602596 ], [ 159.718272, -79.561824 ], [ 159.662242, -79.5451 ], [ 159.63502, -79.525691 ], [ 160.077647, -79.579646 ], [ 160.140758, -79.578548 ], [ 160.245616, -79.539974 ], [ 160.417369, -79.52325 ], [ 160.445079, -79.51324 ], [ 160.50587, -79.465266 ], [ 160.623546, -79.450008 ], [ 160.687511, -79.45013 ], [ 160.75587, -79.467708 ], [ 161.012584, -79.483211 ], [ 161.03419, -79.47491 ], [ 161.027599, -79.442195 ], [ 160.962657, -79.427669 ], [ 160.710704, -79.419246 ], [ 160.661998, -79.40533 ], [ 160.624034, -79.378597 ], [ 160.680064, -79.367488 ], [ 160.72877, -79.340755 ], [ 160.654063, -79.320003 ], [ 160.577403, -79.310237 ], [ 160.496349, -79.311458 ], [ 160.460094, -79.303035 ], [ 160.438975, -79.277034 ], [ 160.510509, -79.257503 ], [ 160.519786, -79.240657 ], [ 160.484874, -79.22552 ], [ 160.495128, -79.199519 ], [ 160.386974, -79.168147 ], [ 160.710094, -79.097224 ], [ 160.747203, -79.074886 ], [ 160.695079, -79.037532 ], [ 161.061046, -79.063411 ], [ 161.098521, -79.059993 ], [ 161.130504, -79.049373 ], [ 161.155528, -78.989436 ], [ 161.198131, -78.962215 ], [ 161.003673, -78.93365 ], [ 161.206798, -78.94305 ], [ 161.263438, -78.918514 ], [ 161.348888, -78.915096 ], [ 161.384044, -78.921809 ], [ 161.430919, -78.957942 ], [ 161.495372, -78.990901 ], [ 161.493419, -79.019588 ], [ 161.777599, -79.069515 ], [ 162.06544, -79.068782 ], [ 161.916515, -78.997615 ], [ 161.875987, -78.962825 ], [ 161.83607, -78.95013 ], [ 161.791759, -78.910091 ], [ 161.632701, -78.871028 ], [ 161.729991, -78.859432 ], [ 161.755382, -78.839412 ], [ 161.668101, -78.807796 ], [ 161.546397, -78.805843 ], [ 161.520763, -78.795467 ], [ 161.556041, -78.749568 ], [ 161.502574, -78.734309 ], [ 161.405528, -78.64178 ], [ 161.372203, -78.590877 ], [ 161.33607, -78.581233 ], [ 161.474498, -78.545955 ], [ 161.507335, -78.515682 ], [ 161.552867, -78.50555 ], [ 161.60255, -78.506404 ], [ 161.698253, -78.521053 ], [ 161.824107, -78.481258 ], [ 161.864024, -78.500789 ], [ 161.875011, -78.522884 ], [ 161.864757, -78.535823 ], [ 161.823131, -78.554622 ], [ 161.781016, -78.599666 ], [ 161.760509, -78.610408 ], [ 161.852794, -78.65533 ], [ 161.90443, -78.670345 ], [ 161.971934, -78.677181 ], [ 162.062999, -78.718807 ], [ 162.125743, -78.759822 ], [ 162.336925, -78.795467 ], [ 162.481944, -78.778987 ], [ 162.524425, -78.796321 ], [ 162.458507, -78.829891 ], [ 162.46461, -78.865535 ], [ 162.452891, -78.877986 ], [ 162.479747, -78.892513 ], [ 162.543468, -78.895076 ], [ 162.591807, -78.934505 ], [ 162.621593, -78.945247 ], [ 162.749278, -78.940608 ], [ 162.805919, -78.926204 ], [ 162.881236, -78.888606 ], [ 162.911265, -78.88177 ], [ 162.882091, -78.857478 ], [ 162.894786, -78.846858 ], [ 162.901378, -78.814388 ], [ 162.969981, -78.801448 ], [ 163.044566, -78.743831 ], [ 163.064952, -78.736873 ], [ 163.138682, -78.745906 ], [ 163.211925, -78.732845 ], [ 163.258556, -78.733089 ], [ 163.355479, -78.744808 ], [ 163.403697, -78.743953 ], [ 163.434825, -78.733821 ], [ 163.470958, -78.779842 ], [ 163.484752, -78.781917 ], [ 163.558604, -78.769588 ], [ 163.542979, -78.743709 ], [ 163.596934, -78.736141 ], [ 163.577525, -78.72076 ], [ 163.641978, -78.716609 ], [ 163.899791, -78.736751 ], [ 163.960216, -78.708186 ], [ 164.043712, -78.712215 ], [ 164.072032, -78.706111 ], [ 163.986583, -78.685848 ], [ 164.071788, -78.687068 ], [ 164.409679, -78.603938 ], [ 165.309703, -78.605403 ], [ 165.48585, -78.58575 ], [ 165.462047, -78.579768 ], [ 165.443614, -78.563655 ], [ 166.08961, -78.566829 ], [ 166.198253, -78.587825 ], [ 166.372813, -78.658748 ], [ 166.41859, -78.685603 ], [ 166.546764, -78.711971 ], [ 167.068248, -78.706722 ], [ 167.202281, -78.681575 ], [ 167.227794, -78.669246 ], [ 167.243053, -78.648006 ], [ 167.235362, -78.623592 ], [ 167.215709, -78.600642 ], [ 167.106334, -78.527522 ], [ 167.058116, -78.50909 ], [ 167.001475, -78.501033 ], [ 166.565318, -78.507137 ], [ 166.345836, -78.472591 ], [ 166.129039, -78.470027 ], [ 165.786876, -78.420711 ], [ 165.730235, -78.399593 ], [ 165.688243, -78.364436 ], [ 165.745494, -78.346248 ], [ 165.761241, -78.334041 ], [ 165.732799, -78.324519 ], [ 165.75172, -78.309749 ], [ 165.737193, -78.289729 ], [ 165.708507, -78.271175 ], [ 165.656139, -78.25555 ], [ 165.566051, -78.254573 ], [ 165.507457, -78.244563 ], [ 165.362071, -78.211482 ], [ 165.337047, -78.198909 ], [ 165.580821, -78.136287 ], [ 165.604381, -78.122493 ], [ 165.61964, -78.102229 ], [ 165.618663, -78.075252 ], [ 165.60609, -78.059383 ], [ 165.5619, -78.033382 ], [ 165.494395, -78.018611 ], [ 165.41627, -78.025325 ], [ 165.306041, -78.087825 ], [ 165.226817, -78.11761 ], [ 165.15565, -78.165584 ], [ 165.23463, -78.193416 ], [ 165.163341, -78.208308 ], [ 165.097179, -78.253963 ], [ 164.758556, -78.291438 ], [ 164.678722, -78.320247 ], [ 164.639659, -78.325618 ], [ 164.531749, -78.317195 ], [ 164.467418, -78.288509 ], [ 164.374034, -78.279109 ], [ 164.207896, -78.225765 ], [ 164.11671, -78.214412 ], [ 163.934337, -78.230891 ], [ 163.842174, -78.226985 ], [ 163.882823, -78.221004 ], [ 164.030772, -78.170955 ], [ 164.183238, -78.143611 ], [ 164.299815, -78.1076 ], [ 164.368663, -78.097957 ], [ 164.401134, -78.085994 ], [ 164.416637, -78.067439 ], [ 164.463634, -78.080623 ], [ 164.59962, -78.058162 ], [ 164.787974, -78.05096 ], [ 164.880382, -78.017635 ], [ 165.160167, -77.979915 ], [ 165.209239, -77.962337 ], [ 165.25294, -77.933162 ], [ 165.274181, -77.898372 ], [ 165.302989, -77.883968 ], [ 165.843516, -77.824153 ], [ 166.708995, -77.912776 ], [ 166.762584, -77.909724 ], [ 166.812999, -77.900691 ], [ 166.83961, -77.883846 ], [ 166.83961, -77.869808 ], [ 166.828746, -77.860774 ], [ 166.767467, -77.846492 ], [ 166.893565, -77.793758 ], [ 167.068858, -77.745418 ], [ 167.257701, -77.715877 ], [ 167.344981, -77.666927 ], [ 167.408092, -77.643977 ], [ 168.087413, -77.645564 ], [ 168.40089, -77.696224 ], [ 168.872569, -77.640437 ], [ 168.912242, -77.630306 ], [ 169.050304, -77.569881 ], [ 169.318248, -77.537166 ], [ 169.36439, -77.522029 ], [ 169.359386, -77.498225 ], [ 169.311168, -77.466243 ], [ 169.448863, -77.453182 ], [ 169.931651, -77.490169 ], [ 169.999034, -77.485774 ], [ 170.036632, -77.451106 ] ], [ [ 167.411143, -78.011165 ], [ 167.348399, -78.058772 ], [ 167.067882, -78.155086 ], [ 166.795665, -78.211604 ], [ 166.652721, -78.161433 ], [ 166.310313, -78.112361 ], [ 166.164317, -78.112972 ], [ 166.132335, -78.090511 ], [ 166.093394, -78.083308 ], [ 165.986095, -78.109676 ], [ 166.034923, -78.19659 ], [ 166.097789, -78.267879 ], [ 166.194224, -78.299373 ], [ 166.315074, -78.310359 ], [ 166.729747, -78.277034 ], [ 166.903209, -78.227474 ], [ 166.947276, -78.222224 ], [ 167.29127, -78.252742 ], [ 167.405528, -78.249202 ], [ 167.496837, -78.226985 ], [ 167.579112, -78.187312 ], [ 167.66566, -78.130916 ], [ 167.624156, -78.081966 ], [ 167.603282, -78.030208 ], [ 167.565318, -78.002742 ], [ 167.511729, -77.992488 ], [ 167.456065, -77.996394 ], [ 167.411143, -78.011165 ] ] ] } },
{ "type": "Feature", "properties": { "type": "ice_shelf" }, "geometry": { "type": "Polygon", "coordinates": [ [ [ 168.157603, -71.142635 ], [ 168.185069, -71.171443 ], [ 168.245372, -71.188167 ], [ 168.189342, -71.199764 ], [ 168.112315, -71.195491 ], [ 167.759898, -71.227962 ], [ 167.741099, -71.222835 ], [ 167.736339, -71.209651 ], [ 167.743297, -71.194513 ], [ 167.76002, -71.183894 ], [ 167.836558, -71.161678 ], [ 167.868419, -71.132259 ], [ 167.927989, -71.147517 ], [ 167.974986, -71.135555 ], [ 168.044322, -71.143733 ], [ 168.065196, -71.13763 ], [ 168.094371, -71.115291 ], [ 168.157603, -71.142635 ] ] ] } },
{ "type": "Feature", "properties": { "type": "ice_shelf" }, "geometry": { "type": "Polygon", "coordinates": [ [ [ 168.706676, -72.359065 ], [ 169.126475, -72.485042 ], [ 169.310557, -72.489192 ], [ 169.392223, -72.466853 ], [ 169.432506, -72.472835 ], [ 169.548595, -72.515071 ], [ 169.567149, -72.514217 ], [ 169.589122, -72.500301 ], [ 169.614513, -72.503597 ], [ 169.700206, -72.548274 ], [ 169.857432, -72.550838 ], [ 169.972545, -72.573177 ], [ 170.09962, -72.611995 ], [ 170.168224, -72.617 ], [ 170.094005, -72.631282 ], [ 170.141978, -72.645076 ], [ 170.17628, -72.667537 ], [ 170.167491, -72.688899 ], [ 170.143321, -72.703426 ], [ 170.091319, -72.714534 ], [ 169.91627, -72.68597 ], [ 169.865489, -72.69366 ], [ 169.872569, -72.709163 ], [ 169.678844, -72.665584 ], [ 169.625621, -72.664607 ], [ 169.497203, -72.68719 ], [ 169.40211, -72.654842 ], [ 169.402354, -72.640071 ], [ 169.386363, -72.617854 ], [ 169.30189, -72.577327 ], [ 168.918834, -72.583308 ], [ 168.86732, -72.575984 ], [ 168.316173, -72.373592 ], [ 168.407848, -72.368831 ], [ 168.594249, -72.386775 ], [ 168.641612, -72.382381 ], [ 168.677867, -72.363094 ], [ 168.706676, -72.359065 ] ] ] } },
{ "type": "Feature", "properties": { "type": "ice_shelf" }, "geometry": { "type": "Polygon", "coordinates": [ [ [ 164.896007, -73.999568 ], [ 165.056895, -74.018001 ], [ 165.06776, -74.04803 ], [ 165.097911, -74.056819 ], [ 165.10377, -74.072322 ], [ 165.146129, -74.097835 ], [ 165.137706, -74.106624 ], [ 165.1515, -74.110042 ], [ 165.138805, -74.123225 ], [ 165.152599, -74.126399 ], [ 165.123668, -74.158504 ], [ 165.084239, -74.167659 ], [ 165.040538, -74.160457 ], [ 164.999522, -74.143245 ], [ 165.060191, -74.133846 ], [ 164.98817, -74.128719 ], [ 164.90443, -74.080013 ], [ 164.86024, -74.083675 ], [ 164.81837, -74.040218 ], [ 164.787974, -74.021907 ], [ 164.75648, -74.016536 ], [ 164.715831, -74.041194 ], [ 164.679088, -74.04449 ], [ 164.669688, -74.03326 ], [ 164.672496, -73.999568 ], [ 164.593272, -74.019466 ], [ 164.595592, -73.986751 ], [ 164.587779, -73.979793 ], [ 164.521251, -73.960138 ], [ 164.410777, -73.943416 ], [ 164.468272, -73.929134 ], [ 164.591563, -73.926692 ], [ 164.823741, -73.9649 ], [ 164.896007, -73.999568 ] ] ] } },
{ "type": "Feature", "properties": { "type": "ice_shelf" }, "geometry": { "type": "Polygon", "coordinates": [ [ [ 140.045055, -66.66888 ], [ 140.159923, -66.696712 ], [ 140.102306, -66.713558 ], [ 140.119517, -66.729183 ], [ 140.081554, -66.733211 ], [ 140.021739, -66.774471 ], [ 139.965465, -66.751888 ], [ 139.915538, -66.757625 ], [ 139.822765, -66.796932 ], [ 139.823741, -66.771541 ], [ 139.841563, -66.750301 ], [ 139.891856, -66.721614 ], [ 139.859508, -66.689021 ], [ 139.945689, -66.696468 ], [ 140.045055, -66.66888 ] ] ] } },
{ "type": "Feature", "properties": { "type": "ice_shelf" }, "geometry": { "type": "Polygon", "coordinates": [ [ [ 170.561168, -71.952693 ], [ 170.537608, -71.954158 ], [ 170.544932, -71.975642 ], [ 170.478404, -71.981868 ], [ 170.497447, -71.996516 ], [ 170.524425, -71.998958 ], [ 170.504283, -72.008846 ], [ 170.392955, -72.015437 ], [ 170.212291, -72.005672 ], [ 170.256358, -71.950738 ], [ 170.229625, -71.939388 ], [ 170.138438, -71.931941 ], [ 170.25587, -71.872127 ], [ 170.302379, -71.821101 ], [ 170.333995, -71.800838 ], [ 170.391856, -71.84344 ], [ 170.430553, -71.857845 ], [ 170.444835, -71.882503 ], [ 170.498057, -71.895931 ], [ 170.579234, -71.938045 ], [ 170.561168, -71.952693 ] ] ] } },
{ "type": "Feature", "properties": { "type": "ice_shelf" }, "geometry": { "type": "Polygon", "coordinates": [ [ [ 170.149547, -72.291194 ], [ 170.166515, -72.315486 ], [ 170.181407, -72.322566 ], [ 170.224864, -72.325618 ], [ 170.118175, -72.353328 ], [ 170.046397, -72.401912 ], [ 169.942882, -72.426204 ], [ 169.885265, -72.429988 ], [ 169.857677, -72.413265 ], [ 169.86671, -72.397029 ], [ 170.004771, -72.293025 ], [ 170.053966, -72.2951 ], [ 170.121471, -72.285457 ], [ 170.149547, -72.291194 ] ] ] } },
{ "type": "Feature", "properties": { "type": "ice_shelf" }, "geometry": { "type": "Polygon", "coordinates": [ [ [ 166.194835, -73.489803 ], [ 166.451427, -73.59283 ], [ 166.472301, -73.581233 ], [ 166.590343, -73.590389 ], [ 166.614268, -73.580867 ], [ 166.660167, -73.518611 ], [ 166.701915, -73.492488 ], [ 166.747325, -73.486385 ], [ 166.792125, -73.497371 ], [ 166.832774, -73.522029 ], [ 166.781749, -73.539485 ], [ 166.827281, -73.548274 ], [ 166.83961, -73.558406 ], [ 166.81544, -73.577693 ], [ 166.83839, -73.588802 ], [ 166.857921, -73.585506 ], [ 166.865489, -73.606502 ], [ 167.055431, -73.635066 ], [ 167.041148, -73.650935 ], [ 166.998424, -73.668391 ], [ 166.925914, -73.669856 ], [ 166.878917, -73.654842 ], [ 166.869395, -73.666316 ], [ 166.835948, -73.652034 ], [ 166.724864, -73.646907 ], [ 166.716319, -73.629329 ], [ 166.670177, -73.619075 ], [ 166.68629, -73.609676 ], [ 166.654307, -73.599544 ], [ 166.595348, -73.607967 ], [ 166.505504, -73.653255 ], [ 166.613414, -73.652278 ], [ 166.589732, -73.670345 ], [ 166.661388, -73.667415 ], [ 166.750987, -73.704402 ], [ 166.737682, -73.710506 ], [ 166.801402, -73.737727 ], [ 166.757091, -73.752742 ], [ 166.447032, -73.797786 ], [ 166.408214, -73.785823 ], [ 166.420543, -73.77618 ], [ 166.380626, -73.779353 ], [ 166.404307, -73.756526 ], [ 166.383556, -73.758357 ], [ 166.326915, -73.740779 ], [ 166.337413, -73.728694 ], [ 166.292003, -73.726497 ], [ 166.26649, -73.708919 ], [ 166.150645, -73.700862 ], [ 166.17921, -73.691585 ], [ 166.200816, -73.671809 ], [ 165.996349, -73.622737 ], [ 165.844737, -73.607234 ], [ 165.82545, -73.598323 ], [ 165.817027, -73.578182 ], [ 165.873668, -73.565852 ], [ 166.139415, -73.573787 ], [ 166.218516, -73.566219 ], [ 166.11964, -73.51617 ], [ 166.093394, -73.493465 ], [ 166.139781, -73.48199 ], [ 166.194835, -73.489803 ] ] ] } },
{ "type": "Feature", "properties": { "type": "ice_shelf" }, "geometry": { "type": "Polygon", "coordinates": [ [ [ 166.151988, -73.906673 ], [ 166.124644, -73.915218 ], [ 165.786998, -73.87469 ], [ 165.793101, -73.872493 ], [ 165.683116, -73.85345 ], [ 165.583018, -73.80511 ], [ 165.670299, -73.796932 ], [ 165.856334, -73.822322 ], [ 165.842662, -73.83636 ], [ 165.916759, -73.864558 ], [ 166.151988, -73.906673 ] ] ] } },
{ "type": "Feature", "properties": { "type": "ice_shelf" }, "geometry": { "type": "Polygon", "coordinates": [ [ [ 168.589366, -73.362239 ], [ 168.565929, -73.356258 ], [ 168.605113, -73.397151 ], [ 168.616222, -73.440486 ], [ 168.596202, -73.451106 ], [ 168.565318, -73.448299 ], [ 168.617198, -73.462337 ], [ 168.632701, -73.472835 ], [ 168.617198, -73.477718 ], [ 168.629527, -73.482967 ], [ 168.601573, -73.4826 ], [ 168.619395, -73.491756 ], [ 168.61024, -73.503719 ], [ 168.569469, -73.516414 ], [ 168.58192, -73.521785 ], [ 168.546764, -73.525569 ], [ 168.565196, -73.53094 ], [ 168.565318, -73.545833 ], [ 168.540172, -73.574641 ], [ 168.397838, -73.598567 ], [ 168.303477, -73.598445 ], [ 167.952769, -73.541316 ], [ 167.546886, -73.532771 ], [ 167.463267, -73.500667 ], [ 167.431163, -73.504573 ], [ 167.305308, -73.476863 ], [ 167.223643, -73.476985 ], [ 167.275401, -73.452693 ], [ 167.225841, -73.434505 ], [ 167.221934, -73.418269 ], [ 167.249644, -73.405452 ], [ 167.36317, -73.394344 ], [ 167.42628, -73.40533 ], [ 167.464732, -73.398006 ], [ 167.52003, -73.419734 ], [ 167.678966, -73.447322 ], [ 167.716441, -73.446834 ], [ 167.753184, -73.432063 ], [ 167.641124, -73.382137 ], [ 167.623057, -73.359309 ], [ 167.756847, -73.368465 ], [ 167.929332, -73.358699 ], [ 167.445933, -73.30389 ], [ 167.331432, -73.313655 ], [ 167.295909, -73.303645 ], [ 167.311534, -73.273616 ], [ 167.095225, -73.252132 ], [ 166.975108, -73.275081 ], [ 166.913097, -73.299861 ], [ 166.82252, -73.354305 ], [ 166.777599, -73.365291 ], [ 166.739513, -73.329158 ], [ 166.872081, -73.22137 ], [ 166.776378, -73.189143 ], [ 166.738414, -73.161922 ], [ 166.705577, -73.120906 ], [ 166.729747, -73.117732 ], [ 166.746349, -73.105403 ], [ 166.766856, -73.064876 ], [ 166.549327, -73.028499 ], [ 166.458507, -72.995052 ], [ 166.414073, -72.986751 ], [ 166.356212, -72.94781 ], [ 166.330821, -72.913753 ], [ 166.340831, -72.903987 ], [ 166.365489, -72.900447 ], [ 166.454845, -72.899959 ], [ 166.540294, -72.882015 ], [ 166.583018, -72.882015 ], [ 166.520518, -72.929744 ], [ 166.563975, -72.956599 ], [ 166.616466, -72.973079 ], [ 166.835582, -72.997371 ], [ 166.9463, -73.023982 ], [ 166.991222, -73.052547 ], [ 167.058482, -73.129085 ], [ 167.171397, -73.153011 ], [ 167.504039, -73.148616 ], [ 167.644786, -73.114681 ], [ 167.693858, -73.144954 ], [ 167.780772, -73.152889 ], [ 167.865855, -73.129451 ], [ 167.955333, -73.135555 ], [ 168.041515, -73.117488 ], [ 168.162974, -73.153011 ], [ 168.226939, -73.137752 ], [ 168.304332, -73.163997 ], [ 168.334117, -73.165584 ], [ 168.381114, -73.147884 ], [ 168.39796, -73.128963 ], [ 168.402476, -73.102962 ], [ 168.297618, -72.990291 ], [ 168.334972, -72.970393 ], [ 168.394054, -72.972102 ], [ 168.540538, -73.008601 ], [ 168.638927, -73.067806 ], [ 168.752696, -73.076961 ], [ 168.761729, -73.097469 ], [ 168.73585, -73.104183 ], [ 168.714488, -73.120052 ], [ 168.794566, -73.12347 ], [ 168.851085, -73.102718 ], [ 168.941295, -73.087947 ], [ 168.975108, -73.091487 ], [ 169.005748, -73.110408 ], [ 168.954845, -73.115413 ], [ 168.945079, -73.135555 ], [ 168.886851, -73.163142 ], [ 168.879039, -73.178401 ], [ 168.887706, -73.193904 ], [ 168.911265, -73.209407 ], [ 168.893932, -73.223445 ], [ 168.934581, -73.241023 ], [ 168.982799, -73.238826 ], [ 168.979747, -73.263973 ], [ 169.014903, -73.270564 ], [ 169.108653, -73.312312 ], [ 169.054454, -73.345882 ], [ 168.991954, -73.361018 ], [ 169.159679, -73.387752 ], [ 169.184825, -73.384212 ], [ 169.153941, -73.412288 ], [ 169.166148, -73.451106 ], [ 169.15443, -73.462459 ], [ 169.008189, -73.503597 ], [ 168.966197, -73.506038 ], [ 168.735484, -73.427913 ], [ 168.615367, -73.366023 ], [ 168.640636, -73.357967 ], [ 168.589366, -73.362239 ] ] ] } },
{ "type": "Feature", "properties": { "type": "ice_shelf" }, "geometry": { "type": "Polygon", "coordinates": [ [ [ 167.18275, -73.505794 ], [ 167.291392, -73.571224 ], [ 167.306407, -73.582942 ], [ 167.302501, -73.593074 ], [ 167.225474, -73.585384 ], [ 167.122813, -73.511287 ], [ 167.098643, -73.505916 ], [ 167.072765, -73.518611 ], [ 167.076915, -73.51263 ], [ 167.056651, -73.49908 ], [ 166.989268, -73.465144 ], [ 167.021739, -73.462337 ], [ 167.11732, -73.478816 ], [ 167.18275, -73.505794 ] ] ] } },
{ "type": "Feature", "properties": { "type": "ice_shelf" }, "geometry": { "type": "Polygon", "coordinates": [ [ [ 162.563121, -75.233941 ], [ 162.563121, -75.233943 ], [ 162.521861, -75.216365 ], [ 162.563121, -75.233941 ] ] ] } },
{ "type": "Feature", "properties": { "type": "ice_shelf" }, "geometry": { "type": "Polygon", "coordinates": [ [ [ -72.486806, -72.590266 ], [ -72.507558, -72.618099 ], [ -72.524342, -72.607845 ], [ -72.662526, -72.602351 ], [ -72.546193, -72.561824 ], [ -72.432118, -72.553523 ], [ -72.486806, -72.590266 ] ] ] } },
{ "type": "Feature", "properties": { "type": "ice_shelf" }, "geometry": { "type": "Polygon", "coordinates": [ [ [ -72.169606, -71.674983 ], [ -72.188771, -71.70782 ], [ -72.166127, -71.699886 ], [ -72.137196, -71.701717 ], [ -72.018605, -71.733577 ], [ -72.001332, -71.754207 ], [ -71.916921, -71.772273 ], [ -71.877492, -71.797908 ], [ -71.832204, -71.799251 ], [ -71.823659, -71.845027 ], [ -71.82787, -71.855159 ], [ -71.858083, -71.872371 ], [ -71.855946, -71.887141 ], [ -71.829762, -71.898616 ], [ -71.788442, -71.898616 ], [ -71.484242, -71.840633 ], [ -71.394215, -71.833431 ], [ -71.305409, -71.840877 ], [ -71.166554, -71.879817 ], [ -71.116383, -71.884578 ], [ -70.856435, -71.84576 ], [ -70.719655, -71.905696 ], [ -70.752919, -71.920223 ], [ -70.762685, -71.932308 ], [ -70.758962, -71.949397 ], [ -70.734425, -71.968074 ], [ -70.741872, -71.981014 ], [ -70.769765, -71.989681 ], [ -71.086903, -72.049617 ], [ -72.011586, -72.119808 ], [ -72.042958, -72.134456 ], [ -72.055226, -72.158138 ], [ -71.663991, -72.218684 ], [ -71.695241, -72.234432 ], [ -71.552602, -72.278499 ], [ -71.367177, -72.287898 ], [ -71.043691, -72.257625 ], [ -70.736195, -72.178523 ], [ -70.457692, -72.140193 ], [ -70.363515, -72.156429 ], [ -70.327931, -72.175105 ], [ -70.319203, -72.199031 ], [ -70.302235, -72.210262 ], [ -70.182912, -72.222224 ], [ -70.116322, -72.238582 ], [ -70.150563, -72.248225 ], [ -70.183339, -72.27386 ], [ -70.614674, -72.353328 ], [ -70.628041, -72.383235 ], [ -70.709706, -72.396419 ], [ -71.871083, -72.348811 ], [ -72.064931, -72.318294 ], [ -72.11205, -72.320979 ], [ -72.13329, -72.330379 ], [ -72.135121, -72.34698 ], [ -72.118703, -72.360042 ], [ -72.179677, -72.362483 ], [ -72.239858, -72.345638 ], [ -72.272084, -72.315608 ], [ -72.320607, -72.296075 ], [ -72.453908, -72.276912 ], [ -72.671132, -72.271541 ], [ -72.715321, -72.26385 ], [ -72.817799, -72.265804 ], [ -72.968678, -72.240169 ], [ -73.013173, -72.220516 ], [ -73.043019, -72.184871 ], [ -73.064443, -72.143367 ], [ -73.0808, -72.131892 ], [ -73.199941, -72.103572 ], [ -73.277211, -72.070857 ], [ -73.332143, -72.061702 ], [ -73.634511, -72.051204 ], [ -73.501332, -72.012508 ], [ -73.878835, -71.864192 ], [ -73.789052, -71.838558 ], [ -73.504628, -71.835506 ], [ -73.408437, -71.8493 ], [ -73.223683, -71.89764 ], [ -73.035085, -71.926448 ], [ -72.947011, -71.929012 ], [ -72.859364, -71.920955 ], [ -72.779897, -71.9024 ], [ -72.741506, -71.885433 ], [ -72.711537, -71.860896 ], [ -72.675038, -71.790584 ], [ -72.689015, -71.782527 ], [ -72.683095, -71.739925 ], [ -72.638173, -71.7326 ], [ -72.549306, -71.748348 ], [ -72.540578, -71.731502 ], [ -72.440907, -71.69659 ], [ -72.447194, -71.67889 ], [ -72.44109, -71.666438 ], [ -72.363637, -71.639339 ], [ -72.344472, -71.614925 ], [ -72.247792, -71.62408 ], [ -72.263051, -71.642024 ], [ -72.169606, -71.674983 ] ], [ [ -70.446462, -72.228084 ], [ -70.584462, -72.225032 ], [ -70.653554, -72.250789 ], [ -70.601186, -72.280208 ], [ -70.538442, -72.278255 ], [ -70.417592, -72.238338 ], [ -70.446462, -72.228084 ] ] ] } },
{ "type": "Feature", "properties": { "type": "ice_shelf" }, "geometry": { "type": "Polygon", "coordinates": [ [ [ -67.269643, -69.287898 ], [ -67.289784, -69.35992 ], [ -67.324391, -69.37469 ], [ -67.339101, -69.394832 ], [ -67.335011, -69.410335 ], [ -67.274403, -69.443782 ], [ -67.28423, -69.456966 ], [ -67.392262, -69.502864 ], [ -67.438466, -69.499568 ], [ -67.527516, -69.43365 ], [ -67.769154, -69.377498 ], [ -67.668568, -69.348079 ], [ -67.687062, -69.33514 ], [ -67.644643, -69.316829 ], [ -67.586598, -69.312801 ], [ -67.51714, -69.290828 ], [ -67.408986, -69.295589 ], [ -67.24413, -69.269222 ], [ -67.269643, -69.287898 ] ] ] } },
{ "type": "Feature", "properties": { "type": "ice_shelf" }, "geometry": { "type": "Polygon", "coordinates": [ [ [ -75.499989, -73.424983 ], [ -75.499989, -73.694637 ], [ -75.533009, -73.708186 ], [ -75.593312, -73.715877 ], [ -75.707204, -73.712215 ], [ -75.81609, -73.730647 ], [ -75.897817, -73.727107 ], [ -75.966054, -73.751643 ], [ -76.211659, -73.782771 ], [ -76.277211, -73.820857 ], [ -76.302846, -73.823421 ], [ -76.509816, -73.815974 ], [ -76.603871, -73.78741 ], [ -76.77831, -73.79034 ], [ -76.931325, -73.83282 ], [ -77.048451, -73.878352 ], [ -77.122426, -73.870784 ], [ -77.242421, -73.812434 ], [ -76.994801, -73.708675 ], [ -76.940907, -73.668025 ], [ -76.728139, -73.591853 ], [ -76.705495, -73.57159 ], [ -76.69872, -73.547542 ], [ -76.71819, -73.523494 ], [ -76.78008, -73.48907 ], [ -76.87975, -73.458553 ], [ -77.079213, -73.462459 ], [ -77.214589, -73.509212 ], [ -77.244069, -73.51263 ], [ -77.331227, -73.508357 ], [ -77.441945, -73.472347 ], [ -77.531178, -73.467464 ], [ -77.851857, -73.522517 ], [ -77.973195, -73.523494 ], [ -78.201222, -73.556331 ], [ -78.501393, -73.556575 ], [ -78.584645, -73.582088 ], [ -78.782704, -73.611751 ], [ -78.84496, -73.608821 ], [ -78.867421, -73.5993 ], [ -78.871816, -73.583186 ], [ -78.858144, -73.541683 ], [ -78.860463, -73.51971 ], [ -78.824635, -73.485164 ], [ -78.763722, -73.445613 ], [ -78.742482, -73.413387 ], [ -78.743398, -73.384212 ], [ -78.717702, -73.399593 ], [ -78.698354, -73.390193 ], [ -78.617238, -73.380916 ], [ -78.543324, -73.39471 ], [ -78.37444, -73.387508 ], [ -78.385121, -73.394954 ], [ -78.360341, -73.400691 ], [ -78.147267, -73.362483 ], [ -78.175954, -73.344661 ], [ -78.244496, -73.32928 ], [ -78.265492, -73.313045 ], [ -78.260365, -73.271419 ], [ -78.306691, -73.24493 ], [ -78.325734, -73.215389 ], [ -78.2907, -73.206599 ], [ -78.224233, -73.172298 ], [ -78.121999, -73.143611 ], [ -78.053944, -73.132137 ], [ -77.920094, -73.131648 ], [ -77.847768, -73.143245 ], [ -77.808705, -73.171077 ], [ -77.837453, -73.175227 ], [ -77.699391, -73.200008 ], [ -77.705556, -73.213069 ], [ -77.608022, -73.241512 ], [ -77.582875, -73.2597 ], [ -77.581654, -73.274593 ], [ -77.624684, -73.303645 ], [ -77.574086, -73.319881 ], [ -77.451527, -73.295345 ], [ -77.396352, -73.292659 ], [ -77.408315, -73.2774 ], [ -77.346181, -73.267757 ], [ -77.327809, -73.257015 ], [ -77.356801, -73.240413 ], [ -77.321401, -73.213924 ], [ -77.360219, -73.214656 ], [ -77.480031, -73.179256 ], [ -77.434193, -73.161311 ], [ -77.383901, -73.158992 ], [ -77.409474, -73.153987 ], [ -77.414967, -73.116634 ], [ -77.458119, -73.09344 ], [ -77.396352, -73.074153 ], [ -77.378896, -73.058162 ], [ -77.403737, -73.040218 ], [ -77.366994, -72.994319 ], [ -77.38683, -72.987849 ], [ -78.046498, -72.978816 ], [ -78.100514, -72.988826 ], [ -78.194264, -72.981502 ], [ -78.403188, -72.997005 ], [ -78.470082, -73.028011 ], [ -78.57018, -73.048152 ], [ -78.587819, -73.073665 ], [ -78.67632, -73.08636 ], [ -78.748341, -73.107478 ], [ -78.825795, -73.118099 ], [ -78.907277, -73.113094 ], [ -78.98766, -73.094905 ], [ -79.195119, -73.016902 ], [ -79.233571, -72.982967 ], [ -79.289174, -72.959163 ], [ -79.339223, -72.923518 ], [ -79.286672, -72.872859 ], [ -79.006154, -72.813655 ], [ -78.906545, -72.819759 ], [ -78.730397, -72.78033 ], [ -78.673634, -72.751277 ], [ -78.663808, -72.728694 ], [ -78.674977, -72.709407 ], [ -78.743886, -72.661189 ], [ -78.736073, -72.646785 ], [ -78.748525, -72.63531 ], [ -78.848134, -72.573299 ], [ -78.931935, -72.537288 ], [ -79.019154, -72.514461 ], [ -79.227528, -72.492488 ], [ -79.263783, -72.476009 ], [ -79.27953, -72.451106 ], [ -79.260121, -72.418025 ], [ -79.194692, -72.365413 ], [ -79.196462, -72.350642 ], [ -79.190419, -72.347347 ], [ -78.955922, -72.300349 ], [ -78.88036, -72.297176 ], [ -78.646962, -72.325008 ], [ -78.650624, -72.336604 ], [ -78.553456, -72.362727 ], [ -78.504567, -72.386775 ], [ -78.465382, -72.458308 ], [ -78.422719, -72.479671 ], [ -78.126454, -72.512386 ], [ -78.025868, -72.507625 ], [ -77.934377, -72.489314 ], [ -77.731313, -72.418758 ], [ -77.62859, -72.399104 ], [ -77.469838, -72.415584 ], [ -77.421498, -72.427913 ], [ -77.336171, -72.472591 ], [ -77.3131, -72.496639 ], [ -77.315297, -72.509944 ], [ -77.339467, -72.538265 ], [ -77.34435, -72.56219 ], [ -77.32787, -72.577327 ], [ -77.141896, -72.606502 ], [ -76.710866, -72.5722 ], [ -76.596974, -72.531307 ], [ -76.532338, -72.52618 ], [ -76.46996, -72.536311 ], [ -76.445912, -72.550349 ], [ -76.432118, -72.571956 ], [ -76.441579, -72.647517 ], [ -76.42748, -72.665462 ], [ -76.374196, -72.666683 ], [ -76.374562, -72.680599 ], [ -76.309316, -72.674739 ], [ -76.32787, -72.685237 ], [ -76.297475, -72.698665 ], [ -76.194325, -72.703426 ], [ -76.131215, -72.730037 ], [ -76.063283, -72.736751 ], [ -76.0584, -72.76678 ], [ -76.011586, -72.788631 ], [ -75.912221, -72.813655 ], [ -75.787892, -72.870784 ], [ -75.73235, -72.885433 ], [ -75.775746, -72.893611 ], [ -75.704335, -72.922786 ], [ -75.501088, -72.989314 ], [ -75.406728, -73.002498 ], [ -75.210988, -73.00555 ], [ -75.036427, -73.038997 ], [ -75.096303, -73.055843 ], [ -75.372731, -73.046321 ], [ -75.433217, -73.054744 ], [ -75.460927, -73.073543 ], [ -75.416798, -73.106746 ], [ -75.524526, -73.113338 ], [ -75.748158, -73.057674 ], [ -75.858205, -73.047664 ], [ -76.039174, -73.084285 ], [ -76.074147, -73.098811 ], [ -76.103139, -73.122859 ], [ -76.126088, -73.158748 ], [ -76.030995, -73.28387 ], [ -75.874501, -73.346614 ], [ -75.499989, -73.424983 ] ] ] } },
{ "type": "Feature", "properties": { "type": "ice_shelf" }, "geometry": { "type": "Polygon", "coordinates": [ [ [ -75.499989, -73.694637 ], [ -75.499989, -73.424983 ], [ -74.593129, -73.614558 ], [ -74.519399, -73.606014 ], [ -74.465321, -73.583064 ], [ -74.418446, -73.548274 ], [ -74.381886, -73.480281 ], [ -74.36089, -73.460384 ], [ -74.441213, -73.433772 ], [ -74.474477, -73.401912 ], [ -74.552358, -73.387386 ], [ -74.53008, -73.354915 ], [ -74.532399, -73.331722 ], [ -74.554616, -73.316829 ], [ -74.591908, -73.308772 ], [ -74.757985, -73.303157 ], [ -74.694692, -73.276546 ], [ -74.508412, -73.252376 ], [ -74.500234, -73.207942 ], [ -74.432973, -73.182063 ], [ -74.414723, -73.167659 ], [ -74.386098, -73.10284 ], [ -74.323232, -73.067195 ], [ -74.287282, -73.091609 ], [ -74.236928, -73.103206 ], [ -74.024892, -73.098933 ], [ -73.887196, -73.120906 ], [ -73.898305, -73.149226 ], [ -73.866383, -73.16888 ], [ -73.874928, -73.189754 ], [ -73.911244, -73.205257 ], [ -73.990102, -73.218074 ], [ -74.063588, -73.220271 ], [ -74.002919, -73.251521 ], [ -74.150868, -73.279231 ], [ -74.159169, -73.30804 ], [ -74.145619, -73.323543 ], [ -74.063161, -73.353206 ], [ -74.062001, -73.391902 ], [ -74.035878, -73.407039 ], [ -74.014699, -73.406307 ], [ -73.999562, -73.397884 ], [ -74.000478, -73.380306 ], [ -73.979726, -73.368465 ], [ -73.91039, -73.373103 ], [ -73.838857, -73.334651 ], [ -73.76061, -73.31451 ], [ -73.708363, -73.29156 ], [ -73.687734, -73.273006 ], [ -73.705678, -73.236507 ], [ -73.692128, -73.216975 ], [ -73.52245, -73.130183 ], [ -73.538319, -73.130183 ], [ -73.449635, -73.125301 ], [ -73.255971, -73.084895 ], [ -73.193898, -73.035823 ], [ -73.171437, -73.038509 ], [ -73.03423, -73.101863 ], [ -72.974721, -73.143001 ], [ -72.937184, -73.119075 ], [ -72.913075, -73.119075 ], [ -72.649037, -73.148128 ], [ -72.357472, -73.109187 ], [ -72.331471, -73.125301 ], [ -72.258168, -73.116756 ], [ -72.225209, -73.136165 ], [ -72.216298, -73.133601 ], [ -72.151357, -73.094417 ], [ -72.158742, -73.061946 ], [ -72.117787, -73.035945 ], [ -72.114125, -73.007137 ], [ -72.144399, -72.966853 ], [ -72.204213, -72.950984 ], [ -72.235341, -72.95721 ], [ -72.302541, -72.947933 ], [ -72.397084, -72.914119 ], [ -72.348378, -72.895198 ], [ -72.341176, -72.883968 ], [ -72.362904, -72.845516 ], [ -72.412892, -72.798152 ], [ -72.40746, -72.764705 ], [ -72.413442, -72.739436 ], [ -72.355275, -72.729183 ], [ -72.335866, -72.720882 ], [ -72.330617, -72.710262 ], [ -72.363332, -72.672298 ], [ -71.460072, -72.629329 ], [ -70.923085, -72.650935 ], [ -70.873769, -72.633724 ], [ -70.861684, -72.591609 ], [ -70.84789, -72.580989 ], [ -70.743337, -72.558894 ], [ -70.709279, -72.5722 ], [ -70.690053, -72.642757 ], [ -70.670888, -72.659724 ], [ -70.646169, -72.667049 ], [ -70.523793, -72.667537 ], [ -70.25652, -72.63055 ], [ -70.069814, -72.6347 ], [ -69.218129, -72.542903 ], [ -69.140309, -72.502132 ], [ -69.213368, -72.469539 ], [ -69.227467, -72.426692 ], [ -69.157521, -72.414607 ], [ -69.157338, -72.391414 ], [ -69.138783, -72.375423 ], [ -69.006093, -72.366145 ], [ -68.949696, -72.37054 ], [ -68.915395, -72.361141 ], [ -68.900075, -72.348933 ], [ -68.909535, -72.332088 ], [ -68.902943, -72.315364 ], [ -68.912831, -72.293025 ], [ -68.854237, -72.293636 ], [ -68.770192, -72.274349 ], [ -68.7506, -72.264827 ], [ -68.772694, -72.246761 ], [ -68.774098, -72.234554 ], [ -68.762746, -72.223445 ], [ -68.71642, -72.213924 ], [ -68.668691, -72.216731 ], [ -68.496693, -72.251643 ], [ -68.436086, -72.240779 ], [ -68.414113, -72.219661 ], [ -68.408864, -72.154109 ], [ -68.390248, -72.120418 ], [ -68.351003, -72.083431 ], [ -68.341847, -72.057063 ], [ -68.358632, -72.021175 ], [ -68.416127, -71.988948 ], [ -68.428822, -71.948421 ], [ -68.483144, -71.896907 ], [ -68.425526, -71.890926 ], [ -68.307362, -71.89532 ], [ -68.249745, -71.883113 ], [ -68.220509, -71.858333 ], [ -68.208608, -71.821101 ], [ -68.207326, -71.663753 ], [ -68.192128, -71.633357 ], [ -68.161244, -71.606502 ], [ -68.197316, -71.569637 ], [ -68.236928, -71.481014 ], [ -68.273915, -71.43658 ], [ -68.255605, -71.408992 ], [ -68.267323, -71.367854 ], [ -68.258107, -71.350887 ], [ -68.226796, -71.341243 ], [ -68.237294, -71.317561 ], [ -68.243398, -71.235652 ], [ -68.238088, -71.16888 ], [ -68.295705, -71.097957 ], [ -68.272511, -71.074397 ], [ -68.309987, -71.016536 ], [ -68.293874, -70.990291 ], [ -68.308034, -70.903011 ], [ -68.299123, -70.869075 ], [ -68.308644, -70.854183 ], [ -68.345631, -70.835506 ], [ -68.45403, -70.823177 ], [ -68.481191, -70.809505 ], [ -68.330129, -70.799739 ], [ -68.357106, -70.774959 ], [ -68.39391, -70.757137 ], [ -68.384694, -70.733211 ], [ -68.427419, -70.707332 ], [ -68.426503, -70.668636 ], [ -68.439992, -70.65179 ], [ -68.476552, -70.639461 ], [ -68.466298, -70.614558 ], [ -68.584706, -70.552791 ], [ -68.65984, -70.430354 ], [ -68.720387, -70.369075 ], [ -69.027455, -70.159724 ], [ -69.158803, -70.035823 ], [ -69.132314, -70.040706 ], [ -69.08788, -70.067928 ], [ -69.040517, -70.041438 ], [ -69.008107, -70.034602 ], [ -68.842275, -70.041316 ], [ -68.552541, -70.090877 ], [ -68.430287, -70.085628 ], [ -68.343434, -70.100887 ], [ -68.305776, -70.122615 ], [ -68.285817, -70.152034 ], [ -68.190663, -70.23492 ], [ -68.068593, -70.25555 ], [ -68.024159, -70.282405 ], [ -67.980397, -70.287776 ], [ -67.949391, -70.311824 ], [ -67.900441, -70.390559 ], [ -67.855885, -70.501033 ], [ -67.759267, -70.554012 ], [ -67.674428, -70.639827 ], [ -67.683949, -70.687557 ], [ -67.667592, -70.720149 ], [ -67.704579, -70.763362 ], [ -67.64269, -70.854915 ], [ -67.613088, -70.880061 ], [ -67.551259, -70.90887 ], [ -67.512196, -70.953304 ], [ -67.411061, -70.992854 ], [ -67.425221, -71.036189 ], [ -67.420888, -71.055476 ], [ -67.401418, -71.070491 ], [ -67.465749, -71.078548 ], [ -67.498402, -71.090755 ], [ -67.514027, -71.111263 ], [ -67.506642, -71.131404 ], [ -67.467275, -71.167293 ], [ -67.45818, -71.189876 ], [ -67.544606, -71.207454 ], [ -67.486501, -71.213069 ], [ -67.458241, -71.222224 ], [ -67.443959, -71.238948 ], [ -67.472951, -71.248348 ], [ -67.499013, -71.28094 ], [ -67.536244, -71.296199 ], [ -67.601125, -71.353206 ], [ -67.617421, -71.377254 ], [ -67.622609, -71.433406 ], [ -67.57842, -71.474422 ], [ -67.524709, -71.507625 ], [ -67.501088, -71.54034 ], [ -67.481313, -71.587093 ], [ -67.424123, -71.62054 ], [ -67.14214, -71.722713 ], [ -67.102895, -71.752986 ], [ -67.181264, -71.766902 ], [ -66.995046, -71.877132 ], [ -66.890004, -71.898128 ], [ -66.869313, -71.907527 ], [ -66.855702, -71.944637 ], [ -66.792165, -71.960628 ], [ -66.779042, -71.985408 ], [ -66.786488, -72.025325 ], [ -66.747975, -72.092098 ], [ -66.750844, -72.113094 ], [ -66.790456, -72.157405 ], [ -66.919362, -72.223933 ], [ -66.929433, -72.236263 ], [ -66.928029, -72.277522 ], [ -66.939137, -72.291438 ], [ -66.972524, -72.308284 ], [ -66.978261, -72.349544 ], [ -67.052846, -72.380794 ], [ -67.095387, -72.412776 ], [ -67.151296, -72.42889 ], [ -67.189504, -72.461238 ], [ -67.218434, -72.500301 ], [ -67.221852, -72.593684 ], [ -67.266347, -72.621028 ], [ -67.375295, -72.664607 ], [ -67.452931, -72.71429 ], [ -67.504079, -72.736385 ], [ -67.533803, -72.768123 ], [ -67.511037, -72.834041 ], [ -67.662709, -72.877864 ], [ -67.738759, -72.852107 ], [ -67.78893, -72.853694 ], [ -67.836903, -72.869563 ], [ -67.913075, -72.918147 ], [ -67.942433, -72.928279 ], [ -68.466786, -73.015682 ], [ -68.537526, -73.053767 ], [ -68.596669, -73.05743 ], [ -68.667348, -73.088191 ], [ -68.841542, -73.112239 ], [ -68.916737, -73.103572 ], [ -69.336964, -73.18011 ], [ -69.918813, -73.218562 ], [ -70.292958, -73.293391 ], [ -70.346669, -73.290584 ], [ -70.426381, -73.269222 ], [ -70.507741, -73.275447 ], [ -70.882924, -73.256038 ], [ -71.062001, -73.266414 ], [ -71.422902, -73.353816 ], [ -71.542409, -73.361263 ], [ -71.749318, -73.351619 ], [ -71.863637, -73.378841 ], [ -72.001637, -73.373348 ], [ -72.239247, -73.388973 ], [ -72.417348, -73.436092 ], [ -72.355763, -73.454036 ], [ -72.384511, -73.469905 ], [ -72.513539, -73.460872 ], [ -72.643422, -73.469661 ], [ -72.828908, -73.443904 ], [ -73.073048, -73.444392 ], [ -73.139089, -73.468929 ], [ -73.207082, -73.548396 ], [ -73.228505, -73.559749 ], [ -73.310292, -73.569637 ], [ -73.450429, -73.564998 ], [ -73.497487, -73.581966 ], [ -73.55901, -73.640559 ], [ -73.572804, -73.645198 ], [ -73.589467, -73.640315 ], [ -73.59911, -73.627986 ], [ -73.59203, -73.611141 ], [ -73.626698, -73.59283 ], [ -73.657216, -73.583308 ], [ -73.686513, -73.589046 ], [ -73.738637, -73.63409 ], [ -73.76946, -73.648738 ], [ -73.863515, -73.66656 ], [ -73.949086, -73.709651 ], [ -74.025319, -73.723933 ], [ -74.105153, -73.716121 ], [ -74.27715, -73.662654 ], [ -74.341054, -73.673518 ], [ -74.41161, -73.671565 ], [ -74.512807, -73.716853 ], [ -74.612233, -73.736141 ], [ -74.662831, -73.735408 ], [ -74.781728, -73.669368 ], [ -74.907582, -73.642391 ], [ -75.268117, -73.62115 ], [ -75.356679, -73.635677 ], [ -75.499989, -73.694637 ] ], [ [ -73.787587, -73.396419 ], [ -73.735097, -73.370052 ], [ -73.755238, -73.355647 ], [ -73.779347, -73.359309 ], [ -73.823842, -73.387508 ], [ -73.787587, -73.396419 ] ], [ [ -71.920277, -73.258601 ], [ -71.854482, -73.24554 ], [ -71.796559, -73.219783 ], [ -71.885671, -73.188899 ], [ -71.980824, -73.181087 ], [ -72.080861, -73.194637 ], [ -72.096181, -73.214534 ], [ -72.049062, -73.243709 ], [ -71.987294, -73.258357 ], [ -71.920277, -73.258601 ] ] ] } },
{ "type": "Feature", "properties": { "type": "ice_shelf" }, "geometry": { "type": "Polygon", "coordinates": [ [ [ -74.384633, -71.561092 ], [ -74.396962, -71.583675 ], [ -74.295888, -71.625301 ], [ -74.278737, -71.636043 ], [ -74.278615, -71.650813 ], [ -74.28954, -71.658016 ], [ -74.390248, -71.668147 ], [ -74.644032, -71.626521 ], [ -74.76891, -71.565608 ], [ -74.69518, -71.579524 ], [ -74.460561, -71.554988 ], [ -74.420949, -71.536556 ], [ -74.427724, -71.499812 ], [ -74.388722, -71.538387 ], [ -74.384633, -71.561092 ] ] ] } },
{ "type": "Feature", "properties": { "type": "ice_shelf" }, "geometry": { "type": "Polygon", "coordinates": [ [ [ -67.925404, -69.305599 ], [ -67.853017, -69.338191 ], [ -67.848744, -69.346126 ], [ -67.8579, -69.363826 ], [ -67.953297, -69.374568 ], [ -68.001454, -69.366023 ], [ -68.008717, -69.327571 ], [ -67.977467, -69.31097 ], [ -67.925404, -69.305599 ] ] ] } },
{ "type": "Feature", "properties": { "type": "ice_shelf" }, "geometry": { "type": "Polygon", "coordinates": [ [ [ -74.155751, -70.584651 ], [ -74.100697, -70.658626 ], [ -74.175038, -70.643245 ], [ -74.249745, -70.606136 ], [ -74.155751, -70.584651 ] ] ] } },
{ "type": "Feature", "properties": { "type": "ice_shelf" }, "geometry": { "type": "Polygon", "coordinates": [ [ [ -80.232533, -73.417659 ], [ -80.271413, -73.422542 ], [ -80.393788, -73.414241 ], [ -80.607106, -73.335628 ], [ -80.427602, -73.335262 ], [ -80.357167, -73.320979 ], [ -80.351796, -73.345516 ], [ -80.324696, -73.362727 ], [ -80.225453, -73.399593 ], [ -80.196767, -73.401912 ], [ -80.232533, -73.417659 ] ] ] } },
{ "type": "Feature", "properties": { "type": "ice_shelf" }, "geometry": { "type": "Polygon", "coordinates": [ [ [ -66.890736, -69.013973 ], [ -66.944936, -69.050349 ], [ -66.84203, -69.035091 ], [ -66.789296, -69.036067 ], [ -66.759145, -69.071224 ], [ -66.910512, -69.100396 ], [ -66.956349, -69.122493 ], [ -66.844533, -69.175594 ], [ -66.874562, -69.220882 ], [ -66.893971, -69.232356 ], [ -67.009572, -69.262508 ], [ -67.122914, -69.260677 ], [ -67.154347, -69.238704 ], [ -67.191029, -69.231868 ], [ -67.172597, -69.210384 ], [ -67.187367, -69.184871 ], [ -67.237233, -69.140926 ], [ -67.203786, -69.126277 ], [ -67.196156, -69.101497 ], [ -67.17339, -69.083064 ], [ -67.136098, -69.076595 ], [ -67.116567, -69.062312 ], [ -67.02776, -69.057918 ], [ -66.974416, -69.031184 ], [ -67.132619, -69.004207 ], [ -67.179616, -68.969539 ], [ -67.253163, -68.944392 ], [ -66.878102, -68.964412 ], [ -66.844899, -68.972957 ], [ -66.827077, -68.997493 ], [ -66.890736, -69.013973 ] ] ] } },
{ "type": "Feature", "properties": { "type": "ice_shelf" }, "geometry": { "type": "Polygon", "coordinates": [ [ [ -74.567189, -70.792537 ], [ -74.59612, -70.794246 ], [ -74.680898, -70.698177 ], [ -74.500783, -70.686336 ], [ -74.465382, -70.662044 ], [ -74.469899, -70.751399 ], [ -74.567189, -70.792537 ] ] ] } },
{ "type": "Feature", "properties": { "type": "ice_shelf" }, "geometry": { "type": "Polygon", "coordinates": [ [ [ -73.45873, -71.595393 ], [ -73.525136, -71.606258 ], [ -73.580617, -71.56805 ], [ -73.756886, -71.51031 ], [ -73.852223, -71.455623 ], [ -74.050038, -71.4024 ], [ -73.851064, -71.400935 ], [ -73.784901, -71.391048 ], [ -73.655934, -71.351863 ], [ -73.669301, -71.367976 ], [ -73.672536, -71.38885 ], [ -73.660085, -71.410579 ], [ -73.583058, -71.456355 ], [ -73.404469, -71.498592 ], [ -73.336415, -71.5368 ], [ -73.45873, -71.595393 ] ] ] } },
{ "type": "Feature", "properties": { "type": "ice_shelf" }, "geometry": { "type": "Polygon", "coordinates": [ [ [ -72.315297, -71.288997 ], [ -72.173818, -71.330257 ], [ -72.218739, -71.342098 ], [ -72.216908, -71.351497 ], [ -72.188893, -71.373103 ], [ -72.567372, -71.364192 ], [ -72.610036, -71.374812 ], [ -72.627187, -71.399715 ], [ -72.757375, -71.404598 ], [ -73.401845, -71.316341 ], [ -73.345876, -71.304378 ], [ -73.282826, -71.273616 ], [ -73.271901, -71.262996 ], [ -73.280263, -71.224666 ], [ -73.240529, -71.190486 ], [ -73.128774, -71.183162 ], [ -73.094655, -71.167903 ], [ -73.10143, -71.156184 ], [ -73.053517, -71.181697 ], [ -72.895802, -71.230403 ], [ -72.315297, -71.288997 ] ] ] } },
{ "type": "Feature", "properties": { "type": "ice_shelf" }, "geometry": { "type": "Polygon", "coordinates": [ [ [ -71.86144, -69.751643 ], [ -71.879567, -69.759822 ], [ -71.879384, -69.767757 ], [ -71.834584, -69.799739 ], [ -71.846425, -69.848567 ], [ -71.910695, -69.894344 ], [ -71.892323, -69.910213 ], [ -71.925954, -69.932674 ], [ -71.932118, -69.940486 ], [ -71.927663, -69.954158 ], [ -71.841786, -69.994441 ], [ -71.811086, -70.027644 ], [ -71.784474, -70.042293 ], [ -71.697499, -70.075496 ], [ -71.548146, -70.110774 ], [ -71.399587, -70.127864 ], [ -71.316884, -70.177303 ], [ -71.151845, -70.188167 ], [ -71.059193, -70.224056 ], [ -70.999867, -70.211849 ], [ -70.963673, -70.220271 ], [ -70.939259, -70.216365 ], [ -70.821034, -70.164851 ], [ -70.791737, -70.159358 ], [ -70.801015, -70.149104 ], [ -70.796559, -70.134334 ], [ -70.779775, -70.125667 ], [ -70.697987, -70.114803 ], [ -70.652089, -70.120296 ], [ -70.540822, -70.166194 ], [ -70.473622, -70.167903 ], [ -70.230702, -70.136409 ], [ -70.195668, -70.140071 ], [ -70.178334, -70.150569 ], [ -70.16924, -70.168636 ], [ -70.244008, -70.192073 ], [ -70.23644, -70.223323 ], [ -70.242055, -70.229793 ], [ -70.231801, -70.235164 ], [ -70.111195, -70.242732 ], [ -69.669484, -70.353938 ], [ -69.614003, -70.375667 ], [ -69.58849, -70.393489 ], [ -69.576466, -70.417171 ], [ -69.596059, -70.423396 ], [ -69.694569, -70.420589 ], [ -70.078175, -70.332454 ], [ -70.117482, -70.329891 ], [ -70.998586, -70.465755 ], [ -71.022084, -70.484432 ], [ -71.003102, -70.51385 ], [ -71.057668, -70.540096 ], [ -71.076344, -70.560725 ], [ -71.221364, -70.626033 ], [ -71.25237, -70.64886 ], [ -71.266469, -70.68011 ], [ -71.233937, -70.693416 ], [ -71.209828, -70.73846 ], [ -71.166066, -70.755916 ], [ -71.002187, -70.765559 ], [ -70.786916, -70.820247 ], [ -70.701283, -70.831844 ], [ -70.402699, -70.819148 ], [ -70.212636, -70.840144 ], [ -70.15392, -70.857967 ], [ -70.019887, -70.84991 ], [ -69.930287, -70.881526 ], [ -69.853627, -70.835506 ], [ -69.786672, -70.85345 ], [ -69.776235, -70.858089 ], [ -69.780141, -70.867732 ], [ -69.809682, -70.884334 ], [ -69.789174, -70.899349 ], [ -69.820119, -70.925716 ], [ -69.836537, -70.961849 ], [ -69.823903, -71.005794 ], [ -69.796681, -71.043636 ], [ -69.812245, -71.050105 ], [ -69.836354, -71.082332 ], [ -69.838002, -71.151912 ], [ -69.878896, -71.148372 ], [ -69.878896, -71.156795 ], [ -69.887441, -71.159358 ], [ -69.933217, -71.160213 ], [ -69.996755, -71.15179 ], [ -70.208485, -70.988094 ], [ -70.299184, -70.952449 ], [ -70.411183, -70.945369 ], [ -70.717885, -70.99847 ], [ -70.804494, -70.997859 ], [ -71.025502, -70.962215 ], [ -71.151723, -70.997493 ], [ -71.343556, -70.966121 ], [ -71.357045, -70.97137 ], [ -71.363637, -70.990047 ], [ -71.350758, -71.006038 ], [ -71.309926, -71.02325 ], [ -71.35967, -71.069148 ], [ -71.546315, -71.136653 ], [ -71.690053, -71.15887 ], [ -72.395436, -71.06512 ], [ -72.532155, -71.07574 ], [ -72.786061, -71.062801 ], [ -72.817006, -71.068416 ], [ -72.859975, -71.095027 ], [ -72.98113, -71.102107 ], [ -72.947011, -71.086482 ], [ -73.032338, -71.028987 ], [ -73.078053, -71.013973 ], [ -73.244374, -71.004939 ], [ -73.298695, -70.992366 ], [ -73.31786, -70.962703 ], [ -73.260854, -70.896297 ], [ -73.266774, -70.870418 ], [ -73.289296, -70.85052 ], [ -73.318288, -70.837215 ], [ -73.569753, -70.782405 ], [ -73.659291, -70.785335 ], [ -73.559255, -70.74969 ], [ -73.547414, -70.716243 ], [ -73.617848, -70.669612 ], [ -73.883901, -70.570613 ], [ -74.010121, -70.551936 ], [ -73.9381, -70.532405 ], [ -73.93694, -70.506892 ], [ -74.634694, -70.163142 ], [ -74.746693, -70.159969 ], [ -74.711415, -70.141536 ], [ -74.618214, -70.114314 ], [ -74.58904, -70.091121 ], [ -74.579274, -70.073421 ], [ -74.63091, -70.046077 ], [ -74.649464, -70.008968 ], [ -74.471608, -70.064266 ], [ -74.330251, -70.08282 ], [ -74.286244, -70.095516 ], [ -74.211415, -70.148616 ], [ -74.099965, -70.187801 ], [ -73.608876, -70.296932 ], [ -73.503774, -70.299129 ], [ -73.470631, -70.277034 ], [ -73.415883, -70.269466 ], [ -73.380055, -70.252376 ], [ -73.289967, -70.231136 ], [ -73.235036, -70.206722 ], [ -73.202382, -70.174617 ], [ -73.191151, -70.154231 ], [ -73.192738, -70.13824 ], [ -73.178944, -70.134334 ], [ -73.211415, -70.088191 ], [ -73.190297, -70.057796 ], [ -73.175282, -70.049251 ], [ -72.728627, -70.023738 ], [ -72.683461, -70.008357 ], [ -72.654652, -69.978816 ], [ -72.676869, -69.970271 ], [ -72.692311, -69.952571 ], [ -72.673268, -69.943538 ], [ -72.710561, -69.918758 ], [ -72.67809, -69.897395 ], [ -72.57665, -69.86639 ], [ -72.485036, -69.792171 ], [ -72.485097, -69.770686 ], [ -72.506337, -69.724178 ], [ -72.526723, -69.697688 ], [ -72.550771, -69.682796 ], [ -72.205312, -69.734432 ], [ -72.18517, -69.729305 ], [ -72.184743, -69.719173 ], [ -72.203114, -69.700496 ], [ -72.197682, -69.690852 ], [ -72.158498, -69.684749 ], [ -72.10912, -69.701228 ], [ -72.034596, -69.740779 ], [ -72.002553, -69.751766 ], [ -71.970387, -69.751888 ], [ -72.018483, -69.710994 ], [ -71.949696, -69.682796 ], [ -71.955373, -69.67303 ], [ -71.927907, -69.68597 ], [ -71.895131, -69.689754 ], [ -71.911549, -69.708431 ], [ -71.86144, -69.751643 ] ], [ [ -70.758839, -70.264095 ], [ -70.776112, -70.327571 ], [ -70.70342, -70.334285 ], [ -70.667104, -70.326839 ], [ -70.638173, -70.306697 ], [ -70.653493, -70.276912 ], [ -70.632436, -70.254939 ], [ -70.654225, -70.246516 ], [ -70.722218, -70.240779 ], [ -70.746083, -70.249812 ], [ -70.758839, -70.264095 ] ], [ [ -71.405568, -70.377986 ], [ -71.318593, -70.298885 ], [ -71.408742, -70.265559 ], [ -71.500356, -70.27679 ], [ -71.588307, -70.298152 ], [ -71.667592, -70.295833 ], [ -71.682851, -70.264827 ], [ -71.731618, -70.270074 ], [ -71.816457, -70.295833 ], [ -71.76476, -70.336482 ], [ -71.766652, -70.369685 ], [ -71.758962, -70.387264 ], [ -71.680837, -70.446956 ], [ -71.641957, -70.452693 ], [ -71.534474, -70.436336 ], [ -71.405568, -70.377986 ] ] ] } },
{ "type": "Feature", "properties": { "type": "ice_shelf" }, "geometry": { "type": "Polygon", "coordinates": [ [ [ -81.233998, -73.730281 ], [ -81.707204, -73.826839 ], [ -81.89269, -73.818294 ], [ -81.998402, -73.870418 ], [ -82.064748, -73.887141 ], [ -82.137013, -73.889705 ], [ -82.209157, -73.880061 ], [ -82.337636, -73.831111 ], [ -82.224049, -73.838435 ], [ -81.831288, -73.800472 ], [ -81.739125, -73.768489 ], [ -81.26769, -73.732112 ], [ -81.208608, -73.716853 ], [ -81.233998, -73.730281 ] ] ] } },
{ "type": "Feature", "properties": { "type": "ice_shelf" }, "geometry": { "type": "Polygon", "coordinates": [ [ [ -52.518849, -80.20013 ], [ -52.476003, -80.194759 ], [ -52.32903, -80.128352 ], [ -52.287587, -80.101619 ], [ -52.279836, -80.078304 ], [ -52.302358, -80.061214 ], [ -52.351552, -80.053035 ], [ -52.409352, -80.055232 ], [ -52.606679, -80.1076 ], [ -52.694325, -80.143855 ], [ -52.890248, -80.177058 ], [ -53.088002, -80.181819 ], [ -53.151418, -80.17596 ], [ -53.213185, -80.161433 ], [ -53.342641, -80.107234 ], [ -53.407033, -80.107845 ], [ -53.457631, -80.160945 ], [ -53.423634, -80.19305 ], [ -53.589406, -80.232112 ], [ -53.789357, -80.360652 ], [ -54.019338, -80.47076 ], [ -54.050954, -80.492 ], [ -54.096425, -80.558406 ], [ -54.120656, -80.568904 ], [ -54.163808, -80.530086 ], [ -54.217458, -80.521785 ], [ -54.377614, -80.577449 ], [ -54.363637, -80.596126 ], [ -54.404652, -80.661556 ], [ -54.412892, -80.717464 ], [ -54.407826, -80.740047 ], [ -54.349049, -80.782527 ], [ -54.290028, -80.838558 ], [ -54.258412, -80.855037 ], [ -54.16161, -80.877132 ], [ -49.798024, -80.79095 ], [ -49.695912, -80.768001 ], [ -49.750478, -80.740413 ], [ -49.759084, -80.721858 ], [ -49.756276, -80.706966 ], [ -49.742665, -80.695125 ], [ -49.719228, -80.685601 ], [ -49.624989, -80.678157 ], [ -49.624989, -81.949519 ], [ -50.557851, -81.993831 ], [ -50.763173, -81.958797 ], [ -52.643117, -82.160457 ], [ -53.224843, -82.125057 ], [ -53.313893, -82.152766 ], [ -53.799611, -82.194026 ], [ -53.909291, -82.178401 ], [ -54.303456, -82.191707 ], [ -54.25768, -82.201595 ], [ -53.96996, -82.198543 ], [ -53.924672, -82.206111 ], [ -54.293202, -82.253474 ], [ -54.200917, -82.254207 ], [ -54.173879, -82.263118 ], [ -54.239491, -82.275203 ], [ -54.761525, -82.299739 ], [ -54.820546, -82.316341 ], [ -54.857533, -82.347957 ], [ -55.015492, -82.352351 ], [ -55.099782, -82.384334 ], [ -55.130116, -82.439021 ], [ -55.187611, -82.458308 ], [ -55.143849, -82.490657 ], [ -55.176442, -82.510433 ], [ -55.224843, -82.517757 ], [ -55.392934, -82.506526 ], [ -55.415089, -82.499812 ], [ -55.428456, -82.479915 ], [ -55.558949, -82.461238 ], [ -55.681081, -82.461726 ], [ -55.776906, -82.487605 ], [ -55.826222, -82.485164 ], [ -55.850087, -82.462093 ], [ -55.916127, -82.476985 ], [ -55.927235, -82.483089 ], [ -55.925832, -82.509944 ], [ -55.992299, -82.54095 ], [ -56.296376, -82.62115 ], [ -56.338063, -82.645442 ], [ -57.698903, -82.910213 ], [ -57.896596, -83.008968 ], [ -59.46996, -83.46014 ], [ -59.833608, -83.458675 ], [ -59.874135, -83.427547 ], [ -60.446095, -83.468684 ], [ -60.608083, -83.428401 ], [ -60.667836, -83.430232 ], [ -60.900136, -83.474178 ], [ -60.95226, -83.476253 ], [ -61.113637, -83.447933 ], [ -61.004994, -83.424129 ], [ -60.899648, -83.387996 ], [ -61.110341, -83.413265 ], [ -61.147694, -83.408504 ], [ -61.18633, -83.379939 ], [ -61.255238, -83.375789 ], [ -61.419057, -83.39117 ], [ -61.48882, -83.406917 ], [ -61.514455, -83.403987 ], [ -61.52953, -83.357723 ], [ -61.541127, -83.350887 ], [ -61.737599, -83.361751 ], [ -61.824696, -83.374446 ], [ -61.851491, -83.36761 ], [ -61.624745, -83.31219 ], [ -61.484731, -83.254695 ], [ -61.326589, -83.213558 ], [ -61.192433, -83.198543 ], [ -61.112538, -83.164851 ], [ -61.040089, -83.119563 ], [ -61.000172, -83.073055 ], [ -60.974904, -83.00555 ], [ -60.978322, -82.975154 ], [ -61.006581, -82.946101 ], [ -61.065663, -82.909724 ], [ -61.096547, -82.905086 ], [ -61.132863, -82.917903 ], [ -61.110158, -82.949031 ], [ -61.147939, -82.964778 ], [ -61.184682, -82.959285 ], [ -61.27654, -82.889827 ], [ -61.314137, -82.890193 ], [ -61.349355, -82.908992 ], [ -61.364919, -82.949764 ], [ -61.384999, -82.966365 ], [ -61.532155, -83.002132 ], [ -61.549367, -83.01031 ], [ -61.587087, -83.050716 ], [ -61.620229, -83.063411 ], [ -61.657826, -83.057674 ], [ -61.833485, -82.992488 ], [ -61.94164, -83.028377 ], [ -62.180776, -83.034114 ], [ -62.20934, -83.018855 ], [ -62.066396, -83.01324 ], [ -61.997182, -83.001277 ], [ -61.932485, -82.972347 ], [ -62.082387, -82.89117 ], [ -62.100697, -82.849666 ], [ -62.462026, -82.719417 ], [ -62.518849, -82.725765 ], [ -62.538686, -82.720638 ], [ -62.511098, -82.709529 ], [ -62.495168, -82.681697 ], [ -62.728993, -82.577815 ], [ -62.765126, -82.554256 ], [ -62.795033, -82.51971 ], [ -61.995656, -82.459163 ], [ -61.758412, -82.402644 ], [ -61.290212, -82.34222 ], [ -61.120229, -82.344295 ], [ -60.506154, -82.215144 ], [ -60.401235, -82.170223 ], [ -60.692799, -82.197688 ], [ -60.647267, -82.166683 ], [ -60.70873, -82.160701 ], [ -62.072987, -82.287532 ], [ -62.471913, -82.256404 ], [ -63.009816, -82.27972 ], [ -63.035146, -82.273738 ], [ -63.041371, -82.25201 ], [ -63.188832, -82.257625 ], [ -63.234731, -82.269099 ], [ -63.19579, -82.294734 ], [ -63.333302, -82.340755 ], [ -63.841725, -82.302181 ], [ -64.439565, -82.410335 ], [ -64.488271, -82.403987 ], [ -64.525746, -82.377864 ], [ -64.456899, -82.354427 ], [ -65.07256, -82.406062 ], [ -65.101308, -82.392757 ], [ -65.094289, -82.367976 ], [ -65.16454, -82.349666 ], [ -65.167348, -82.340266 ], [ -65.146535, -82.308406 ], [ -65.186086, -82.290706 ], [ -65.207631, -82.265804 ], [ -65.233449, -82.256892 ], [ -65.374989, -82.263118 ], [ -65.48821, -82.293391 ], [ -66.030263, -82.31158 ], [ -66.080068, -82.291683 ], [ -65.913442, -82.263118 ], [ -65.86266, -82.244808 ], [ -65.989858, -82.249446 ], [ -66.028127, -82.239681 ], [ -65.893788, -82.227229 ], [ -65.866872, -82.209895 ], [ -66.033559, -82.214534 ], [ -66.062428, -82.195369 ], [ -66.005849, -82.168147 ], [ -65.943715, -82.09576 ], [ -65.920339, -82.079646 ], [ -65.742787, -82.02679 ], [ -65.681813, -82.015926 ], [ -65.653005, -82.005916 ], [ -65.629811, -81.986751 ], [ -65.701527, -81.968929 ], [ -66.255727, -81.948055 ], [ -65.80309, -81.888362 ], [ -63.577199, -81.871883 ], [ -63.517873, -81.862117 ], [ -63.476064, -81.837337 ], [ -63.540883, -81.82928 ], [ -63.479421, -81.780086 ], [ -64.633595, -81.793391 ], [ -64.751271, -81.797908 ], [ -64.917531, -81.819515 ], [ -64.964833, -81.81512 ], [ -64.911061, -81.796321 ], [ -65.624867, -81.784114 ], [ -65.701527, -81.769954 ], [ -65.714772, -81.729183 ], [ -65.713002, -81.720149 ], [ -65.691701, -81.710506 ], [ -65.417226, -81.701106 ], [ -65.303761, -81.717586 ], [ -64.979237, -81.695003 ], [ -64.778493, -81.637019 ], [ -64.61675, -81.619319 ], [ -64.559255, -81.621761 ], [ -64.513478, -81.63885 ], [ -64.665273, -81.677303 ], [ -64.712697, -81.698177 ], [ -64.198598, -81.688411 ], [ -64.092152, -81.666072 ], [ -63.936818, -81.609554 ], [ -63.878163, -81.600887 ], [ -63.843861, -81.622127 ], [ -64.084401, -81.688899 ], [ -64.03423, -81.697078 ], [ -63.737355, -81.689388 ], [ -63.49297, -81.640682 ], [ -63.391103, -81.632137 ], [ -63.2954, -81.648982 ], [ -63.461232, -81.70074 ], [ -63.378713, -81.716609 ], [ -62.207265, -81.692561 ], [ -62.114491, -81.671321 ], [ -62.083608, -81.645686 ], [ -62.147878, -81.640193 ], [ -62.189198, -81.599422 ], [ -62.211354, -81.592098 ], [ -62.2813, -81.586726 ], [ -62.414113, -81.557674 ], [ -64.589589, -81.53448 ], [ -64.672353, -81.514583 ], [ -65.174306, -81.512264 ], [ -68.371632, -81.110286 ], [ -68.42101, -81.087825 ], [ -68.297292, -81.0899 ], [ -68.087697, -81.051082 ], [ -68.057118, -81.038265 ], [ -68.170216, -81.025691 ], [ -68.234792, -81.003474 ], [ -68.306264, -81.00323 ], [ -68.44872, -80.977107 ], [ -68.680348, -80.960872 ], [ -68.952504, -80.984798 ], [ -69.116322, -81.025569 ], [ -69.174184, -81.02972 ], [ -69.685414, -80.976009 ], [ -69.778432, -80.985286 ], [ -69.975819, -80.976009 ], [ -70.002065, -80.97076 ], [ -70.052724, -80.943416 ], [ -70.061757, -80.929134 ], [ -70.034108, -80.892635 ], [ -70.156911, -80.895442 ], [ -70.198659, -80.889461 ], [ -70.324574, -80.840511 ], [ -70.397145, -80.823299 ], [ -70.383473, -80.80804 ], [ -70.393544, -80.763728 ], [ -70.364125, -80.707698 ], [ -70.375661, -80.684383 ], [ -70.40154, -80.668025 ], [ -70.433705, -80.657283 ], [ -70.820546, -80.610286 ], [ -70.941213, -80.625179 ], [ -71.067738, -80.601863 ], [ -71.125783, -80.602596 ], [ -71.281789, -80.663509 ], [ -71.526601, -80.715511 ], [ -71.6386, -80.700008 ], [ -72.277516, -80.765682 ], [ -72.410939, -80.744075 ], [ -72.462331, -80.750545 ], [ -72.515981, -80.770442 ], [ -72.556996, -80.798763 ], [ -72.583669, -80.832332 ], [ -72.628957, -80.910457 ], [ -72.603749, -80.931453 ], [ -72.588857, -80.96136 ], [ -72.769154, -80.969173 ], [ -73.778188, -80.848567 ], [ -73.822621, -80.83575 ], [ -73.9511, -80.837337 ], [ -74.046864, -80.804134 ], [ -74.104237, -80.796321 ], [ -74.162587, -80.800105 ], [ -74.276906, -80.823299 ], [ -74.479176, -80.834407 ], [ -74.594228, -80.870784 ], [ -74.671498, -80.87347 ], [ -74.838246, -80.919368 ], [ -74.902516, -80.885921 ], [ -74.987233, -80.896053 ], [ -75.049306, -80.878719 ], [ -75.096852, -80.883235 ], [ -75.148854, -80.86346 ], [ -75.241017, -80.882015 ], [ -75.381093, -80.880794 ], [ -75.498586, -80.896541 ], [ -75.554067, -80.891414 ], [ -75.599904, -80.878108 ], [ -75.653493, -80.841731 ], [ -75.770863, -80.837581 ], [ -75.725087, -80.818538 ], [ -75.348988, -80.800105 ], [ -75.192372, -80.771419 ], [ -75.041127, -80.793636 ], [ -74.988149, -80.790462 ], [ -74.949452, -80.770198 ], [ -75.02953, -80.772029 ], [ -75.130116, -80.744197 ], [ -75.24706, -80.741145 ], [ -75.347829, -80.721858 ], [ -75.391347, -80.704891 ], [ -75.469777, -80.70367 ], [ -75.648183, -80.662776 ], [ -75.711964, -80.638118 ], [ -75.67101, -80.595271 ], [ -75.647511, -80.58636 ], [ -75.519887, -80.570613 ], [ -75.42394, -80.54156 ], [ -75.401723, -80.519222 ], [ -75.414052, -80.488704 ], [ -75.466664, -80.476497 ], [ -75.496693, -80.454891 ], [ -75.546071, -80.434749 ], [ -75.57842, -80.403499 ], [ -75.871999, -80.307674 ], [ -75.967152, -80.313411 ], [ -75.987172, -80.303157 ], [ -75.947743, -80.282649 ], [ -75.96526, -80.274837 ], [ -76.027455, -80.272029 ], [ -76.095021, -80.294124 ], [ -76.152394, -80.246272 ], [ -76.253957, -80.184139 ], [ -76.275746, -80.154475 ], [ -76.271901, -80.133235 ], [ -76.246571, -80.089656 ], [ -76.274464, -80.081111 ], [ -77.666127, -80.181697 ], [ -77.900563, -80.148982 ], [ -78.273183, -80.178157 ], [ -78.37267, -80.150325 ], [ -79.645375, -80.021297 ], [ -79.687306, -79.9826 ], [ -77.419057, -80.01385 ], [ -76.632131, -79.939266 ], [ -76.420339, -79.879817 ], [ -76.261952, -79.806819 ], [ -76.149403, -79.768855 ], [ -76.097646, -79.733577 ], [ -76.035634, -79.647151 ], [ -75.938527, -79.568904 ], [ -75.924489, -79.542293 ], [ -75.924611, -79.52032 ], [ -75.970204, -79.523372 ], [ -76.008412, -79.496761 ], [ -76.066274, -79.435359 ], [ -76.131398, -79.423274 ], [ -76.216359, -79.39178 ], [ -76.32726, -79.377254 ], [ -76.532582, -79.312923 ], [ -80.429311, -79.258479 ], [ -80.486501, -79.273738 ], [ -80.530385, -79.304256 ], [ -80.537221, -79.323665 ], [ -80.5454, -79.414363 ], [ -80.507069, -79.445979 ], [ -80.401357, -79.48907 ], [ -80.385976, -79.508235 ], [ -80.393178, -79.535213 ], [ -80.411916, -79.551936 ], [ -80.492299, -79.577937 ], [ -81.117299, -79.469905 ], [ -81.168446, -79.448177 ], [ -81.301503, -79.324886 ], [ -81.319325, -79.298518 ], [ -81.274892, -79.254817 ], [ -81.222157, -79.233333 ], [ -81.105702, -79.203426 ], [ -81.277211, -79.194515 ], [ -81.388234, -79.215511 ], [ -81.453359, -79.188533 ], [ -81.410085, -79.173641 ], [ -81.451344, -79.167293 ], [ -81.651112, -79.100765 ], [ -81.706899, -79.091243 ], [ -81.742787, -79.065364 ], [ -82.389027, -78.969295 ], [ -82.479848, -78.967098 ], [ -82.579518, -78.944637 ], [ -82.607045, -78.929622 ], [ -82.607167, -78.911433 ], [ -82.56664, -78.89471 ], [ -82.585683, -78.867854 ], [ -82.632497, -78.863948 ], [ -82.728322, -78.875667 ], [ -82.91808, -78.858577 ], [ -83.253529, -78.772762 ], [ -83.403371, -78.7149 ], [ -83.541005, -78.629207 ], [ -83.719655, -78.560237 ], [ -83.803944, -78.501033 ], [ -83.886159, -78.419368 ], [ -83.744252, -78.418147 ], [ -83.710011, -78.397273 ], [ -83.734731, -78.385799 ], [ -83.739919, -78.361018 ], [ -83.681264, -78.327205 ], [ -83.475392, -78.351741 ], [ -83.407094, -78.351985 ], [ -83.386891, -78.364681 ], [ -83.428273, -78.37115 ], [ -83.461842, -78.392757 ], [ -83.417409, -78.40594 ], [ -83.285817, -78.392146 ], [ -83.239797, -78.398494 ], [ -83.193471, -78.416683 ], [ -83.113759, -78.469539 ], [ -83.143788, -78.486385 ], [ -83.105336, -78.505306 ], [ -83.045888, -78.504817 ], [ -82.985707, -78.491878 ], [ -82.944936, -78.473323 ], [ -82.994985, -78.466243 ], [ -83.020985, -78.428523 ], [ -83.18163, -78.360896 ], [ -83.217885, -78.334529 ], [ -83.305653, -78.302669 ], [ -83.379689, -78.298518 ], [ -83.591298, -78.226253 ], [ -83.596669, -78.202083 ], [ -83.559987, -78.177181 ], [ -83.661794, -78.167781 ], [ -83.725087, -78.135677 ], [ -83.780019, -78.047542 ], [ -83.828542, -77.996639 ], [ -83.831349, -77.982234 ], [ -83.824086, -77.973933 ], [ -83.767629, -77.968074 ], [ -83.67748, -78.011531 ], [ -82.48705, -78.465755 ], [ -82.404347, -78.470516 ], [ -80.295155, -78.846736 ], [ -77.754018, -78.735774 ], [ -77.361134, -78.624568 ], [ -77.329396, -78.597957 ], [ -77.337514, -78.570003 ], [ -77.330739, -78.533748 ], [ -77.364308, -78.501766 ], [ -77.366567, -78.447933 ], [ -77.412526, -78.419734 ], [ -81.6162, -77.862117 ], [ -81.667409, -77.841487 ], [ -81.398488, -77.833064 ], [ -81.157094, -77.852351 ], [ -80.762257, -77.789974 ], [ -80.705006, -77.764217 ], [ -80.656911, -77.72491 ], [ -80.719289, -77.704891 ], [ -80.749562, -77.689998 ], [ -80.769338, -77.669856 ], [ -80.576405, -77.723689 ], [ -80.386098, -77.751521 ], [ -80.227162, -77.797786 ], [ -80.022389, -77.815608 ], [ -79.967336, -77.812923 ], [ -79.423695, -77.878108 ], [ -79.315236, -77.876521 ], [ -79.145558, -77.844661 ], [ -77.783254, -77.948421 ], [ -77.685353, -77.929988 ], [ -75.217641, -78.14471 ], [ -75.119801, -78.181819 ], [ -75.087514, -78.219783 ], [ -75.047292, -78.231624 ], [ -74.995717, -78.220149 ], [ -74.976186, -78.200984 ], [ -74.997853, -78.184383 ], [ -74.891957, -78.168025 ], [ -74.055653, -78.137141 ], [ -73.933217, -78.112361 ], [ -74.016774, -78.112605 ], [ -74.186879, -78.134944 ], [ -74.269399, -78.129207 ], [ -73.627248, -78.024959 ], [ -73.542531, -77.998592 ], [ -73.516408, -77.997737 ], [ -73.499257, -78.018611 ], [ -73.465627, -78.014705 ], [ -73.431081, -77.999446 ], [ -73.498158, -77.986507 ], [ -73.433217, -77.970149 ], [ -73.399709, -77.949275 ], [ -73.211049, -77.887752 ], [ -73.163136, -77.863094 ], [ -73.11974, -77.85638 ], [ -73.043263, -77.800349 ], [ -72.804494, -77.699031 ], [ -72.760976, -77.656184 ], [ -72.759877, -77.636897 ], [ -72.796681, -77.600765 ], [ -72.722279, -77.57574 ], [ -75.080312, -77.437068 ], [ -75.254079, -77.457576 ], [ -75.308644, -77.473079 ], [ -75.364247, -77.499568 ], [ -75.436696, -77.548152 ], [ -75.458791, -77.552058 ], [ -75.526601, -77.541194 ], [ -75.56487, -77.503108 ], [ -75.668141, -77.446346 ], [ -75.786549, -77.425227 ], [ -75.910512, -77.364681 ], [ -75.87151, -77.349666 ], [ -75.921315, -77.336604 ], [ -76.088307, -77.331722 ], [ -76.266652, -77.285945 ], [ -76.32256, -77.262996 ], [ -76.473866, -77.163997 ], [ -76.72234, -77.082088 ], [ -76.85912, -77.085628 ], [ -76.999806, -77.036433 ], [ -77.010976, -77.027644 ], [ -77.00652, -77.02032 ], [ -76.984547, -77.011653 ], [ -76.863271, -77.029598 ], [ -76.831899, -77.026058 ], [ -76.822316, -77.00555 ], [ -76.838002, -76.986018 ], [ -76.867909, -76.973567 ], [ -76.983754, -76.947933 ], [ -77.03893, -76.925349 ], [ -77.186879, -76.826595 ], [ -77.52361, -76.729793 ], [ -77.569081, -76.698787 ], [ -77.530446, -76.684016 ], [ -77.524892, -76.649104 ], [ -77.508412, -76.630428 ], [ -77.614308, -76.558772 ], [ -77.675404, -76.535091 ], [ -77.697011, -76.516292 ], [ -77.69341, -76.487605 ], [ -77.591786, -76.549739 ], [ -77.531667, -76.596492 ], [ -77.425893, -76.627376 ], [ -77.492299, -76.580257 ], [ -77.509267, -76.556087 ], [ -77.414357, -76.556087 ], [ -77.384877, -76.544978 ], [ -77.456899, -76.480159 ], [ -77.315602, -76.554866 ], [ -77.264516, -76.563777 ], [ -77.118153, -76.560603 ], [ -76.929067, -76.603816 ], [ -76.751759, -76.670223 ], [ -76.708241, -76.674373 ], [ -76.766469, -76.607478 ], [ -76.770497, -76.57867 ], [ -76.641103, -76.56512 ], [ -76.631825, -76.560359 ], [ -76.624989, -76.539119 ], [ -76.583974, -76.520442 ], [ -76.541615, -76.51678 ], [ -76.377065, -76.568172 ], [ -76.299062, -76.567806 ], [ -76.13799, -76.549007 ], [ -76.053822, -76.561702 ], [ -75.894215, -76.621028 ], [ -75.810353, -76.638118 ], [ -75.679921, -76.644954 ], [ -75.622426, -76.628963 ], [ -75.59258, -76.608211 ], [ -75.59734, -76.587703 ], [ -75.609059, -76.579768 ], [ -75.666737, -76.561336 ], [ -75.613454, -76.56097 ], [ -75.33257, -76.603084 ], [ -75.271535, -76.596736 ], [ -75.259145, -76.564876 ], [ -75.210194, -76.565364 ], [ -74.082021, -76.69366 ], [ -73.981557, -76.694515 ], [ -73.766591, -76.719051 ], [ -73.770741, -76.695491 ], [ -73.793813, -76.685725 ], [ -73.899403, -76.680232 ], [ -73.936818, -76.653011 ], [ -73.060475, -76.691463 ], [ -72.974355, -76.712581 ], [ -72.926991, -76.707332 ], [ -72.902943, -76.680599 ], [ -72.881398, -76.672176 ], [ -72.570546, -76.704524 ], [ -72.406239, -76.689388 ], [ -71.709035, -76.762752 ], [ -70.964284, -76.738948 ], [ -70.793813, -76.751399 ], [ -70.774831, -76.733455 ], [ -70.586659, -76.749446 ], [ -70.502858, -76.734309 ], [ -70.420277, -76.730647 ], [ -70.369496, -76.715389 ], [ -70.52892, -76.719417 ], [ -70.580861, -76.710994 ], [ -70.332143, -76.677669 ], [ -70.014027, -76.69366 ], [ -69.971303, -76.686214 ], [ -69.941762, -76.667171 ], [ -69.978139, -76.66302 ], [ -70.094228, -76.675105 ], [ -70.030202, -76.64825 ], [ -69.965505, -76.632259 ], [ -69.827382, -76.613948 ], [ -69.988026, -76.623592 ], [ -70.080434, -76.617366 ], [ -70.119252, -76.589046 ], [ -70.099477, -76.565242 ], [ -70.056874, -76.548518 ], [ -69.978383, -76.534602 ], [ -69.853627, -76.53326 ], [ -69.81609, -76.522273 ], [ -69.996755, -76.520564 ], [ -70.049855, -76.498714 ], [ -69.746327, -76.469661 ], [ -69.854054, -76.451106 ], [ -70.073842, -76.473201 ], [ -70.134511, -76.468074 ], [ -70.180898, -76.450618 ], [ -70.100819, -76.423885 ], [ -69.927052, -76.391536 ], [ -69.852651, -76.393489 ], [ -69.79778, -76.376888 ], [ -69.715505, -76.369319 ], [ -69.546803, -76.326961 ], [ -69.515004, -76.326839 ], [ -69.474843, -76.340999 ], [ -67.949147, -76.215877 ], [ -68.039479, -76.218196 ], [ -68.098927, -76.182063 ], [ -68.146718, -76.165706 ], [ -68.104298, -76.147884 ], [ -66.218617, -76.010799 ], [ -66.142079, -75.985774 ], [ -65.377126, -75.84283 ], [ -65.289723, -75.796932 ], [ -65.26476, -75.791438 ], [ -65.010854, -75.787288 ], [ -63.16161, -75.40948 ], [ -63.106679, -75.385555 ], [ -63.084523, -75.351619 ], [ -63.762135, -75.324641 ], [ -64.11144, -75.34991 ], [ -64.196767, -75.33575 ], [ -64.329945, -75.36639 ], [ -64.348988, -75.364558 ], [ -64.371693, -75.334895 ], [ -64.434438, -75.317561 ], [ -64.400624, -75.291316 ], [ -64.357167, -75.279842 ], [ -64.272267, -75.241267 ], [ -64.158803, -75.2243 ], [ -63.509572, -75.159358 ], [ -63.389943, -75.175227 ], [ -63.303639, -75.177425 ], [ -63.040944, -75.147273 ], [ -63.068166, -75.120784 ], [ -63.243764, -75.025325 ], [ -63.277821, -75.015437 ], [ -63.343984, -75.007381 ], [ -63.90038, -75.035213 ], [ -63.964528, -75.013118 ], [ -64.085622, -74.998592 ], [ -64.021474, -74.979427 ], [ -63.60967, -74.936946 ], [ -63.586476, -74.922298 ], [ -63.606313, -74.916316 ], [ -63.57311, -74.871394 ], [ -63.520009, -74.867732 ], [ -63.404958, -74.89886 ], [ -63.181142, -74.919368 ], [ -63.076894, -74.908504 ], [ -63.062245, -74.892513 ], [ -63.07018, -74.868099 ], [ -63.106923, -74.822078 ], [ -63.148427, -74.788631 ], [ -63.292897, -74.720149 ], [ -63.265675, -74.668269 ], [ -63.187611, -74.668636 ], [ -63.138478, -74.651668 ], [ -63.119008, -74.652278 ], [ -62.844411, -74.708431 ], [ -62.80724, -74.703792 ], [ -62.735463, -74.678035 ], [ -62.701283, -74.678035 ], [ -62.673085, -74.703304 ], [ -62.693959, -74.718196 ], [ -62.699086, -74.736629 ], [ -62.689076, -74.753108 ], [ -62.664784, -74.761775 ], [ -62.610463, -74.763362 ], [ -62.587697, -74.77386 ], [ -62.607716, -74.794734 ], [ -62.608937, -74.820979 ], [ -62.579579, -74.89886 ], [ -62.591054, -74.951106 ], [ -62.575246, -74.976741 ], [ -62.52599, -74.997249 ], [ -62.467214, -74.997737 ], [ -62.131886, -74.951595 ], [ -61.872975, -74.851497 ], [ -61.825124, -74.821101 ], [ -61.792226, -74.778987 ], [ -61.782094, -74.721736 ], [ -61.788075, -74.712093 ], [ -61.858388, -74.702083 ], [ -61.885793, -74.673396 ], [ -61.935109, -74.655086 ], [ -62.007863, -74.596126 ], [ -62.065053, -74.574764 ], [ -62.137318, -74.56512 ], [ -62.211964, -74.519466 ], [ -62.277455, -74.492122 ], [ -62.334218, -74.458064 ], [ -62.363881, -74.403499 ], [ -62.205129, -74.431453 ], [ -62.112782, -74.46429 ], [ -61.707509, -74.505794 ], [ -61.642934, -74.498592 ], [ -61.595631, -74.537288 ], [ -61.542714, -74.544002 ], [ -61.260671, -74.529598 ], [ -61.484547, -74.57159 ], [ -61.434071, -74.578914 ], [ -61.428639, -74.591853 ], [ -61.455739, -74.617366 ], [ -61.491689, -74.634456 ], [ -61.458363, -74.667659 ], [ -61.461171, -74.692928 ], [ -61.523549, -74.737361 ], [ -61.607533, -74.818904 ], [ -61.645192, -74.837581 ], [ -61.608388, -74.861018 ], [ -61.369618, -74.882381 ], [ -60.663381, -75.046565 ], [ -60.269032, -75.186336 ], [ -54.317372, -76.310481 ], [ -54.352345, -76.326106 ], [ -54.326344, -76.347713 ], [ -52.770314, -76.836116 ], [ -52.698354, -76.838191 ], [ -52.576161, -76.869319 ], [ -52.106679, -76.878841 ], [ -52.059865, -76.873836 ], [ -52.027943, -76.85638 ], [ -52.002614, -76.852229 ], [ -51.938954, -76.864803 ], [ -51.739186, -76.939754 ], [ -51.590382, -77.025813 ], [ -50.694325, -77.179378 ], [ -50.713185, -77.119441 ], [ -50.709584, -77.094295 ], [ -50.687062, -77.073665 ], [ -50.631032, -77.052425 ], [ -50.609914, -77.034236 ], [ -50.614613, -77.007503 ], [ -50.510915, -76.990779 ], [ -50.405995, -76.989436 ], [ -50.317983, -77.022762 ], [ -50.272389, -77.051326 ], [ -50.18163, -77.141658 ], [ -50.105092, -77.184016 ], [ -49.93517, -77.237849 ], [ -49.960622, -77.249202 ], [ -50.120717, -77.257381 ], [ -50.290639, -77.231746 ], [ -50.455922, -77.225398 ], [ -50.571889, -77.207088 ], [ -50.484364, -77.233699 ], [ -50.41039, -77.272517 ], [ -50.104115, -77.389339 ], [ -50.074269, -77.411189 ], [ -50.080373, -77.439021 ], [ -50.053456, -77.460994 ], [ -49.982533, -77.478206 ], [ -49.870046, -77.529842 ], [ -49.811757, -77.575008 ], [ -49.679433, -77.616145 ], [ -48.817616, -77.739314 ], [ -48.988942, -77.784236 ], [ -49.336415, -77.829768 ], [ -49.450795, -77.863094 ], [ -49.415212, -77.877986 ], [ -49.258656, -77.872493 ], [ -48.765859, -77.749568 ], [ -48.656667, -77.773982 ], [ -48.668507, -77.762508 ], [ -48.645253, -77.754817 ], [ -48.620595, -77.755061 ], [ -48.630116, -77.761409 ], [ -48.612477, -77.764583 ], [ -48.554189, -77.748714 ], [ -48.4558, -77.756892 ], [ -48.309682, -77.741023 ], [ -47.751149, -77.786189 ], [ -47.670644, -77.804378 ], [ -47.534657, -77.818172 ], [ -49.111012, -78.052913 ], [ -49.138661, -78.069881 ], [ -49.103017, -78.079768 ], [ -49.11559, -78.094661 ], [ -49.234425, -78.139949 ], [ -49.245961, -78.1524 ], [ -49.250722, -78.1795 ], [ -49.278066, -78.200862 ], [ -49.894826, -78.453182 ], [ -49.971059, -78.473323 ], [ -50.003102, -78.487972 ], [ -50.056508, -78.534236 ], [ -50.221181, -78.604427 ], [ -50.263844, -78.671321 ], [ -50.36736, -78.690486 ], [ -50.323476, -78.720027 ], [ -50.267262, -78.723323 ], [ -50.430531, -78.812557 ], [ -50.380299, -78.831722 ], [ -50.324696, -78.838313 ], [ -50.214406, -78.832942 ], [ -50.290822, -78.891536 ], [ -50.334279, -78.913875 ], [ -50.379018, -78.929866 ], [ -50.518666, -78.945735 ], [ -50.56133, -78.959529 ], [ -50.540639, -78.97491 ], [ -50.474599, -78.983577 ], [ -50.452931, -79.003841 ], [ -50.492421, -79.09576 ], [ -50.480458, -79.116023 ], [ -50.484364, -79.129329 ], [ -50.54424, -79.161678 ], [ -50.65099, -79.243221 ], [ -50.739735, -79.28448 ], [ -50.713063, -79.281673 ], [ -50.460072, -79.312068 ], [ -50.389211, -79.330989 ], [ -50.333058, -79.366145 ], [ -50.350087, -79.398494 ], [ -50.324025, -79.415218 ], [ -50.246205, -79.443294 ], [ -50.253468, -79.462703 ], [ -50.226308, -79.480403 ], [ -50.263661, -79.535701 ], [ -50.403066, -79.570979 ], [ -50.541371, -79.637996 ], [ -50.916188, -79.733089 ], [ -51.062489, -79.799495 ], [ -51.33904, -79.865169 ], [ -51.483022, -79.926204 ], [ -52.396352, -80.184993 ], [ -52.518849, -80.20013 ] ], [ [ -59.851308, -79.961238 ], [ -59.846669, -79.94366 ], [ -59.791005, -79.935359 ], [ -59.757558, -79.94073 ], [ -59.719411, -79.960017 ], [ -59.677602, -79.95721 ], [ -59.732106, -79.913753 ], [ -59.718007, -79.906795 ], [ -59.625539, -79.906307 ], [ -59.655202, -79.890682 ], [ -59.730946, -79.88409 ], [ -59.826589, -79.906795 ], [ -59.862782, -79.903255 ], [ -59.883107, -79.883968 ], [ -59.87444, -79.876399 ], [ -59.884816, -79.858821 ], [ -59.854421, -79.837581 ], [ -59.783193, -79.833675 ], [ -59.656422, -79.850398 ], [ -59.749989, -79.818294 ], [ -59.818105, -79.82635 ], [ -59.853627, -79.817195 ], [ -59.799123, -79.774471 ], [ -59.820546, -79.769222 ], [ -60.403066, -79.757259 ], [ -60.486562, -79.737727 ], [ -60.074452, -79.694148 ], [ -60.040761, -79.660091 ], [ -60.07665, -79.656062 ], [ -61.026906, -79.806087 ], [ -61.094838, -79.832454 ], [ -61.120778, -79.873592 ], [ -61.466054, -79.881648 ], [ -61.522694, -79.893001 ], [ -61.467946, -79.913387 ], [ -61.308705, -79.945857 ], [ -61.235585, -79.979671 ], [ -61.266774, -80.008479 ], [ -61.290517, -80.014949 ], [ -61.700734, -80.015437 ], [ -61.658803, -80.03802 ], [ -61.78008, -80.042415 ], [ -61.806142, -80.050838 ], [ -61.807851, -80.057552 ], [ -61.736012, -80.091609 ], [ -61.706471, -80.124934 ], [ -61.650075, -80.143611 ], [ -61.648671, -80.157893 ], [ -61.662648, -80.170223 ], [ -61.65807, -80.1795 ], [ -61.576772, -80.203548 ], [ -61.544545, -80.230037 ], [ -61.515859, -80.242 ], [ -61.447255, -80.251155 ], [ -61.18456, -80.25262 ], [ -61.222524, -80.273128 ], [ -61.750356, -80.368343 ], [ -65.918446, -80.394954 ], [ -66.165273, -80.357356 ], [ -66.20342, -80.343684 ], [ -66.228749, -80.319637 ], [ -66.189259, -80.272517 ], [ -66.211781, -80.249934 ], [ -66.169789, -80.227474 ], [ -66.167226, -80.218196 ], [ -66.194386, -80.201106 ], [ -66.239858, -80.194392 ], [ -66.27007, -80.199886 ], [ -66.266225, -80.212459 ], [ -66.330983, -80.219173 ], [ -66.57665, -80.227474 ], [ -66.769093, -80.289729 ], [ -66.796437, -80.308162 ], [ -66.804738, -80.328548 ], [ -66.782887, -80.347469 ], [ -66.758778, -80.389095 ], [ -66.700856, -80.412532 ], [ -64.284779, -80.751155 ], [ -64.176076, -80.733333 ], [ -64.170766, -80.726863 ], [ -64.183766, -80.707698 ], [ -64.177297, -80.696468 ], [ -64.142201, -80.678401 ], [ -64.165578, -80.664851 ], [ -64.127492, -80.653621 ], [ -63.877919, -80.645198 ], [ -63.850148, -80.638606 ], [ -63.792348, -80.606136 ], [ -63.141103, -80.592464 ], [ -63.071767, -80.614681 ], [ -63.061147, -80.625179 ], [ -63.051564, -80.668636 ], [ -62.973561, -80.696956 ], [ -62.965077, -80.709163 ], [ -62.988088, -80.736995 ], [ -62.983632, -80.7597 ], [ -62.958485, -80.775325 ], [ -62.522084, -80.864925 ], [ -60.652638, -80.960506 ], [ -60.361379, -80.916072 ], [ -59.81902, -80.74493 ], [ -59.755544, -80.694637 ], [ -59.691762, -80.669124 ], [ -59.665944, -80.646419 ], [ -59.715016, -80.64117 ], [ -59.793752, -80.655696 ], [ -59.884267, -80.646053 ], [ -59.859242, -80.595027 ], [ -59.833302, -80.583308 ], [ -59.741322, -80.576228 ], [ -59.647145, -80.550472 ], [ -59.610585, -80.527644 ], [ -59.564381, -80.54156 ], [ -59.503896, -80.529475 ], [ -59.490224, -80.507259 ], [ -59.466542, -80.490901 ], [ -59.54186, -80.493099 ], [ -59.585194, -80.478694 ], [ -59.626332, -80.476985 ], [ -59.666737, -80.484798 ], [ -59.652211, -80.497127 ], [ -59.681569, -80.515071 ], [ -59.809255, -80.532649 ], [ -59.846791, -80.528255 ], [ -59.808766, -80.494685 ], [ -59.795644, -80.469417 ], [ -59.792592, -80.429378 ], [ -59.774403, -80.419246 ], [ -59.730885, -80.414119 ], [ -59.784108, -80.39825 ], [ -59.785207, -80.379207 ], [ -59.757436, -80.33575 ], [ -59.699696, -80.330623 ], [ -59.657643, -80.292415 ], [ -59.637318, -80.284724 ], [ -59.574574, -80.285823 ], [ -59.591786, -80.266536 ], [ -59.622609, -80.259822 ], [ -59.599965, -80.217342 ], [ -59.379384, -80.202083 ], [ -59.318166, -80.216243 ], [ -59.280324, -80.215389 ], [ -59.298756, -80.195491 ], [ -59.286366, -80.179622 ], [ -59.327931, -80.178279 ], [ -59.334889, -80.166072 ], [ -59.349477, -80.161678 ], [ -59.47997, -80.16949 ], [ -59.42162, -80.136165 ], [ -59.519887, -80.111873 ], [ -59.897939, -80.115779 ], [ -59.961354, -80.083919 ], [ -59.784352, -80.057796 ], [ -59.775868, -80.045223 ], [ -59.779897, -80.03326 ], [ -59.85497, -79.978572 ], [ -59.862721, -79.968196 ], [ -59.851308, -79.961238 ] ], [ [ -65.579457, -79.794612 ], [ -65.554067, -79.7774 ], [ -65.571095, -79.782771 ], [ -65.691274, -79.751888 ], [ -66.016591, -79.774837 ], [ -66.114552, -79.766902 ], [ -66.271779, -79.721614 ], [ -66.584096, -79.701839 ], [ -66.645863, -79.690242 ], [ -66.700734, -79.668025 ], [ -66.656178, -79.660579 ], [ -66.25652, -79.673274 ], [ -66.009755, -79.645442 ], [ -65.991811, -79.65533 ], [ -65.937917, -79.658992 ], [ -65.788564, -79.624568 ], [ -65.819386, -79.607967 ], [ -65.857839, -79.602107 ], [ -66.149159, -79.62823 ], [ -66.750905, -79.616756 ], [ -66.870961, -79.588558 ], [ -66.975148, -79.583186 ], [ -66.910756, -79.565242 ], [ -67.450063, -79.566951 ], [ -67.519643, -79.548763 ], [ -67.617238, -79.544246 ], [ -67.681142, -79.551326 ], [ -67.65392, -79.534114 ], [ -67.707265, -79.525813 ], [ -67.805409, -79.538631 ], [ -67.828053, -79.545955 ], [ -67.839833, -79.558772 ], [ -67.832082, -79.579402 ], [ -67.760121, -79.593684 ], [ -67.690419, -79.63824 ], [ -66.933339, -79.792537 ], [ -66.87151, -79.798152 ], [ -66.811818, -79.791927 ], [ -66.846181, -79.822078 ], [ -67.000722, -79.876277 ], [ -67.025746, -79.898494 ], [ -67.008962, -79.913265 ], [ -66.972951, -79.921809 ], [ -66.76946, -79.919612 ], [ -66.722035, -79.93658 ], [ -66.419301, -79.960506 ], [ -66.357777, -79.986629 ], [ -66.335805, -80.016292 ], [ -66.415273, -80.029475 ], [ -66.385854, -80.042171 ], [ -66.382069, -80.050105 ], [ -66.395375, -80.059993 ], [ -66.310475, -80.080745 ], [ -66.222707, -80.08636 ], [ -65.794728, -80.0274 ], [ -65.727345, -79.990535 ], [ -65.450124, -79.952449 ], [ -65.501637, -79.933528 ], [ -65.499745, -79.904231 ], [ -65.505849, -79.893489 ], [ -65.530385, -79.882747 ], [ -65.874989, -79.849178 ], [ -65.901296, -79.839534 ], [ -65.86852, -79.831111 ], [ -65.544789, -79.808406 ], [ -65.579457, -79.794612 ] ], [ [ -69.563039, -79.526058 ], [ -69.667958, -79.486873 ], [ -69.800832, -79.468807 ], [ -69.822011, -79.458431 ], [ -69.780507, -79.442439 ], [ -69.503346, -79.415096 ], [ -69.664784, -79.4118 ], [ -69.61913, -79.397029 ], [ -69.598134, -79.374202 ], [ -69.464467, -79.29803 ], [ -69.360097, -79.271175 ], [ -69.330495, -79.253108 ], [ -69.29601, -79.217708 ], [ -68.998586, -79.146663 ], [ -68.959645, -79.125545 ], [ -68.963124, -79.108455 ], [ -68.946462, -79.097223 ], [ -67.399526, -78.664363 ], [ -67.354665, -78.628963 ], [ -67.264577, -78.605159 ], [ -67.159413, -78.553523 ], [ -67.022694, -78.514339 ], [ -67.056752, -78.495296 ], [ -66.87505, -78.458797 ], [ -66.734364, -78.441829 ], [ -66.748769, -78.435725 ], [ -66.793996, -78.440974 ], [ -66.872548, -78.428035 ], [ -66.835622, -78.414119 ], [ -66.659291, -78.389095 ], [ -66.605519, -78.363704 ], [ -66.66393, -78.336726 ], [ -66.730885, -78.321468 ], [ -66.992909, -78.306697 ], [ -67.577565, -78.371883 ], [ -67.730153, -78.420345 ], [ -69.437245, -78.687068 ], [ -69.577565, -78.739558 ], [ -69.696645, -78.752864 ], [ -69.833363, -78.799739 ], [ -70.275929, -78.840633 ], [ -70.411244, -78.882747 ], [ -70.592763, -78.885921 ], [ -71.395436, -79.101863 ], [ -71.599599, -79.200008 ], [ -71.688405, -79.260433 ], [ -71.752919, -79.325252 ], [ -71.768361, -79.385066 ], [ -71.814809, -79.453304 ], [ -71.815602, -79.479183 ], [ -71.781056, -79.524104 ], [ -71.6704, -79.581111 ], [ -71.558888, -79.623348 ], [ -71.444142, -79.652889 ], [ -70.341786, -79.696834 ], [ -69.646535, -79.603938 ], [ -69.736134, -79.567195 ], [ -69.691884, -79.541316 ], [ -69.491567, -79.532649 ], [ -69.563039, -79.526058 ] ], [ [ -75.394887, -78.744563 ], [ -75.44695, -78.730037 ], [ -75.505849, -78.735164 ], [ -75.613942, -78.769466 ], [ -75.6433, -78.787654 ], [ -75.660573, -78.809749 ], [ -75.649892, -78.833186 ], [ -75.603017, -78.854671 ], [ -75.551686, -78.864681 ], [ -75.491261, -78.863094 ], [ -75.481191, -78.852351 ], [ -75.487538, -78.840022 ], [ -75.520009, -78.824519 ], [ -75.527943, -78.817195 ], [ -75.524953, -78.805965 ], [ -75.473805, -78.785091 ], [ -75.44341, -78.761409 ], [ -75.394887, -78.744563 ] ], [ [ -68.225881, -79.168147 ], [ -68.183339, -79.183406 ], [ -67.602528, -79.136653 ], [ -67.712209, -79.136775 ], [ -67.688161, -79.125179 ], [ -67.720326, -79.118953 ], [ -68.034718, -79.133968 ], [ -68.225881, -79.168147 ] ], [ [ -68.447011, -79.323787 ], [ -68.269093, -79.327693 ], [ -67.853322, -79.28094 ], [ -67.799794, -79.289974 ], [ -67.703481, -79.279964 ], [ -67.709584, -79.286556 ], [ -67.705556, -79.297054 ], [ -67.676015, -79.303401 ], [ -67.50359, -79.301814 ], [ -67.46935, -79.30804 ], [ -67.513844, -79.325008 ], [ -68.504018, -79.405452 ], [ -68.562184, -79.425472 ], [ -68.572133, -79.43658 ], [ -68.454518, -79.447566 ], [ -68.39269, -79.47076 ], [ -67.467885, -79.506038 ], [ -67.242177, -79.455867 ], [ -67.306447, -79.449764 ], [ -67.289418, -79.438289 ], [ -67.312795, -79.427425 ], [ -67.48235, -79.409969 ], [ -67.511037, -79.397395 ], [ -67.334462, -79.324886 ], [ -67.271413, -79.308162 ], [ -67.198232, -79.31866 ], [ -67.09734, -79.294124 ], [ -67.048146, -79.264827 ], [ -67.613088, -79.211482 ], [ -68.01769, -79.225887 ], [ -68.077565, -79.235042 ], [ -68.138295, -79.268855 ], [ -68.415883, -79.312679 ], [ -68.447011, -79.323787 ] ] ] } },
{ "type": "Feature", "properties": { "type": "ice_shelf" }, "geometry": { "type": "Polygon", "coordinates": [ [ [ -31.319386, -80.308894 ], [ -30.586903, -80.458431 ], [ -30.456776, -80.458308 ], [ -30.387135, -80.469051 ], [ -30.350209, -80.499934 ], [ -30.505849, -80.478206 ], [ -32.030507, -80.435237 ], [ -32.931508, -80.54156 ], [ -33.12505, -80.532039 ], [ -33.413075, -80.497737 ], [ -33.464772, -80.497615 ], [ -33.425526, -80.523616 ], [ -33.177541, -80.554744 ], [ -33.476186, -80.615413 ], [ -35.358388, -80.615413 ], [ -35.466786, -80.648128 ], [ -35.214955, -80.695369 ], [ -35.778066, -80.80157 ], [ -35.782582, -80.826595 ], [ -35.827748, -80.839778 ], [ -35.882436, -80.867854 ], [ -35.982411, -80.884578 ], [ -36.033193, -80.920711 ], [ -36.457875, -80.934627 ], [ -36.554128, -80.95135 ], [ -36.595021, -80.972591 ], [ -36.59081, -81.004939 ], [ -36.816945, -80.975032 ], [ -36.861256, -80.986263 ], [ -36.908193, -81.031551 ], [ -36.978505, -81.052425 ], [ -37.123769, -81.056209 ], [ -37.193959, -81.084163 ], [ -37.230214, -81.08929 ], [ -37.372182, -81.070003 ], [ -37.471059, -81.031307 ], [ -37.687917, -81.013484 ], [ -37.653615, -81.009944 ], [ -37.622731, -80.996028 ], [ -38.392262, -80.912044 ], [ -38.546559, -80.913509 ], [ -38.791127, -80.859676 ], [ -38.803517, -80.863216 ], [ -38.820058, -80.886165 ], [ -38.772267, -80.892391 ], [ -38.822377, -80.90533 ], [ -38.932729, -80.906673 ], [ -39.549184, -80.996394 ], [ -39.619985, -81.020442 ], [ -39.699086, -81.021419 ], [ -39.83849, -81.043514 ], [ -39.884511, -81.071712 ], [ -40.398, -81.169856 ], [ -40.569325, -81.154964 ], [ -40.915639, -81.189998 ], [ -40.947987, -81.175349 ], [ -40.879506, -81.158016 ], [ -41.04662, -81.181453 ], [ -41.119557, -81.226131 ], [ -41.58788, -81.340144 ], [ -41.724599, -81.399593 ], [ -41.758473, -81.406917 ], [ -41.773854, -81.439754 ], [ -41.840077, -81.448543 ], [ -41.846791, -81.477107 ], [ -41.876149, -81.492976 ], [ -41.922231, -81.534724 ], [ -41.956044, -81.550838 ], [ -41.925221, -81.561458 ], [ -41.899892, -81.583553 ], [ -41.941335, -81.611385 ], [ -42.206532, -81.636409 ], [ -42.278859, -81.677913 ], [ -42.235158, -81.691463 ], [ -42.799733, -81.81866 ], [ -42.906361, -81.830135 ], [ -42.959645, -81.860408 ], [ -43.165639, -81.886043 ], [ -43.190297, -81.899715 ], [ -43.213429, -81.925227 ], [ -43.2235, -81.956599 ], [ -43.168996, -81.992854 ], [ -43.255849, -82.047542 ], [ -43.181752, -82.070247 ], [ -43.147756, -82.114192 ], [ -43.159779, -82.12469 ], [ -43.264211, -82.142391 ], [ -43.333363, -82.169856 ], [ -43.344228, -82.179622 ], [ -43.3532, -82.209407 ], [ -44.011098, -82.39117 ], [ -44.084889, -82.4024 ], [ -44.153005, -82.389339 ], [ -44.10143, -82.374568 ], [ -44.056996, -82.349788 ], [ -44.054616, -82.309505 ], [ -44.013478, -82.262996 ], [ -44.073415, -82.24847 ], [ -44.137013, -82.244685 ], [ -44.198537, -82.255428 ], [ -44.305226, -82.315486 ], [ -44.537221, -82.380306 ], [ -45.520497, -82.526668 ], [ -45.579335, -82.522151 ], [ -45.719411, -82.44366 ], [ -45.832509, -82.451717 ], [ -45.946889, -82.492244 ], [ -46.042226, -82.540828 ], [ -46.025075, -82.552181 ], [ -46.053639, -82.554866 ], [ -46.5183, -82.503352 ], [ -46.479482, -82.49615 ], [ -46.452992, -82.47076 ], [ -46.632802, -82.430843 ], [ -46.688771, -82.405452 ], [ -46.300771, -82.305965 ], [ -46.088796, -82.224422 ], [ -46.049367, -82.171077 ], [ -46.027211, -82.154475 ], [ -45.948842, -82.125789 ], [ -46.045583, -82.142513 ], [ -46.038197, -82.112727 ], [ -46.012563, -82.094539 ], [ -46.053944, -82.083431 ], [ -46.136037, -82.036311 ], [ -46.216969, -82.00323 ], [ -46.246693, -81.973201 ], [ -46.253407, -81.955379 ], [ -46.229298, -81.916927 ], [ -46.279164, -81.909724 ], [ -47.055043, -81.993221 ], [ -47.175649, -82.053401 ], [ -47.255544, -82.072322 ], [ -47.295522, -82.069515 ], [ -47.363026, -82.044734 ], [ -47.460317, -82.052791 ], [ -47.527516, -82.047664 ], [ -47.562001, -82.037532 ], [ -47.584584, -82.020442 ], [ -47.423695, -82.007625 ], [ -47.263722, -81.970027 ], [ -47.368153, -81.970271 ], [ -47.344899, -81.95013 ], [ -47.380422, -81.923518 ], [ -47.431142, -81.917659 ], [ -47.887685, -81.922054 ], [ -48.188161, -81.891536 ], [ -48.22936, -81.918269 ], [ -48.38036, -81.890315 ], [ -49.624989, -81.949519 ], [ -49.624989, -80.678157 ], [ -43.531545, -80.200008 ], [ -43.452382, -80.164485 ], [ -43.42339, -80.131526 ], [ -43.437978, -80.109432 ], [ -43.856618, -79.996028 ], [ -43.596181, -79.963435 ], [ -43.281239, -79.987972 ], [ -43.207143, -79.978084 ], [ -43.137441, -79.951717 ], [ -43.072804, -79.908992 ], [ -43.015736, -79.849788 ], [ -42.981435, -79.786556 ], [ -42.962209, -79.716121 ], [ -42.936452, -79.522029 ], [ -42.947133, -79.465511 ], [ -42.971547, -79.43011 ], [ -43.041493, -79.400569 ], [ -43.054616, -79.389583 ], [ -43.069569, -79.355769 ], [ -43.106679, -79.334285 ], [ -43.309804, -79.267635 ], [ -43.348439, -79.239192 ], [ -43.188283, -79.189021 ], [ -43.133534, -79.182063 ], [ -43.199818, -79.158504 ], [ -43.305531, -79.136165 ], [ -43.357777, -79.100765 ], [ -43.405568, -79.100398 ], [ -43.452565, -79.110774 ], [ -43.430043, -79.084895 ], [ -43.430837, -79.037898 ], [ -43.444325, -78.988582 ], [ -43.459828, -78.955501 ], [ -43.500661, -78.913875 ], [ -43.553456, -78.88055 ], [ -43.739003, -78.800594 ], [ -45.218984, -78.818904 ], [ -45.298085, -78.810725 ], [ -45.370473, -78.786067 ], [ -45.224599, -78.735652 ], [ -45.349965, -78.693294 ], [ -45.302724, -78.680354 ], [ -45.155751, -78.661922 ], [ -43.920277, -78.596248 ], [ -43.899831, -78.584285 ], [ -43.799367, -78.464656 ], [ -43.725026, -78.394954 ], [ -43.718251, -78.367488 ], [ -43.731068, -78.311824 ], [ -43.768483, -78.274226 ], [ -43.818837, -78.24847 ], [ -44.098378, -78.165584 ], [ -43.944081, -78.16656 ], [ -43.844838, -78.177303 ], [ -43.439259, -78.166316 ], [ -43.33788, -78.18011 ], [ -42.665456, -78.104549 ], [ -42.448781, -78.116512 ], [ -42.052358, -78.09222 ], [ -41.881093, -78.044612 ], [ -41.522694, -78.024715 ], [ -41.479237, -78.039241 ], [ -41.470998, -78.052181 ], [ -41.491322, -78.065486 ], [ -41.469899, -78.065242 ], [ -41.428578, -78.034602 ], [ -41.40331, -78.027522 ], [ -41.243703, -78.046932 ], [ -41.215688, -78.024715 ], [ -41.185353, -78.018977 ], [ -41.085683, -78.018001 ], [ -41.00475, -78.00201 ], [ -40.699147, -78.012264 ], [ -40.276662, -78.097469 ], [ -39.218861, -78.168758 ], [ -39.314443, -78.15118 ], [ -39.337392, -78.135677 ], [ -39.258229, -78.139217 ], [ -39.100575, -78.16595 ], [ -38.986928, -78.153499 ], [ -38.918568, -78.159847 ], [ -38.854543, -78.150691 ], [ -38.13622, -78.196101 ], [ -38.178761, -78.197933 ], [ -38.132497, -78.214656 ], [ -36.063832, -78.243343 ], [ -36.025319, -78.221736 ], [ -36.057851, -78.265071 ], [ -36.260182, -78.392391 ], [ -36.277394, -78.418147 ], [ -36.324696, -78.457088 ], [ -36.391835, -78.540218 ], [ -36.404042, -78.570857 ], [ -36.441151, -78.611263 ], [ -36.443776, -78.63409 ], [ -36.411305, -78.753474 ], [ -36.344655, -78.815364 ], [ -36.251332, -78.851741 ], [ -34.258473, -79.076595 ], [ -34.200734, -79.091121 ], [ -34.151845, -79.11761 ], [ -34.218129, -79.138118 ], [ -32.82018, -79.243953 ], [ -30.611195, -79.075008 ], [ -30.598073, -79.077815 ], [ -30.588368, -79.099056 ], [ -30.573598, -79.105891 ], [ -30.494862, -79.091731 ], [ -30.457814, -79.065364 ], [ -30.297536, -79.037288 ], [ -30.239186, -79.034236 ], [ -30.183827, -79.044246 ], [ -30.138966, -79.074031 ], [ -30.195546, -79.104427 ], [ -29.989674, -79.091487 ], [ -29.941701, -79.111385 ], [ -30.008595, -79.144466 ], [ -30.449452, -79.21722 ], [ -30.556203, -79.248225 ], [ -30.541432, -79.275081 ], [ -30.524709, -79.286556 ], [ -30.059804, -79.262874 ], [ -29.833791, -79.276058 ], [ -29.849233, -79.307308 ], [ -29.829152, -79.319515 ], [ -29.63036, -79.268123 ], [ -29.585317, -79.267635 ], [ -29.541371, -79.280086 ], [ -30.652089, -79.563167 ], [ -30.673268, -79.588069 ], [ -24.729848, -79.782039 ], [ -24.256215, -79.715144 ], [ -24.271718, -79.741512 ], [ -24.274342, -79.781917 ], [ -24.303151, -79.803767 ], [ -24.262013, -79.822322 ], [ -24.201466, -79.826473 ], [ -24.089711, -79.819637 ], [ -23.930837, -79.830501 ], [ -23.79131, -79.815608 ], [ -23.738698, -79.830013 ], [ -22.532399, -79.917049 ], [ -22.609242, -79.929134 ], [ -22.766835, -79.926204 ], [ -22.841603, -79.944392 ], [ -22.824086, -79.963435 ], [ -22.905568, -79.982845 ], [ -24.068593, -80.010066 ], [ -24.106191, -80.019832 ], [ -24.209218, -80.069759 ], [ -24.25414, -80.076106 ], [ -26.195119, -80.091609 ], [ -26.332875, -80.122005 ], [ -29.760793, -80.175594 ], [ -29.81609, -80.187434 ], [ -29.86382, -80.215389 ], [ -29.790578, -80.233455 ], [ -29.720937, -80.262141 ], [ -29.87267, -80.263484 ], [ -29.924184, -80.284358 ], [ -31.278859, -80.297176 ], [ -31.319386, -80.308894 ] ], [ [ -34.070851, -79.361629 ], [ -33.987538, -79.348201 ], [ -33.916493, -79.312557 ], [ -34.020863, -79.268611 ], [ -35.503407, -79.090144 ], [ -35.628651, -79.093929 ], [ -35.684071, -79.107845 ], [ -35.787831, -79.153499 ], [ -35.844167, -79.168636 ], [ -36.659596, -79.223079 ], [ -36.62206, -79.243831 ], [ -36.590077, -79.275569 ], [ -36.723256, -79.265315 ], [ -36.883168, -79.192683 ], [ -36.938405, -79.181331 ], [ -36.844777, -79.259822 ], [ -36.726308, -79.298152 ], [ -34.070851, -79.361629 ] ], [ [ -32.168691, -79.669124 ], [ -32.1433, -79.661067 ], [ -32.198781, -79.657161 ], [ -32.208608, -79.642757 ], [ -32.205556, -79.62701 ], [ -32.191335, -79.62054 ], [ -31.964406, -79.610896 ], [ -31.92455, -79.599788 ], [ -31.913503, -79.572933 ], [ -31.933339, -79.563167 ], [ -32.222279, -79.520198 ], [ -32.294118, -79.521907 ], [ -32.454762, -79.550716 ], [ -32.430226, -79.567683 ], [ -32.427907, -79.578059 ], [ -32.445485, -79.594417 ], [ -32.450307, -79.619563 ], [ -32.564626, -79.626888 ], [ -32.485463, -79.645076 ], [ -32.601247, -79.661067 ], [ -32.496632, -79.673274 ], [ -32.168691, -79.669124 ] ], [ [ -30.034657, -79.940852 ], [ -30.145924, -79.931087 ], [ -30.25237, -79.886165 ], [ -30.163381, -79.876888 ], [ -30.095387, -79.856258 ], [ -30.008901, -79.853572 ], [ -29.923695, -79.869808 ], [ -29.861745, -79.919002 ], [ -29.701161, -79.931331 ], [ -29.612843, -79.910213 ], [ -29.765126, -79.851985 ], [ -29.906178, -79.814998 ], [ -30.647084, -79.739681 ], [ -30.707021, -79.711604 ], [ -30.754811, -79.660335 ], [ -30.797353, -79.650081 ], [ -30.843373, -79.652522 ], [ -30.928944, -79.684261 ], [ -30.898183, -79.695979 ], [ -30.870717, -79.727229 ], [ -30.82018, -79.748348 ], [ -30.225514, -79.837459 ], [ -30.290517, -79.853328 ], [ -30.3579, -79.855403 ], [ -30.492299, -79.841853 ], [ -30.654103, -79.846126 ], [ -31.095448, -79.810725 ], [ -31.134511, -79.797542 ], [ -31.189259, -79.765682 ], [ -31.443959, -79.708553 ], [ -31.591664, -79.648738 ], [ -31.644765, -79.636897 ], [ -31.787709, -79.630794 ], [ -32.024403, -79.649715 ], [ -32.07726, -79.666683 ], [ -32.03716, -79.681331 ], [ -31.967702, -79.69012 ], [ -32.161733, -79.709651 ], [ -31.998036, -79.713924 ], [ -31.93932, -79.743709 ], [ -31.878774, -79.754451 ], [ -31.916249, -79.772151 ], [ -32.089467, -79.809261 ], [ -31.998219, -79.820369 ], [ -31.809682, -79.80096 ], [ -31.718922, -79.809505 ], [ -31.835805, -79.832454 ], [ -31.872365, -79.847102 ], [ -31.751943, -79.859187 ], [ -31.541737, -79.898494 ], [ -30.887685, -79.925594 ], [ -30.678944, -79.956355 ], [ -30.64568, -79.951473 ], [ -30.632436, -79.938899 ], [ -30.635976, -79.927547 ], [ -30.652455, -79.917049 ], [ -30.631154, -79.906429 ], [ -30.529225, -79.902644 ], [ -30.513661, -79.908992 ], [ -30.496022, -79.937679 ], [ -30.482655, -79.945003 ], [ -30.277943, -79.975887 ], [ -30.324208, -79.984798 ], [ -30.471669, -79.988826 ], [ -30.425526, -80.010921 ], [ -30.366444, -80.017879 ], [ -30.184743, -80.005061 ], [ -29.989064, -79.965633 ], [ -30.034657, -79.940852 ] ] ] } },
{ "type": "Feature", "properties": { "type": "ice_shelf" }, "geometry": { "type": "Polygon", "coordinates": [ [ [ -61.232411, -73.958186 ], [ -60.877797, -73.972957 ], [ -60.880299, -73.990901 ], [ -60.871632, -74.00262 ], [ -60.823232, -74.01324 ], [ -60.818593, -74.032283 ], [ -60.830068, -74.040706 ], [ -60.774892, -74.095516 ], [ -60.687428, -74.131404 ], [ -60.678151, -74.155208 ], [ -60.68401, -74.179256 ], [ -60.722279, -74.237239 ], [ -60.858083, -74.245174 ], [ -61.067983, -74.300594 ], [ -61.278737, -74.329891 ], [ -61.491017, -74.328914 ], [ -61.644215, -74.297542 ], [ -61.856618, -74.32867 ], [ -61.884633, -74.325618 ], [ -61.901601, -74.308406 ], [ -61.869313, -74.299617 ], [ -61.887929, -74.277644 ], [ -61.978078, -74.244197 ], [ -61.757008, -74.251277 ], [ -61.730092, -74.241145 ], [ -61.663686, -74.190486 ], [ -61.553822, -74.175105 ], [ -61.569386, -74.195125 ], [ -61.566457, -74.212459 ], [ -61.551198, -74.225276 ], [ -61.529775, -74.232112 ], [ -61.47643, -74.220638 ], [ -61.455006, -74.224178 ], [ -61.473988, -74.235164 ], [ -61.484731, -74.254207 ], [ -61.404408, -74.248714 ], [ -61.241567, -74.209773 ], [ -61.133473, -74.164119 ], [ -61.088979, -74.135799 ], [ -61.055409, -74.103084 ], [ -61.055776, -74.073177 ], [ -61.084157, -74.063289 ], [ -61.350453, -74.066219 ], [ -61.378041, -74.055721 ], [ -61.405202, -74.032649 ], [ -61.490468, -74.015559 ], [ -61.775136, -74.042537 ], [ -61.859303, -74.029842 ], [ -61.648854, -73.992976 ], [ -61.58196, -73.970027 ], [ -61.746938, -73.930843 ], [ -61.790944, -73.906673 ], [ -61.691945, -73.886165 ], [ -61.644643, -73.882503 ], [ -61.540578, -73.892635 ], [ -61.437734, -73.873225 ], [ -61.388112, -73.88177 ], [ -61.348317, -73.92657 ], [ -61.232411, -73.958186 ] ] ] } },
{ "type": "Feature", "properties": { "type": "ice_shelf" }, "geometry": { "type": "Polygon", "coordinates": [ [ [ -60.279286, -64.570735 ], [ -60.351247, -64.598445 ], [ -60.353322, -64.629939 ], [ -60.356557, -64.631404 ], [ -60.387746, -64.592952 ], [ -60.421986, -64.524837 ], [ -60.364125, -64.531429 ], [ -60.279286, -64.570735 ] ] ] } },
{ "type": "Feature", "properties": { "type": "ice_shelf" }, "geometry": { "type": "Polygon", "coordinates": [ [ [ -34.738881, -77.712215 ], [ -34.7412, -77.731014 ], [ -34.759267, -77.747737 ], [ -34.679738, -77.751766 ], [ -34.645314, -77.763728 ], [ -34.650258, -77.79388 ], [ -34.459096, -77.821956 ], [ -34.508412, -77.853084 ], [ -34.597829, -77.846126 ], [ -34.664296, -77.853572 ], [ -35.043019, -77.824397 ], [ -35.128285, -77.786433 ], [ -35.14446, -77.754451 ], [ -34.994679, -77.722957 ], [ -34.839772, -77.718562 ], [ -34.805104, -77.725642 ], [ -34.797109, -77.714412 ], [ -34.746693, -77.70135 ], [ -34.738881, -77.712215 ] ] ] } },
{ "type": "Feature", "properties": { "type": "ice_shelf" }, "geometry": { "type": "Polygon", "coordinates": [ [ [ -10.510915, -70.984187 ], [ -10.44811, -70.993099 ], [ -10.42516, -71.019344 ], [ -10.351186, -71.032283 ], [ -10.215382, -71.040218 ], [ -10.094106, -71.064264 ], [ -10.03307, -71.085872 ], [ -9.988759, -71.119319 ], [ -10.036855, -71.155574 ], [ -10.101064, -71.181087 ], [ -10.595631, -71.29742 ], [ -10.653432, -71.325008 ], [ -10.703725, -71.362239 ], [ -10.727651, -71.389095 ], [ -10.733144, -71.409602 ], [ -10.721181, -71.427425 ], [ -10.641591, -71.480159 ], [ -10.600331, -71.527034 ], [ -10.678029, -71.558284 ], [ -10.758107, -71.577449 ], [ -10.840016, -71.584895 ], [ -10.960683, -71.57635 ], [ -11.03661, -71.561336 ], [ -11.072011, -71.549007 ], [ -11.218129, -71.466487 ], [ -11.295766, -71.437434 ], [ -11.370595, -71.423396 ], [ -11.609486, -71.416927 ], [ -11.651112, -71.409724 ], [ -11.682607, -71.392268 ], [ -11.71288, -71.355281 ], [ -11.716786, -71.32867 ], [ -11.660146, -71.276546 ], [ -11.607289, -71.269222 ], [ -11.433278, -71.190486 ], [ -11.418507, -71.169978 ], [ -11.434926, -71.13116 ], [ -11.412038, -71.117366 ], [ -11.086171, -71.021175 ], [ -11.003224, -71.012141 ], [ -10.958119, -71.023372 ], [ -10.899953, -70.998103 ], [ -10.720082, -71.004207 ], [ -10.843373, -70.981746 ], [ -10.816335, -70.959407 ], [ -10.763051, -70.961604 ], [ -10.66277, -70.983699 ], [ -10.510915, -70.984187 ] ] ] } },
{ "type": "Feature", "properties": { "type": "ice_shelf" }, "geometry": { "type": "Polygon", "coordinates": [ [ [ -11.753529, -71.705623 ], [ -11.527333, -71.755306 ], [ -10.949086, -71.742854 ], [ -10.888783, -71.754207 ], [ -10.847157, -71.780818 ], [ -10.939198, -71.851375 ], [ -10.944142, -71.865413 ], [ -10.922902, -71.878841 ], [ -10.917836, -71.895808 ], [ -10.923818, -71.909969 ], [ -10.977223, -71.956966 ], [ -10.97411, -71.973445 ], [ -10.981191, -71.980769 ], [ -11.036122, -72.004939 ], [ -11.095937, -72.018611 ], [ -11.117909, -72.037776 ], [ -11.052602, -72.036311 ], [ -11.032277, -72.048885 ], [ -11.250295, -72.100765 ], [ -11.272023, -72.114192 ], [ -11.245473, -72.126399 ], [ -11.253285, -72.13885 ], [ -11.382985, -72.172176 ], [ -11.358937, -72.177303 ], [ -11.273793, -72.163753 ], [ -11.246938, -72.165584 ], [ -11.23998, -72.17657 ], [ -11.249684, -72.19073 ], [ -11.273427, -72.202205 ], [ -11.28661, -72.239681 ], [ -11.34142, -72.256526 ], [ -11.368276, -72.289485 ], [ -11.409718, -72.302058 ], [ -11.38036, -72.321224 ], [ -11.325307, -72.328059 ], [ -11.356618, -72.396419 ], [ -11.387502, -72.418025 ], [ -11.463979, -72.441463 ], [ -11.556447, -72.44366 ], [ -12.244374, -72.540706 ], [ -12.321156, -72.561824 ], [ -12.435048, -72.554988 ], [ -12.51714, -72.583064 ], [ -12.578969, -72.584651 ], [ -12.861195, -72.653621 ], [ -12.877126, -72.680599 ], [ -12.902333, -72.700496 ], [ -12.934926, -72.706233 ], [ -12.973805, -72.7326 ], [ -13.054921, -72.749812 ], [ -13.154775, -72.799495 ], [ -13.264027, -72.805721 ], [ -13.379445, -72.836238 ], [ -13.437917, -72.832088 ], [ -13.491017, -72.846248 ], [ -13.519399, -72.845393 ], [ -13.653005, -72.791683 ], [ -13.790212, -72.786678 ], [ -13.899587, -72.771053 ], [ -14.014027, -72.738704 ], [ -14.221059, -72.711726 ], [ -14.390736, -72.713191 ], [ -14.418324, -72.723811 ], [ -14.38622, -72.742244 ], [ -14.251454, -72.7774 ], [ -14.226674, -72.797664 ], [ -14.222646, -72.828304 ], [ -14.029775, -72.908504 ], [ -13.895192, -72.986751 ], [ -13.93633, -72.994319 ], [ -13.980885, -73.043025 ], [ -14.014638, -73.066341 ], [ -13.916798, -73.105891 ], [ -14.016469, -73.129573 ], [ -14.047597, -73.124812 ], [ -14.097463, -73.132991 ], [ -14.229726, -73.11761 ], [ -14.295033, -73.128474 ], [ -14.340138, -73.145442 ], [ -14.366689, -73.130916 ], [ -14.380971, -73.131526 ], [ -14.441396, -73.164729 ], [ -14.509206, -73.120418 ], [ -14.612416, -73.082332 ], [ -14.883229, -73.042537 ], [ -14.984059, -73.052547 ], [ -15.179921, -73.044124 ], [ -15.202992, -73.046932 ], [ -15.256825, -73.078914 ], [ -15.426747, -73.091121 ], [ -15.566579, -73.07928 ], [ -15.640126, -73.101863 ], [ -15.86974, -73.139217 ], [ -15.897694, -73.149959 ], [ -15.978871, -73.194637 ], [ -15.993031, -73.214778 ], [ -15.961659, -73.265926 ], [ -15.957753, -73.290218 ], [ -15.976125, -73.303767 ], [ -16.438405, -73.413265 ], [ -16.560048, -73.484065 ], [ -16.562123, -73.50262 ], [ -16.546742, -73.528987 ], [ -16.587697, -73.573543 ], [ -16.602834, -73.633601 ], [ -16.598256, -73.667781 ], [ -16.583241, -73.686336 ], [ -16.494679, -73.713802 ], [ -16.399403, -73.722469 ], [ -16.3308, -73.709285 ], [ -15.929616, -73.750179 ], [ -15.875478, -73.763362 ], [ -15.825734, -73.788631 ], [ -15.865895, -73.808162 ], [ -15.90984, -73.816951 ], [ -16.196401, -73.834163 ], [ -16.391957, -73.879329 ], [ -16.512196, -73.857112 ], [ -16.554433, -73.864803 ], [ -16.517018, -73.885188 ], [ -16.462148, -73.894588 ], [ -16.262441, -73.894832 ], [ -16.175954, -73.939388 ], [ -15.686208, -73.948543 ], [ -14.796498, -73.802913 ], [ -14.717641, -73.780574 ], [ -14.697133, -73.789607 ], [ -14.653676, -73.82867 ], [ -14.627187, -73.83929 ], [ -14.41631, -73.841975 ], [ -14.361806, -73.857723 ], [ -14.433034, -73.90826 ], [ -14.518239, -73.934016 ], [ -14.517751, -73.97137 ], [ -14.525075, -73.975765 ], [ -14.692983, -74.001643 ], [ -14.734547, -74.021541 ], [ -14.788991, -74.064998 ], [ -14.827992, -74.081233 ], [ -14.953725, -74.103328 ], [ -15.019276, -74.129329 ], [ -15.109547, -74.131526 ], [ -15.130727, -74.163753 ], [ -15.193227, -74.181331 ], [ -15.207631, -74.193904 ], [ -15.208363, -74.206355 ], [ -15.302052, -74.221492 ], [ -15.304311, -74.25677 ], [ -15.333241, -74.288875 ], [ -15.319569, -74.319148 ], [ -15.280934, -74.338435 ], [ -15.195546, -74.36053 ], [ -15.610951, -74.400203 ], [ -15.616567, -74.401912 ], [ -15.616689, -74.42303 ], [ -15.639027, -74.430843 ], [ -15.753102, -74.430476 ], [ -15.926564, -74.377498 ], [ -16.597218, -74.30743 ], [ -17.456288, -74.337215 ], [ -17.57079, -74.369563 ], [ -17.61205, -74.402522 ], [ -17.589223, -74.446834 ], [ -17.617299, -74.470516 ], [ -17.587331, -74.486385 ], [ -17.566762, -74.51385 ], [ -17.604726, -74.519222 ], [ -17.623158, -74.585262 ], [ -17.641103, -74.594661 ], [ -17.708302, -74.586849 ], [ -17.810353, -74.617 ], [ -17.965688, -74.637874 ], [ -17.959828, -74.666805 ], [ -17.911855, -74.704036 ], [ -17.871755, -74.713924 ], [ -17.837758, -74.757015 ], [ -17.802174, -74.776546 ], [ -17.826527, -74.791438 ], [ -17.915639, -74.801814 ], [ -17.99706, -74.822688 ], [ -18.055837, -74.858821 ], [ -18.106252, -74.872615 ], [ -18.146169, -74.903743 ], [ -18.150502, -74.924251 ], [ -18.131093, -74.938899 ], [ -18.204945, -74.955989 ], [ -18.257985, -74.98846 ], [ -18.318959, -74.979427 ], [ -18.439748, -75.027522 ], [ -18.509389, -75.022517 ], [ -18.535878, -75.053157 ], [ -18.546376, -75.146907 ], [ -18.600026, -75.15826 ], [ -18.682912, -75.151302 ], [ -18.704945, -75.161556 ], [ -18.721059, -75.205501 ], [ -18.749745, -75.224056 ], [ -18.784718, -75.230159 ], [ -18.845509, -75.22491 ], [ -18.864858, -75.228938 ], [ -18.873525, -75.249446 ], [ -18.85204, -75.263118 ], [ -18.774953, -75.280086 ], [ -18.737782, -75.299983 ], [ -18.638661, -75.319637 ], [ -18.573048, -75.358455 ], [ -18.531422, -75.407405 ], [ -18.506581, -75.415828 ], [ -18.251393, -75.460262 ], [ -18.408254, -75.480891 ], [ -18.4605, -75.480281 ], [ -18.550893, -75.463924 ], [ -18.625478, -75.482356 ], [ -18.653554, -75.482112 ], [ -18.987111, -75.442806 ], [ -19.028432, -75.45428 ], [ -18.935597, -75.491023 ], [ -18.967152, -75.514949 ], [ -19.005971, -75.520686 ], [ -19.237782, -75.50201 ], [ -19.240468, -75.548396 ], [ -19.338185, -75.530574 ], [ -19.38799, -75.545833 ], [ -19.592458, -75.539974 ], [ -19.672109, -75.527522 ], [ -19.767629, -75.549495 ], [ -20.399403, -75.472102 ], [ -20.494435, -75.496639 ], [ -20.705495, -75.528377 ], [ -20.730214, -75.54156 ], [ -20.735829, -75.563533 ], [ -20.721669, -75.578182 ], [ -20.644154, -75.612117 ], [ -20.665273, -75.621272 ], [ -20.755849, -75.605281 ], [ -20.859609, -75.636653 ], [ -20.947499, -75.632991 ], [ -21.17394, -75.705013 ], [ -21.269643, -75.71429 ], [ -21.680531, -75.671199 ], [ -21.76183, -75.700008 ], [ -21.811635, -75.708675 ], [ -21.862843, -75.709529 ], [ -22.050893, -75.681697 ], [ -22.069325, -75.684993 ], [ -22.073964, -75.705867 ], [ -22.301869, -75.64471 ], [ -22.327626, -75.649959 ], [ -22.378468, -75.678157 ], [ -22.533315, -75.642024 ], [ -22.560964, -75.643977 ], [ -22.596059, -75.674739 ], [ -22.650807, -75.69073 ], [ -22.729604, -75.689998 ], [ -22.847096, -75.707698 ], [ -23.105092, -75.704646 ], [ -23.215138, -75.715999 ], [ -23.269338, -75.737972 ], [ -24.213735, -75.756404 ], [ -24.325551, -75.779842 ], [ -25.94811, -75.933162 ], [ -26.117177, -75.973933 ], [ -26.287709, -75.996639 ], [ -26.373708, -76.032283 ], [ -26.507436, -76.05511 ], [ -26.626515, -76.095149 ], [ -26.63683, -76.095027 ], [ -26.607655, -76.063777 ], [ -26.582875, -76.001155 ], [ -26.612416, -75.976497 ], [ -26.619923, -75.919002 ], [ -26.659291, -75.882259 ], [ -26.79955, -75.807063 ], [ -27.078725, -75.723567 ], [ -27.467519, -75.678645 ], [ -27.561269, -75.642268 ], [ -27.615346, -75.629939 ], [ -27.638844, -75.618709 ], [ -27.64391, -75.600887 ], [ -27.522084, -75.544856 ], [ -27.450917, -75.544246 ], [ -27.375844, -75.5274 ], [ -27.186574, -75.507259 ], [ -27.088002, -75.483699 ], [ -26.283437, -75.434016 ], [ -26.168507, -75.381404 ], [ -26.091481, -75.363826 ], [ -25.978322, -75.304622 ], [ -25.359303, -75.204524 ], [ -25.220326, -75.121272 ], [ -25.229115, -75.110164 ], [ -25.190297, -75.089778 ], [ -25.176625, -75.072688 ], [ -25.17455, -75.052303 ], [ -25.197621, -75.017024 ], [ -25.197804, -75.002254 ], [ -25.097401, -74.953182 ], [ -25.006947, -74.920833 ], [ -25.043141, -74.897517 ], [ -25.087819, -74.885677 ], [ -25.270985, -74.858577 ], [ -25.379079, -74.795589 ], [ -25.398, -74.743831 ], [ -25.414845, -74.733821 ], [ -25.625172, -74.680599 ], [ -25.67278, -74.679134 ], [ -25.623097, -74.655818 ], [ -25.381398, -74.616023 ], [ -25.361012, -74.605891 ], [ -25.292409, -74.538265 ], [ -25.325612, -74.493221 ], [ -25.313466, -74.466853 ], [ -25.319203, -74.445003 ], [ -25.386403, -74.40118 ], [ -25.388722, -74.375545 ], [ -25.439687, -74.344661 ], [ -25.57665, -74.295223 ], [ -25.60204, -74.26263 ], [ -25.614919, -74.257503 ], [ -25.710927, -74.252864 ], [ -25.772633, -74.234798 ], [ -25.741689, -74.196346 ], [ -25.675465, -74.154353 ], [ -25.687245, -74.120662 ], [ -25.681874, -74.097469 ], [ -25.663808, -74.089046 ], [ -24.712575, -73.957332 ], [ -24.610097, -73.964412 ], [ -24.295583, -73.92242 ], [ -24.118337, -73.859187 ], [ -24.042287, -73.886409 ], [ -23.90331, -73.855159 ], [ -23.853627, -73.856136 ], [ -23.778066, -73.902644 ], [ -23.668202, -73.894466 ], [ -23.577626, -73.917049 ], [ -23.56371, -73.944148 ], [ -23.531361, -73.96014 ], [ -23.548634, -73.97784 ], [ -23.533193, -73.997981 ], [ -23.55309, -74.011775 ], [ -23.55309, -74.025935 ], [ -23.538747, -74.034114 ], [ -23.515248, -74.030452 ], [ -23.447194, -73.978694 ], [ -23.359303, -73.972713 ], [ -23.311574, -73.975032 ], [ -23.288564, -73.984187 ], [ -23.246632, -73.966121 ], [ -23.22704, -73.966121 ], [ -23.204518, -73.994319 ], [ -23.082143, -74.080867 ], [ -23.054799, -74.112361 ], [ -23.063222, -74.127376 ], [ -23.024953, -74.160335 ], [ -22.897939, -74.173396 ], [ -22.757314, -74.156917 ], [ -22.722157, -74.172786 ], [ -22.719045, -74.151424 ], [ -22.69933, -74.139827 ], [ -22.630483, -74.123592 ], [ -22.613637, -74.127986 ], [ -22.572316, -74.165828 ], [ -22.497609, -74.169612 ], [ -22.433949, -74.210384 ], [ -22.350575, -74.236507 ], [ -22.264089, -74.25262 ], [ -22.129201, -74.258357 ], [ -22.089833, -74.268245 ], [ -22.111012, -74.246394 ], [ -22.09734, -74.237239 ], [ -22.08196, -74.206844 ], [ -21.971791, -74.174739 ], [ -21.946523, -74.160701 ], [ -21.944325, -74.129207 ], [ -21.990102, -74.111507 ], [ -21.713429, -74.088435 ], [ -21.299489, -74.105891 ], [ -21.122365, -74.142879 ], [ -21.011952, -74.18719 ], [ -20.981191, -74.210994 ], [ -20.869618, -74.401668 ], [ -20.865712, -74.439021 ], [ -20.843068, -74.462825 ], [ -20.80663, -74.475154 ], [ -20.528554, -74.50262 ], [ -20.478078, -74.498836 ], [ -20.414784, -74.483943 ], [ -20.377675, -74.449397 ], [ -20.366567, -74.425349 ], [ -20.366689, -74.393001 ], [ -20.37859, -74.360774 ], [ -20.425649, -74.309016 ], [ -20.579884, -74.221004 ], [ -20.69286, -74.101985 ], [ -20.658803, -74.067195 ], [ -20.647389, -74.019466 ], [ -20.598622, -73.990535 ], [ -20.591176, -73.971248 ], [ -20.599904, -73.917781 ], [ -20.575856, -73.887508 ], [ -20.583119, -73.85406 ], [ -20.543202, -73.818904 ], [ -20.495839, -73.793758 ], [ -20.528188, -73.759334 ], [ -20.535024, -73.739558 ], [ -20.509206, -73.677669 ], [ -20.515797, -73.659724 ], [ -20.55663, -73.620784 ], [ -20.673634, -73.565974 ], [ -20.62151, -73.565242 ], [ -20.57195, -73.550349 ], [ -20.587148, -73.507259 ], [ -20.581044, -73.487727 ], [ -20.512318, -73.379573 ], [ -20.478078, -73.340633 ], [ -20.394093, -73.276302 ], [ -20.34911, -73.252132 ], [ -20.153432, -73.178767 ], [ -20.011098, -73.101375 ], [ -19.868703, -73.054256 ], [ -19.863271, -73.041316 ], [ -19.885365, -72.999812 ], [ -19.864919, -72.981624 ], [ -19.719777, -72.932308 ], [ -19.586415, -72.85992 ], [ -19.541432, -72.847224 ], [ -19.38976, -72.842708 ], [ -19.369618, -72.831599 ], [ -19.437734, -72.782649 ], [ -19.287709, -72.712093 ], [ -19.130177, -72.668269 ], [ -18.319447, -72.584163 ], [ -18.165456, -72.595393 ], [ -18.187795, -72.608455 ], [ -18.106923, -72.606868 ], [ -18.119923, -72.624568 ], [ -18.105702, -72.62701 ], [ -18.060292, -72.618587 ], [ -18.070668, -72.63531 ], [ -17.993886, -72.648128 ], [ -18.017445, -72.66656 ], [ -18.0006, -72.671077 ], [ -17.815053, -72.650447 ], [ -17.744374, -72.630183 ], [ -17.642384, -72.619808 ], [ -17.652699, -72.60345 ], [ -17.670827, -72.594783 ], [ -17.640126, -72.577083 ], [ -17.601735, -72.574031 ], [ -17.654775, -72.557185 ], [ -16.586171, -72.486385 ], [ -16.546132, -72.49615 ], [ -16.54131, -72.516902 ], [ -16.51653, -72.53033 ], [ -16.517201, -72.570247 ], [ -16.487538, -72.622371 ], [ -16.441579, -72.663753 ], [ -16.38152, -72.689998 ], [ -16.296193, -72.707576 ], [ -16.198903, -72.709285 ], [ -16.102773, -72.687434 ], [ -16.109853, -72.658382 ], [ -16.291249, -72.485286 ], [ -16.338002, -72.460628 ], [ -16.390981, -72.453548 ], [ -16.415822, -72.459041 ], [ -16.381093, -72.402889 ], [ -15.760915, -72.302791 ], [ -15.696767, -72.284969 ], [ -15.595509, -72.285213 ], [ -15.529775, -72.269099 ], [ -15.416493, -72.206233 ], [ -15.348622, -72.194148 ], [ -15.379628, -72.169368 ], [ -15.344899, -72.15887 ], [ -15.202016, -72.168636 ], [ -15.072133, -72.129085 ], [ -14.954152, -72.138728 ], [ -14.524403, -72.072688 ], [ -14.07018, -72.055232 ], [ -13.967275, -72.027644 ], [ -13.429067, -71.969417 ], [ -13.312428, -71.978206 ], [ -13.216054, -72.037166 ], [ -12.963368, -72.005794 ], [ -12.911, -72.01263 ], [ -12.967397, -72.056453 ], [ -12.951283, -72.092952 ], [ -12.921071, -72.12115 ], [ -12.877614, -72.143855 ], [ -12.742299, -72.185115 ], [ -12.653981, -72.199275 ], [ -12.56664, -72.196346 ], [ -12.489674, -72.167049 ], [ -12.522694, -72.128352 ], [ -12.565541, -72.101497 ], [ -12.724904, -72.028011 ], [ -12.810292, -72.000789 ], [ -12.862782, -72.001643 ], [ -12.858876, -71.985774 ], [ -12.915639, -71.966731 ], [ -12.881398, -71.945857 ], [ -12.584523, -71.873714 ], [ -12.636037, -71.876155 ], [ -12.899464, -71.923396 ], [ -12.954945, -71.924739 ], [ -12.988759, -71.904964 ], [ -12.9334, -71.876399 ], [ -12.743825, -71.848689 ], [ -12.611501, -71.81219 ], [ -12.507985, -71.76617 ], [ -12.41631, -71.762141 ], [ -12.151723, -71.728572 ], [ -12.089528, -71.700862 ], [ -12.048818, -71.663387 ], [ -11.987843, -71.6795 ], [ -11.753529, -71.705623 ] ] ] } },
{ "type": "Feature", "properties": { "type": "ice_shelf" }, "geometry": { "type": "Polygon", "coordinates": [ [ [ -60.30016, -64.961971 ], [ -60.199941, -64.970882 ], [ -60.137318, -64.963558 ], [ -60.089833, -64.967464 ], [ -60.050282, -65.009334 ], [ -60.006642, -65.02679 ], [ -60.021718, -65.047786 ], [ -59.991139, -65.067073 ], [ -59.913503, -65.089168 ], [ -59.790883, -65.097591 ], [ -59.841542, -65.127376 ], [ -59.77776, -65.174373 ], [ -59.699147, -65.202083 ], [ -59.726979, -65.216121 ], [ -60.002736, -65.162898 ], [ -60.041676, -65.116512 ], [ -60.060658, -65.110164 ], [ -60.163991, -65.102962 ], [ -60.33788, -65.067806 ], [ -60.385976, -65.066097 ], [ -60.461659, -65.076717 ], [ -60.461537, -65.088558 ], [ -60.476796, -65.095638 ], [ -60.850819, -65.082454 ], [ -60.892445, -65.093562 ], [ -60.882314, -65.101253 ], [ -60.932729, -65.09991 ], [ -61.232533, -65.010677 ], [ -61.194325, -64.999812 ], [ -61.145131, -64.998836 ], [ -61.051686, -65.010921 ], [ -61.00829, -64.987483 ], [ -60.856068, -64.863582 ], [ -60.735158, -64.81097 ], [ -60.706105, -64.779598 ], [ -60.665822, -64.810848 ], [ -60.654225, -64.841975 ], [ -60.560414, -64.893245 ], [ -60.458241, -64.913142 ], [ -60.30016, -64.961971 ] ] ] } },
{ "type": "Feature", "properties": { "type": "ice_shelf" }, "geometry": { "type": "Polygon", "coordinates": [ [ [ -61.4558, -65.037532 ], [ -61.578481, -65.078059 ], [ -61.578908, -65.100642 ], [ -61.570119, -65.113826 ], [ -61.52892, -65.128108 ], [ -61.563588, -65.142146 ], [ -61.583485, -65.125057 ], [ -61.674611, -65.119075 ], [ -61.739369, -65.087825 ], [ -61.756215, -64.992976 ], [ -61.750295, -64.975398 ], [ -61.728749, -64.968684 ], [ -61.541432, -64.974178 ], [ -61.435414, -65.008846 ], [ -61.410329, -65.034114 ], [ -61.4558, -65.037532 ] ] ] } },
{ "type": "Feature", "properties": { "type": "ice_shelf" }, "geometry": { "type": "Polygon", "coordinates": [ [ [ -62.001698, -73.104183 ], [ -61.544423, -73.17596 ], [ -61.447072, -73.158138 ], [ -61.397328, -73.194148 ], [ -61.369985, -73.20367 ], [ -61.229604, -73.201839 ], [ -61.254567, -73.211238 ], [ -61.262441, -73.226863 ], [ -61.25536, -73.244441 ], [ -61.167592, -73.319759 ], [ -61.130605, -73.337703 ], [ -61.082753, -73.347469 ], [ -60.989552, -73.352962 ], [ -60.949635, -73.34283 ], [ -60.918263, -73.316341 ], [ -60.894704, -73.24908 ], [ -60.877919, -73.242 ], [ -60.820668, -73.309139 ], [ -60.816945, -73.333797 ], [ -60.834645, -73.384944 ], [ -60.76946, -73.399349 ], [ -60.703053, -73.391048 ], [ -60.683644, -73.371272 ], [ -60.666249, -73.334529 ], [ -60.638966, -73.223689 ], [ -60.624684, -73.195491 ], [ -60.598622, -73.184871 ], [ -60.49529, -73.212581 ], [ -60.46935, -73.227351 ], [ -60.450429, -73.302058 ], [ -60.378285, -73.321712 ], [ -60.252248, -73.317683 ], [ -60.336537, -73.344661 ], [ -60.540456, -73.447933 ], [ -60.575795, -73.478084 ], [ -60.582082, -73.530574 ], [ -60.598012, -73.544002 ], [ -60.850881, -73.628597 ], [ -60.836903, -73.64178 ], [ -60.767384, -73.630061 ], [ -60.688588, -73.671932 ], [ -60.767934, -73.680599 ], [ -60.737538, -73.692683 ], [ -60.741139, -73.711971 ], [ -60.78423, -73.694515 ], [ -60.862721, -73.703426 ], [ -60.933339, -73.735408 ], [ -60.986256, -73.747371 ], [ -61.145619, -73.737849 ], [ -61.00652, -73.701106 ], [ -61.030934, -73.672908 ], [ -60.902821, -73.646297 ], [ -60.84496, -73.621394 ], [ -60.79955, -73.578059 ], [ -61.120168, -73.524104 ], [ -61.241811, -73.535823 ], [ -61.302113, -73.495296 ], [ -61.452321, -73.477962 ], [ -61.507802, -73.487483 ], [ -61.56255, -73.537654 ], [ -61.64269, -73.543758 ], [ -61.687795, -73.535945 ], [ -61.71758, -73.517146 ], [ -61.71288, -73.46014 ], [ -61.814381, -73.424739 ], [ -61.90685, -73.416194 ], [ -61.919301, -73.408748 ], [ -61.934804, -73.372127 ], [ -61.885976, -73.365047 ], [ -61.6881, -73.375179 ], [ -61.58788, -73.393001 ], [ -61.539296, -73.392146 ], [ -61.568471, -73.353084 ], [ -61.816335, -73.260188 ], [ -62.00182, -73.230525 ], [ -61.955312, -73.223933 ], [ -61.766042, -73.24615 ], [ -61.626454, -73.285091 ], [ -61.646047, -73.25201 ], [ -61.961354, -73.184627 ], [ -62.065053, -73.13055 ], [ -62.001698, -73.104183 ] ] ] } },
{ "type": "Feature", "properties": { "type": "ice_shelf" }, "geometry": { "type": "Polygon", "coordinates": [ [ [ -60.735951, -66.124934 ], [ -60.708302, -66.130794 ], [ -60.697926, -66.116267 ], [ -60.69988, -66.041927 ], [ -60.637746, -66.05511 ], [ -60.614858, -66.042659 ], [ -60.598378, -66.100276 ], [ -60.58434, -66.113826 ], [ -60.517812, -66.137996 ], [ -60.510426, -66.153743 ], [ -60.519765, -66.187557 ], [ -60.509755, -66.261287 ], [ -60.465932, -66.344173 ], [ -60.483083, -66.367976 ], [ -60.486684, -66.386897 ], [ -60.453664, -66.426936 ], [ -60.35851, -66.50262 ], [ -60.357655, -66.525569 ], [ -60.401235, -66.573299 ], [ -60.411733, -66.614314 ], [ -60.397023, -66.645198 ], [ -60.366689, -66.668025 ], [ -60.293141, -66.700618 ], [ -60.216115, -66.722835 ], [ -60.106435, -66.73553 ], [ -60.091725, -66.752864 ], [ -60.095693, -66.764705 ], [ -60.128468, -66.782649 ], [ -60.073171, -66.782771 ], [ -60.061025, -66.806941 ], [ -60.075856, -66.831966 ], [ -60.189198, -66.891902 ], [ -60.283925, -66.976253 ], [ -60.383534, -67.002132 ], [ -60.404042, -67.018977 ], [ -60.289723, -67.030818 ], [ -60.249074, -67.0899 ], [ -60.246632, -67.145686 ], [ -60.262685, -67.189021 ], [ -60.246693, -67.271419 ], [ -60.275319, -67.302913 ], [ -60.284901, -67.343684 ], [ -60.348378, -67.451228 ], [ -60.389272, -67.464046 ], [ -60.416737, -67.499202 ], [ -60.453603, -67.507991 ], [ -60.735951, -67.505794 ], [ -60.783742, -67.512996 ], [ -60.816151, -67.531184 ], [ -60.841298, -67.560237 ], [ -60.898183, -67.650569 ], [ -60.891225, -67.693538 ], [ -60.86974, -67.736263 ], [ -60.85381, -67.748225 ], [ -60.840016, -67.731136 ], [ -60.817494, -67.737361 ], [ -60.777699, -67.77032 ], [ -60.733876, -67.823787 ], [ -60.610341, -67.841975 ], [ -60.559682, -67.855403 ], [ -60.520436, -67.879695 ], [ -60.539479, -67.909358 ], [ -60.553822, -67.965755 ], [ -60.509389, -67.999812 ], [ -60.499379, -68.020931 ], [ -60.503835, -68.035823 ], [ -60.571828, -68.080135 ], [ -60.628713, -68.141902 ], [ -60.652943, -68.213191 ], [ -60.698048, -68.283016 ], [ -60.678761, -68.306941 ], [ -60.68224, -68.323543 ], [ -60.705312, -68.345516 ], [ -60.715688, -68.43304 ], [ -60.664601, -68.472591 ], [ -60.65923, -68.491756 ], [ -60.679006, -68.514827 ], [ -60.718922, -68.536556 ], [ -60.792653, -68.563777 ], [ -60.764577, -68.580867 ], [ -60.675588, -68.605647 ], [ -60.653737, -68.634944 ], [ -60.628651, -68.653011 ], [ -60.635793, -68.668147 ], [ -60.65862, -68.675105 ], [ -60.70818, -68.660945 ], [ -60.729604, -68.674007 ], [ -60.74767, -68.705623 ], [ -60.790517, -68.691951 ], [ -60.883046, -68.679378 ], [ -60.968617, -68.682552 ], [ -61.021169, -68.706722 ], [ -60.996449, -68.723079 ], [ -60.801564, -68.788142 ], [ -60.791127, -68.802303 ], [ -60.765065, -68.814388 ], [ -60.753957, -68.823665 ], [ -60.772878, -68.834773 ], [ -60.84203, -68.846248 ], [ -60.775014, -68.873836 ], [ -60.785268, -68.892024 ], [ -60.766835, -68.910579 ], [ -60.712392, -68.929866 ], [ -60.775685, -69.02679 ], [ -61.02776, -69.100032 ], [ -61.19756, -69.189998 ], [ -61.352101, -69.302181 ], [ -61.447621, -69.339656 ], [ -61.48943, -69.365291 ], [ -61.498525, -69.407771 ], [ -61.487111, -69.429988 ], [ -61.429128, -69.464168 ], [ -61.400502, -69.494441 ], [ -61.310719, -69.52972 ], [ -61.199696, -69.622493 ], [ -61.110524, -69.650325 ], [ -60.991933, -69.652156 ], [ -60.94872, -69.681453 ], [ -60.871938, -69.708675 ], [ -60.841237, -69.778133 ], [ -60.873097, -69.797908 ], [ -60.910207, -69.804134 ], [ -60.89922, -69.811092 ], [ -61.228993, -69.831966 ], [ -61.346852, -69.859187 ], [ -61.394338, -69.89471 ], [ -61.405995, -69.942806 ], [ -61.369191, -69.962825 ], [ -61.288503, -69.984432 ], [ -61.176198, -69.981136 ], [ -61.105397, -69.963802 ], [ -61.107716, -69.959163 ], [ -61.031484, -69.984432 ], [ -61.014089, -69.998592 ], [ -61.023061, -70.044124 ], [ -61.010182, -70.062068 ], [ -61.020131, -70.076839 ], [ -61.000478, -70.105037 ], [ -60.952016, -70.11639 ], [ -60.916737, -70.159969 ], [ -60.861012, -70.198665 ], [ -60.73644, -70.308162 ], [ -60.64977, -70.364558 ], [ -60.637746, -70.375179 ], [ -60.641408, -70.407283 ], [ -60.587636, -70.444026 ], [ -60.573232, -70.463802 ], [ -60.56786, -70.484432 ], [ -60.601369, -70.507869 ], [ -60.834462, -70.512386 ], [ -60.900441, -70.520808 ], [ -60.969411, -70.547664 ], [ -60.973683, -70.558772 ], [ -60.963368, -70.583797 ], [ -60.982228, -70.621028 ], [ -60.906789, -70.686702 ], [ -60.857533, -70.709285 ], [ -60.812917, -70.714656 ], [ -60.698842, -70.706599 ], [ -60.674672, -70.778743 ], [ -60.701344, -70.881282 ], [ -60.680409, -70.911189 ], [ -60.813283, -70.917049 ], [ -60.914296, -70.941585 ], [ -60.957265, -70.977351 ], [ -60.889394, -71.018855 ], [ -60.756581, -71.049983 ], [ -60.617421, -71.063045 ], [ -60.566457, -71.056087 ], [ -60.590871, -71.08575 ], [ -60.594106, -71.100398 ], [ -60.585011, -71.131282 ], [ -60.546559, -71.147151 ], [ -60.489797, -71.250911 ], [ -60.401845, -71.311214 ], [ -60.444081, -71.330257 ], [ -60.468922, -71.363338 ], [ -60.51476, -71.379085 ], [ -60.529347, -71.392268 ], [ -60.534413, -71.406184 ], [ -60.527028, -71.417537 ], [ -60.504445, -71.423518 ], [ -60.513905, -71.441707 ], [ -60.531484, -71.451717 ], [ -60.512135, -71.503597 ], [ -60.441335, -71.568294 ], [ -60.441213, -71.579524 ], [ -60.456532, -71.591609 ], [ -60.44933, -71.636897 ], [ -60.29894, -71.700496 ], [ -60.251698, -71.740779 ], [ -60.267751, -71.752864 ], [ -60.267201, -71.773006 ], [ -60.299245, -71.779842 ], [ -60.309193, -71.791316 ], [ -60.304128, -71.802181 ], [ -60.262441, -71.828304 ], [ -60.241811, -71.861995 ], [ -60.251576, -71.884944 ], [ -60.281789, -71.897517 ], [ -60.322499, -71.899715 ], [ -60.281422, -71.914485 ], [ -60.246693, -71.943172 ], [ -60.271047, -71.943782 ], [ -60.295766, -71.93243 ], [ -60.252065, -71.990047 ], [ -60.256215, -72.008235 ], [ -60.267812, -72.016658 ], [ -60.299489, -72.021053 ], [ -60.309438, -72.030574 ], [ -60.32079, -72.066219 ], [ -60.311147, -72.10638 ], [ -60.278737, -72.136653 ], [ -60.192494, -72.176204 ], [ -60.238454, -72.177425 ], [ -60.258473, -72.204036 ], [ -60.23644, -72.238338 ], [ -60.181325, -72.255916 ], [ -60.130605, -72.25262 ], [ -60.128285, -72.277644 ], [ -60.093861, -72.298396 ], [ -59.935902, -72.323665 ], [ -59.888844, -72.379085 ], [ -59.710744, -72.42596 ], [ -59.695546, -72.454524 ], [ -59.672475, -72.471248 ], [ -59.679128, -72.491878 ], [ -59.719228, -72.526546 ], [ -59.741994, -72.576106 ], [ -59.767629, -72.589656 ], [ -59.760365, -72.615657 ], [ -59.780751, -72.633357 ], [ -59.855275, -72.641902 ], [ -59.895863, -72.664241 ], [ -59.937856, -72.732967 ], [ -59.925038, -72.795833 ], [ -59.942738, -72.817683 ], [ -59.997243, -72.856014 ], [ -60.030324, -72.869441 ], [ -60.082021, -72.874812 ], [ -60.10735, -72.888118 ], [ -60.183766, -72.957332 ], [ -60.246999, -73.034114 ], [ -60.333913, -73.055599 ], [ -60.35674, -73.052058 ], [ -60.426381, -73.018611 ], [ -60.552235, -72.980525 ], [ -60.60497, -73.022395 ], [ -60.707448, -73.064388 ], [ -60.763539, -73.074519 ], [ -60.782216, -73.049983 ], [ -60.769887, -73.035457 ], [ -60.638173, -72.958431 ], [ -60.622121, -72.942317 ], [ -60.646718, -72.934749 ], [ -60.664418, -72.915584 ], [ -60.579701, -72.890437 ], [ -60.511586, -72.828182 ], [ -60.491689, -72.791194 ], [ -60.489369, -72.756404 ], [ -60.520436, -72.682674 ], [ -60.552358, -72.65594 ], [ -60.59673, -72.649959 ], [ -60.736073, -72.654353 ], [ -60.863332, -72.681331 ], [ -61.004384, -72.68658 ], [ -61.041798, -72.701595 ], [ -61.084035, -72.752132 ], [ -61.119862, -72.780452 ], [ -61.200551, -72.769832 ], [ -61.21526, -72.763973 ], [ -61.218861, -72.752742 ], [ -61.206349, -72.732112 ], [ -61.208424, -72.720638 ], [ -61.224599, -72.708186 ], [ -61.259267, -72.691341 ], [ -61.392873, -72.669978 ], [ -61.420277, -72.645808 ], [ -61.257924, -72.652889 ], [ -61.215443, -72.638118 ], [ -61.250722, -72.555965 ], [ -61.275502, -72.526058 ], [ -61.401784, -72.533626 ], [ -61.436269, -72.522517 ], [ -61.470998, -72.497859 ], [ -61.388112, -72.480769 ], [ -61.365651, -72.465999 ], [ -61.457204, -72.429134 ], [ -61.46465, -72.407283 ], [ -61.142018, -72.454158 ], [ -60.823476, -72.465144 ], [ -60.679006, -72.445613 ], [ -60.642568, -72.429988 ], [ -60.637257, -72.407283 ], [ -60.656117, -72.386043 ], [ -60.692189, -72.37469 ], [ -60.965932, -72.369319 ], [ -60.997975, -72.356258 ], [ -60.861318, -72.316951 ], [ -60.814748, -72.313411 ], [ -60.706471, -72.331844 ], [ -60.674367, -72.325374 ], [ -60.654408, -72.312557 ], [ -60.668446, -72.298885 ], [ -60.661733, -72.255794 ], [ -60.687184, -72.230891 ], [ -60.749623, -72.204891 ], [ -60.843007, -72.188533 ], [ -61.016469, -72.196712 ], [ -61.071889, -72.191341 ], [ -61.009389, -72.153621 ], [ -60.937795, -72.158504 ], [ -60.688649, -72.120174 ], [ -60.662343, -72.106136 ], [ -60.652455, -72.078304 ], [ -60.654469, -72.04156 ], [ -60.668324, -72.010188 ], [ -60.693837, -71.997859 ], [ -60.753346, -72.008846 ], [ -60.870656, -72.046565 ], [ -60.929311, -72.053401 ], [ -61.116994, -72.050105 ], [ -61.173695, -72.066951 ], [ -61.191823, -72.087337 ], [ -61.153676, -72.129329 ], [ -61.148549, -72.15472 ], [ -61.166982, -72.169856 ], [ -61.286672, -72.133601 ], [ -61.37621, -72.078059 ], [ -61.427419, -72.065242 ], [ -61.674306, -72.046565 ], [ -61.732655, -72.049007 ], [ -61.908131, -72.09222 ], [ -62.135426, -72.111263 ], [ -62.254323, -72.135188 ], [ -62.312611, -72.131648 ], [ -62.34911, -72.097591 ], [ -62.223256, -72.050594 ], [ -62.133107, -72.028255 ], [ -62.112233, -72.009578 ], [ -62.297597, -71.987483 ], [ -62.397389, -71.960628 ], [ -62.440907, -71.919612 ], [ -61.890431, -71.89764 ], [ -61.776051, -71.868709 ], [ -61.497182, -71.854915 ], [ -61.319631, -71.875057 ], [ -61.091786, -71.871028 ], [ -61.065663, -71.845393 ], [ -61.027211, -71.832332 ], [ -61.088063, -71.81927 ], [ -61.103078, -71.805599 ], [ -61.05602, -71.796932 ], [ -61.12914, -71.763362 ], [ -61.162709, -71.718807 ], [ -61.097035, -71.708064 ], [ -61.048634, -71.739925 ], [ -60.957082, -71.772029 ], [ -60.861806, -71.788875 ], [ -60.79778, -71.781551 ], [ -60.771535, -71.760066 ], [ -60.835256, -71.711604 ], [ -60.786549, -71.691951 ], [ -60.777943, -71.677058 ], [ -60.838185, -71.662776 ], [ -60.980336, -71.660823 ], [ -60.998464, -71.639827 ], [ -60.945729, -71.619075 ], [ -61.062123, -71.589412 ], [ -61.094838, -71.573665 ], [ -61.119069, -71.539363 ], [ -61.141286, -71.532893 ], [ -61.180531, -71.53326 ], [ -61.265065, -71.558528 ], [ -61.27007, -71.581966 ], [ -61.283803, -71.593318 ], [ -61.55724, -71.690608 ], [ -61.595326, -71.694392 ], [ -61.673451, -71.681087 ], [ -62.068166, -71.673641 ], [ -62.084096, -71.669856 ], [ -62.112233, -71.639827 ], [ -62.054921, -71.622371 ], [ -61.872426, -71.631526 ], [ -61.813649, -71.62701 ], [ -61.724599, -71.604671 ], [ -61.710133, -71.596858 ], [ -61.706899, -71.586238 ], [ -61.725758, -71.532771 ], [ -61.593129, -71.529842 ], [ -61.542226, -71.50555 ], [ -61.554006, -71.447322 ], [ -61.335805, -71.465877 ], [ -61.129323, -71.414851 ], [ -61.337087, -71.364681 ], [ -61.365407, -71.340389 ], [ -61.417348, -71.322688 ], [ -61.361806, -71.309261 ], [ -61.291921, -71.314388 ], [ -61.038991, -71.366878 ], [ -60.983754, -71.366756 ], [ -60.924184, -71.33868 ], [ -60.965382, -71.306087 ], [ -61.01122, -71.286067 ], [ -61.11205, -71.267513 ], [ -61.200917, -71.261531 ], [ -61.243642, -71.250301 ], [ -61.277394, -71.224422 ], [ -61.22527, -71.217952 ], [ -60.966847, -71.234309 ], [ -60.925343, -71.220149 ], [ -60.93456, -71.182185 ], [ -60.970876, -71.155208 ], [ -61.02007, -71.13531 ], [ -61.208608, -71.100642 ], [ -61.216786, -71.082942 ], [ -61.18456, -71.056453 ], [ -61.176564, -71.033504 ], [ -61.261037, -71.028011 ], [ -61.333791, -71.039974 ], [ -61.371205, -71.015682 ], [ -61.337148, -71.008357 ], [ -61.307301, -70.98846 ], [ -61.266957, -70.930965 ], [ -61.261647, -70.894222 ], [ -61.27654, -70.86993 ], [ -61.304921, -70.856014 ], [ -61.554372, -70.841243 ], [ -61.666798, -70.849666 ], [ -61.704213, -70.862117 ], [ -61.758473, -70.909847 ], [ -61.792958, -70.919612 ], [ -61.902089, -70.917903 ], [ -61.970204, -70.924983 ], [ -62.003774, -70.921321 ], [ -62.043996, -70.886531 ], [ -62.046559, -70.872249 ], [ -62.0183, -70.835994 ], [ -62.015187, -70.806819 ], [ -62.005788, -70.793147 ], [ -62.138051, -70.770686 ], [ -62.1162, -70.749446 ], [ -62.129262, -70.723445 ], [ -62.009572, -70.720149 ], [ -61.882192, -70.738094 ], [ -61.839955, -70.736995 ], [ -61.687917, -70.707088 ], [ -61.655019, -70.694881 ], [ -61.625417, -70.6701 ], [ -61.627553, -70.650081 ], [ -61.681081, -70.618831 ], [ -61.429433, -70.590511 ], [ -61.354237, -70.561092 ], [ -61.416371, -70.502376 ], [ -61.47411, -70.493099 ], [ -61.532277, -70.501033 ], [ -61.935109, -70.499446 ], [ -62.089833, -70.547664 ], [ -62.144887, -70.552669 ], [ -62.185475, -70.537166 ], [ -62.153737, -70.518123 ], [ -62.136464, -70.495418 ], [ -62.134389, -70.468684 ], [ -62.147939, -70.437557 ], [ -62.170277, -70.421565 ], [ -62.380483, -70.413997 ], [ -62.407216, -70.405452 ], [ -62.412709, -70.390926 ], [ -62.403432, -70.337947 ], [ -62.430165, -70.319026 ], [ -62.43633, -70.304744 ], [ -62.346913, -70.29156 ], [ -62.322194, -70.276912 ], [ -62.378896, -70.240291 ], [ -62.393483, -70.218807 ], [ -62.319325, -70.224666 ], [ -62.239858, -70.219295 ], [ -62.183156, -70.247249 ], [ -62.071034, -70.257137 ], [ -62.052235, -70.264583 ], [ -62.02831, -70.291805 ], [ -62.014577, -70.292537 ], [ -61.917287, -70.251277 ], [ -61.883595, -70.231746 ], [ -61.868703, -70.208308 ], [ -61.88268, -70.188655 ], [ -61.948354, -70.144832 ], [ -61.986012, -70.094051 ], [ -62.009267, -70.075862 ], [ -62.073903, -70.054744 ], [ -62.170339, -70.00677 ], [ -62.264089, -70.000545 ], [ -62.32726, -69.9826 ], [ -62.308156, -69.961849 ], [ -62.282399, -69.951839 ], [ -62.313283, -69.919246 ], [ -62.529652, -69.863948 ], [ -62.510243, -69.843196 ], [ -62.461232, -69.815486 ], [ -62.437611, -69.783016 ], [ -62.428029, -69.752498 ], [ -62.392873, -69.706844 ], [ -62.381764, -69.655086 ], [ -62.40215, -69.579402 ], [ -62.3933, -69.536556 ], [ -62.397206, -69.515193 ], [ -62.439626, -69.487239 ], [ -62.558583, -69.492732 ], [ -62.595815, -69.467952 ], [ -62.621571, -69.420589 ], [ -62.653371, -69.388973 ], [ -62.745229, -69.352229 ], [ -62.79894, -69.348445 ], [ -62.962453, -69.378963 ], [ -62.986318, -69.373714 ], [ -63.056996, -69.328182 ], [ -63.070546, -69.306453 ], [ -63.060353, -69.253474 ], [ -63.121327, -69.191341 ], [ -63.172658, -69.162532 ], [ -63.238698, -69.188655 ], [ -63.343129, -69.196346 ], [ -63.396352, -69.186336 ], [ -63.435536, -69.158016 ], [ -63.329396, -69.09698 ], [ -63.305104, -69.07159 ], [ -63.303456, -69.055599 ], [ -63.624623, -69.04388 ], [ -63.807057, -69.010188 ], [ -63.867543, -69.007015 ], [ -63.897084, -68.9826 ], [ -63.902516, -68.966975 ], [ -63.888295, -68.95721 ], [ -63.829213, -68.942561 ], [ -63.650075, -68.96014 ], [ -63.446523, -68.94659 ], [ -63.40508, -68.935848 ], [ -63.47704, -68.923885 ], [ -63.463612, -68.902889 ], [ -63.40923, -68.89825 ], [ -63.3886, -68.880428 ], [ -63.488332, -68.837215 ], [ -63.512624, -68.813289 ], [ -63.4381, -68.817195 ], [ -63.276357, -68.858333 ], [ -63.212331, -68.83868 ], [ -63.285756, -68.799739 ], [ -63.370717, -68.774104 ], [ -63.812856, -68.717952 ], [ -63.848439, -68.677425 ], [ -63.813222, -68.679988 ], [ -63.779897, -68.6701 ], [ -63.820302, -68.652644 ], [ -63.823964, -68.639827 ], [ -63.76061, -68.580989 ], [ -63.663381, -68.548641 ], [ -63.465443, -68.547664 ], [ -63.431447, -68.538631 ], [ -63.328908, -68.471492 ], [ -63.292348, -68.455379 ], [ -63.237904, -68.44659 ], [ -63.119801, -68.45721 ], [ -62.982167, -68.502254 ], [ -62.924489, -68.505916 ], [ -62.90569, -68.495906 ], [ -62.857533, -68.433406 ], [ -62.871755, -68.420711 ], [ -63.32842, -68.415096 ], [ -63.905934, -68.488948 ], [ -63.989125, -68.49139 ], [ -64.127858, -68.544978 ], [ -64.144765, -68.559993 ], [ -64.139638, -68.585384 ], [ -64.228383, -68.571224 ], [ -64.257253, -68.573787 ], [ -64.235768, -68.595393 ], [ -64.145558, -68.63177 ], [ -64.181081, -68.649104 ], [ -64.281606, -68.632869 ], [ -64.325856, -68.642146 ], [ -64.245473, -68.67242 ], [ -64.077321, -68.7149 ], [ -64.0006, -68.754329 ], [ -64.046681, -68.758724 ], [ -64.180104, -68.747615 ], [ -64.052846, -68.799129 ], [ -64.033009, -68.831355 ], [ -64.084828, -68.829524 ], [ -64.274709, -68.778743 ], [ -64.373158, -68.73846 ], [ -64.413869, -68.737605 ], [ -64.381642, -68.755916 ], [ -64.359425, -68.78448 ], [ -64.452382, -68.766048 ], [ -64.528005, -68.773494 ], [ -64.587209, -68.751766 ], [ -64.634999, -68.71075 ], [ -64.661488, -68.672664 ], [ -64.816151, -68.689632 ], [ -65.060902, -68.650447 ], [ -65.127553, -68.652034 ], [ -65.166432, -68.628597 ], [ -65.243825, -68.629451 ], [ -65.262624, -68.618343 ], [ -65.257008, -68.584407 ], [ -65.327992, -68.572688 ], [ -65.338551, -68.563411 ], [ -65.347401, -68.533748 ], [ -65.339223, -68.525935 ], [ -65.22997, -68.516536 ], [ -65.177724, -68.485896 ], [ -65.077138, -68.461849 ], [ -64.975697, -68.407771 ], [ -65.081044, -68.364558 ], [ -65.181569, -68.362972 ], [ -65.39153, -68.386165 ], [ -65.436391, -68.381404 ], [ -65.473927, -68.365901 ], [ -65.492848, -68.334773 ], [ -65.493886, -68.317073 ], [ -65.481007, -68.308406 ], [ -65.351064, -68.288265 ], [ -65.328664, -68.278865 ], [ -65.303944, -68.253108 ], [ -65.249867, -68.256648 ], [ -65.14745, -68.207942 ], [ -65.049001, -68.230647 ], [ -65.005177, -68.224178 ], [ -64.80071, -68.163753 ], [ -64.762074, -68.14471 ], [ -64.771352, -68.125179 ], [ -64.755849, -68.108089 ], [ -64.792592, -68.084651 ], [ -64.833485, -68.070491 ], [ -64.829213, -68.100765 ], [ -64.952443, -68.10052 ], [ -64.989064, -68.089168 ], [ -64.945912, -68.042171 ], [ -64.937428, -68.022273 ], [ -64.988576, -68.0368 ], [ -65.025624, -68.074031 ], [ -65.129262, -68.113338 ], [ -65.22643, -68.16302 ], [ -65.275136, -68.171077 ], [ -65.351552, -68.140193 ], [ -65.379262, -68.139339 ], [ -65.471242, -68.158748 ], [ -65.51537, -68.142879 ], [ -65.760732, -68.165706 ], [ -65.763966, -68.128474 ], [ -65.780934, -68.094783 ], [ -65.751088, -68.087093 ], [ -65.693288, -68.093562 ], [ -65.663625, -68.086604 ], [ -65.616444, -68.048396 ], [ -65.521718, -68.044856 ], [ -65.38036, -68.011653 ], [ -65.329152, -67.983821 ], [ -65.429555, -67.952205 ], [ -65.501759, -67.948177 ], [ -65.569325, -67.914241 ], [ -65.672841, -67.888362 ], [ -65.706715, -67.859432 ], [ -65.603749, -67.857112 ], [ -65.5761, -67.844417 ], [ -65.562245, -67.812312 ], [ -65.592091, -67.754451 ], [ -65.576711, -67.728816 ], [ -65.550099, -67.720271 ], [ -65.365834, -67.703304 ], [ -65.337392, -67.658016 ], [ -65.402699, -67.645808 ], [ -65.420277, -67.637141 ], [ -65.438466, -67.602107 ], [ -65.552724, -67.574397 ], [ -65.588673, -67.554378 ], [ -65.587636, -67.523616 ], [ -65.61266, -67.517757 ], [ -65.621083, -67.507259 ], [ -65.61498, -67.495052 ], [ -65.574086, -67.477351 ], [ -65.501454, -67.462459 ], [ -65.514516, -67.445247 ], [ -65.518483, -67.407527 ], [ -65.615956, -67.368953 ], [ -65.584218, -67.311336 ], [ -65.535268, -67.343074 ], [ -65.477589, -67.352229 ], [ -65.451405, -67.335506 ], [ -65.441335, -67.306209 ], [ -65.476857, -67.263606 ], [ -65.393544, -67.291927 ], [ -65.383412, -67.304256 ], [ -65.388478, -67.350887 ], [ -65.363881, -67.383968 ], [ -65.326894, -67.399104 ], [ -65.285024, -67.401058 ], [ -65.246083, -67.394588 ], [ -65.244252, -67.371028 ], [ -65.158498, -67.323177 ], [ -65.120839, -67.352229 ], [ -65.088918, -67.36407 ], [ -65.054982, -67.360652 ], [ -65.024464, -67.340389 ], [ -65.055653, -67.326961 ], [ -64.993153, -67.29742 ], [ -64.88152, -67.331844 ], [ -64.749135, -67.307308 ], [ -64.791188, -67.262141 ], [ -65.00768, -67.237239 ], [ -65.065907, -67.202083 ], [ -64.950551, -67.200984 ], [ -64.890492, -67.191951 ], [ -64.873341, -67.16595 ], [ -64.765126, -67.162532 ], [ -64.690114, -67.148372 ], [ -64.72289, -67.129085 ], [ -64.731313, -67.117 ], [ -64.725392, -67.098567 ], [ -64.791249, -67.090511 ], [ -64.853322, -67.112361 ], [ -64.87621, -67.109432 ], [ -64.908864, -67.066097 ], [ -64.966237, -67.03387 ], [ -64.892812, -66.984309 ], [ -64.882253, -66.963191 ], [ -64.891896, -66.943416 ], [ -64.963796, -66.896663 ], [ -64.904897, -66.909969 ], [ -64.851674, -66.935237 ], [ -64.790883, -66.986995 ], [ -64.762013, -66.992976 ], [ -64.710439, -66.987117 ], [ -64.703908, -66.979305 ], [ -64.702931, -66.928035 ], [ -64.773793, -66.84576 ], [ -64.678273, -66.821101 ], [ -64.649037, -66.802547 ], [ -64.617848, -66.767879 ], [ -64.59911, -66.774104 ], [ -64.526845, -66.75677 ], [ -64.53362, -66.831966 ], [ -64.550954, -66.873348 ], [ -64.5407, -66.894588 ], [ -64.515981, -66.905086 ], [ -64.434255, -66.898494 ], [ -64.368459, -66.911189 ], [ -64.333913, -66.851497 ], [ -64.308766, -66.836482 ], [ -64.25536, -66.848201 ], [ -64.225392, -66.873348 ], [ -64.113393, -66.928279 ], [ -64.044423, -66.936214 ], [ -63.831288, -66.917903 ], [ -63.755544, -66.89764 ], [ -63.719838, -66.862117 ], [ -63.769215, -66.808406 ], [ -63.751332, -66.787776 ], [ -63.841359, -66.738948 ], [ -63.936208, -66.704158 ], [ -64.09081, -66.688411 ], [ -64.111134, -66.678035 ], [ -64.134877, -66.643123 ], [ -64.07964, -66.626643 ], [ -64.057607, -66.581477 ], [ -64.041554, -66.564632 ], [ -64.02123, -66.557552 ], [ -63.926442, -66.607112 ], [ -63.797047, -66.588558 ], [ -63.82549, -66.559139 ], [ -63.823354, -66.54388 ], [ -63.804799, -66.52972 ], [ -63.911977, -66.50262 ], [ -63.891835, -66.459529 ], [ -63.876576, -66.44781 ], [ -63.761281, -66.434993 ], [ -63.845754, -66.424495 ], [ -63.886342, -66.40948 ], [ -63.90331, -66.381648 ], [ -63.573293, -66.39117 ], [ -63.569753, -66.370052 ], [ -63.586049, -66.352229 ], [ -63.638112, -66.333797 ], [ -63.737538, -66.319392 ], [ -63.715199, -66.300227 ], [ -63.797536, -66.298518 ], [ -63.836781, -66.290828 ], [ -63.874135, -66.272762 ], [ -63.834584, -66.263606 ], [ -63.752004, -66.261775 ], [ -63.712148, -66.250423 ], [ -63.786488, -66.231868 ], [ -63.755727, -66.214656 ], [ -63.811513, -66.188899 ], [ -63.663197, -66.214534 ], [ -63.61266, -66.211971 ], [ -63.560109, -66.19781 ], [ -63.508901, -66.229305 ], [ -63.456288, -66.232356 ], [ -63.418935, -66.254573 ], [ -63.34142, -66.258601 ], [ -63.318959, -66.266292 ], [ -63.257375, -66.242732 ], [ -63.234609, -66.239436 ], [ -63.210866, -66.248714 ], [ -63.19933, -66.260555 ], [ -63.202443, -66.295711 ], [ -63.163014, -66.352962 ], [ -62.878651, -66.493709 ], [ -62.861684, -66.51324 ], [ -62.839223, -66.581722 ], [ -62.804128, -66.598933 ], [ -62.800465, -66.648738 ], [ -62.788258, -66.664363 ], [ -62.6657, -66.718807 ], [ -62.588979, -66.724544 ], [ -62.480519, -66.702815 ], [ -62.466359, -66.689998 ], [ -62.457936, -66.643367 ], [ -62.505666, -66.660579 ], [ -62.555409, -66.664729 ], [ -62.547597, -66.624934 ], [ -62.519704, -66.593929 ], [ -62.642018, -66.592586 ], [ -62.703725, -66.580745 ], [ -62.721913, -66.542903 ], [ -62.690358, -66.509944 ], [ -62.63152, -66.492488 ], [ -62.514455, -66.478206 ], [ -62.551076, -66.413142 ], [ -62.617543, -66.379939 ], [ -62.694081, -66.355281 ], [ -62.760915, -66.316097 ], [ -62.764577, -66.288997 ], [ -62.738515, -66.260555 ], [ -62.70049, -66.237727 ], [ -62.668263, -66.227474 ], [ -62.494985, -66.211849 ], [ -62.416066, -66.186336 ], [ -62.3308, -66.187434 ], [ -62.258046, -66.175349 ], [ -62.220326, -66.174251 ], [ -62.147084, -66.203914 ], [ -61.970204, -66.198421 ], [ -61.955617, -66.20782 ], [ -61.955006, -66.222957 ], [ -61.982289, -66.269954 ], [ -61.964162, -66.276546 ], [ -61.925526, -66.31512 ], [ -61.892445, -66.328304 ], [ -61.834096, -66.442683 ], [ -61.811635, -66.464412 ], [ -61.750905, -66.477718 ], [ -61.717885, -66.472347 ], [ -61.694081, -66.458186 ], [ -61.669301, -66.392391 ], [ -61.709096, -66.354305 ], [ -61.682362, -66.316585 ], [ -61.778554, -66.230281 ], [ -61.780385, -66.212947 ], [ -61.764333, -66.202937 ], [ -61.731252, -66.200496 ], [ -61.601186, -66.21844 ], [ -61.49352, -66.259822 ], [ -61.501393, -66.232112 ], [ -61.500478, -66.153743 ], [ -61.492421, -66.128597 ], [ -61.468678, -66.114314 ], [ -61.39153, -66.155452 ], [ -61.248769, -66.158748 ], [ -61.187428, -66.181453 ], [ -61.157399, -66.200374 ], [ -61.143971, -66.222835 ], [ -61.167592, -66.304744 ], [ -61.146291, -66.332454 ], [ -61.090199, -66.352229 ], [ -61.028615, -66.349544 ], [ -60.99474, -66.341487 ], [ -60.970754, -66.325862 ], [ -60.911977, -66.269588 ], [ -60.903859, -66.245296 ], [ -60.909901, -66.227596 ], [ -60.875905, -66.187557 ], [ -61.022206, -66.132625 ], [ -61.038991, -66.106624 ], [ -61.024098, -66.08282 ], [ -61.004567, -66.073543 ], [ -60.926991, -66.066219 ], [ -60.910268, -66.040218 ], [ -60.840138, -66.045345 ], [ -60.826466, -66.05511 ], [ -60.814992, -66.084773 ], [ -60.735951, -66.124934 ] ], [ [ -64.776601, -67.592098 ], [ -64.756032, -67.615535 ], [ -64.94048, -67.598933 ], [ -64.927541, -67.629207 ], [ -64.954335, -67.661433 ], [ -64.904591, -67.665584 ], [ -64.799794, -67.637752 ], [ -64.745839, -67.65179 ], [ -64.762441, -67.664485 ], [ -64.707143, -67.674251 ], [ -64.650868, -67.661067 ], [ -64.563649, -67.620418 ], [ -64.587331, -67.610774 ], [ -64.776601, -67.592098 ] ], [ [ -62.463063, -69.146541 ], [ -62.533498, -69.158746 ], [ -62.579152, -69.189143 ], [ -62.539296, -69.229183 ], [ -62.468617, -69.322566 ], [ -62.311696, -69.415706 ], [ -62.267934, -69.459895 ], [ -62.198842, -69.508113 ], [ -62.185719, -69.527156 ], [ -62.191457, -69.556453 ], [ -62.178822, -69.573543 ], [ -62.200124, -69.597224 ], [ -62.199208, -69.606258 ], [ -62.120839, -69.688899 ], [ -62.132008, -69.708431 ], [ -62.128651, -69.717952 ], [ -62.055348, -69.733211 ], [ -61.978383, -69.719539 ], [ -61.95995, -69.708431 ], [ -61.966298, -69.684993 ], [ -61.958424, -69.671321 ], [ -61.918874, -69.660945 ], [ -61.945058, -69.637508 ], [ -61.87621, -69.593318 ], [ -61.887807, -69.588191 ], [ -61.919667, -69.537898 ], [ -61.886525, -69.524226 ], [ -61.796132, -69.5274 ], [ -61.802297, -69.506648 ], [ -61.748586, -69.501277 ], [ -61.735402, -69.493343 ], [ -61.738515, -69.47552 ], [ -61.755422, -69.45428 ], [ -61.830373, -69.397029 ], [ -61.830922, -69.383968 ], [ -61.819386, -69.370296 ], [ -61.859731, -69.35992 ], [ -62.017995, -69.282039 ], [ -62.093251, -69.225642 ], [ -62.192067, -69.186214 ], [ -62.379506, -69.148616 ], [ -62.463063, -69.146541 ] ], [ [ -60.968861, -72.591975 ], [ -60.946645, -72.598079 ], [ -60.827016, -72.584407 ], [ -60.775136, -72.562434 ], [ -60.840688, -72.546199 ], [ -60.909291, -72.541072 ], [ -60.955495, -72.571712 ], [ -60.968861, -72.591975 ] ] ] } },
{ "type": "Feature", "properties": { "type": "ice_shelf" }, "geometry": { "type": "Polygon", "coordinates": [ [ [ -61.516957, -65.573421 ], [ -61.433034, -65.566829 ], [ -61.301381, -65.588924 ], [ -61.275319, -65.600276 ], [ -61.233144, -65.643489 ], [ -61.239797, -65.654109 ], [ -61.282033, -65.657039 ], [ -61.294423, -65.68365 ], [ -61.277455, -65.733577 ], [ -61.30425, -65.755061 ], [ -61.110829, -65.830867 ], [ -61.015126, -65.849544 ], [ -60.859364, -65.912288 ], [ -61.006703, -65.912776 ], [ -61.018361, -65.924373 ], [ -61.014089, -66.03448 ], [ -61.031239, -66.035945 ], [ -61.08019, -66.030452 ], [ -61.116078, -65.984432 ], [ -61.244618, -65.912898 ], [ -61.332753, -65.919734 ], [ -61.355397, -65.93243 ], [ -61.346059, -65.955989 ], [ -61.30016, -65.99908 ], [ -61.316457, -66.018123 ], [ -61.320058, -66.039851 ], [ -61.309071, -66.086604 ], [ -61.339345, -66.087703 ], [ -61.577626, -66.022762 ], [ -61.61797, -66.022029 ], [ -61.647145, -66.033626 ], [ -61.643849, -66.065852 ], [ -61.600392, -66.138606 ], [ -61.595998, -66.165584 ], [ -61.712148, -66.139705 ], [ -61.733876, -66.111751 ], [ -61.752919, -66.102229 ], [ -61.861195, -66.133357 ], [ -61.914845, -66.133357 ], [ -62.022694, -66.111507 ], [ -62.248402, -66.009578 ], [ -62.266103, -65.984309 ], [ -62.264333, -65.928645 ], [ -62.372426, -65.915706 ], [ -62.335194, -65.859187 ], [ -62.362477, -65.827571 ], [ -62.361806, -65.814266 ], [ -62.341664, -65.795223 ], [ -62.253529, -65.781184 ], [ -62.206288, -65.746761 ], [ -62.119313, -65.725765 ], [ -62.06609, -65.691951 ], [ -62.054921, -65.666316 ], [ -62.057729, -65.648494 ], [ -62.084828, -65.626766 ], [ -62.086842, -65.606258 ], [ -62.079945, -65.59637 ], [ -61.957448, -65.564876 ], [ -61.874135, -65.579402 ], [ -61.750111, -65.570125 ], [ -61.724721, -65.562068 ], [ -61.704457, -65.543758 ], [ -61.649037, -65.525325 ], [ -61.608571, -65.549373 ], [ -61.568227, -65.554134 ], [ -61.516957, -65.573421 ] ] ] } },
{ "type": "Feature", "properties": { "type": "ice_shelf" }, "geometry": { "type": "Polygon", "coordinates": [ [ [ -35.741261, -78.07928 ], [ -35.639333, -78.102596 ], [ -35.621205, -78.084163 ], [ -35.610951, -78.121272 ], [ -35.580983, -78.150447 ], [ -35.632375, -78.161433 ], [ -35.81725, -78.152034 ], [ -35.838857, -78.18243 ], [ -35.951039, -78.192561 ], [ -35.97112, -78.180843 ], [ -36.060536, -78.177669 ], [ -35.978932, -78.154109 ], [ -35.951283, -78.139095 ], [ -35.962331, -78.124812 ], [ -35.914845, -78.109432 ], [ -35.780507, -78.10406 ], [ -35.741261, -78.07928 ] ] ] } },
{ "type": "Feature", "properties": { "type": "ice_shelf" }, "geometry": { "type": "MultiPolygon", "coordinates": [ [ [ [ -142.480589, -75.433039 ], [ -142.48058, -75.433038 ], [ -142.48058, -75.43304 ], [ -142.480589, -75.433039 ] ] ], [ [ [ -142.480589, -75.433039 ], [ -142.578236, -75.451228 ], [ -142.514027, -75.518855 ], [ -142.53716, -75.5368 ], [ -142.616078, -75.540218 ], [ -142.679433, -75.561824 ], [ -143.391835, -75.538265 ], [ -144.088918, -75.614314 ], [ -144.306081, -75.614681 ], [ -144.357228, -75.62408 ], [ -144.307607, -75.642391 ], [ -144.199025, -75.661189 ], [ -143.995595, -75.674861 ], [ -143.971852, -75.696224 ], [ -144.202504, -75.718562 ], [ -144.2105, -75.734676 ], [ -144.204701, -75.749446 ], [ -144.16039, -75.804012 ], [ -144.221303, -75.821224 ], [ -144.271108, -75.823909 ], [ -144.387929, -75.812679 ], [ -144.590382, -75.843318 ], [ -144.891225, -75.840877 ], [ -145.057301, -75.875179 ], [ -145.185231, -75.883235 ], [ -145.213612, -75.893489 ], [ -145.180348, -75.907161 ], [ -145.950856, -75.882625 ], [ -146.209218, -75.915462 ], [ -146.303456, -75.965511 ], [ -146.290517, -75.994808 ], [ -146.377614, -76.014339 ], [ -146.363393, -76.037898 ], [ -146.437611, -76.050105 ], [ -146.469533, -76.063045 ], [ -146.499623, -76.086971 ], [ -145.909108, -76.259212 ], [ -145.538564, -76.315486 ], [ -145.517995, -76.321956 ], [ -145.479054, -76.353938 ], [ -145.381764, -76.409724 ], [ -145.354665, -76.434505 ], [ -145.718373, -76.465022 ], [ -145.934071, -76.442806 ], [ -146.005422, -76.416805 ], [ -146.169179, -76.408626 ], [ -146.250722, -76.423763 ], [ -146.393056, -76.390193 ], [ -146.466481, -76.338069 ], [ -146.494374, -76.326839 ], [ -146.521108, -76.329158 ], [ -146.571523, -76.355403 ], [ -146.597524, -76.359676 ], [ -146.760976, -76.312312 ], [ -146.956654, -76.298885 ], [ -147.167226, -76.257625 ], [ -147.216298, -76.240901 ], [ -147.164479, -76.232234 ], [ -148.197074, -76.087093 ], [ -148.28649, -76.087947 ], [ -148.207999, -76.057796 ], [ -148.145865, -76.014095 ], [ -148.224051, -75.961849 ], [ -148.295096, -75.90179 ], [ -148.33776, -75.830989 ], [ -148.409537, -75.769954 ], [ -148.390189, -75.751277 ], [ -148.364371, -75.744808 ], [ -148.312064, -75.759212 ], [ -148.283133, -75.739925 ], [ -148.033988, -75.728938 ], [ -147.975209, -75.753108 ], [ -147.999623, -75.72198 ], [ -147.940785, -75.718929 ], [ -147.886037, -75.7326 ], [ -147.866994, -75.758601 ], [ -147.841481, -75.767268 ], [ -147.825551, -75.739314 ], [ -147.780141, -75.724544 ], [ -147.608205, -75.720149 ], [ -147.601979, -75.731868 ], [ -147.586415, -75.733943 ], [ -147.283315, -75.72137 ], [ -147.294179, -75.729793 ], [ -147.241689, -75.743343 ], [ -147.191945, -75.732356 ], [ -147.100514, -75.686824 ], [ -146.994496, -75.650813 ], [ -146.638966, -75.613338 ], [ -146.589162, -75.597835 ], [ -146.542958, -75.56866 ], [ -146.448476, -75.553645 ], [ -146.452565, -75.570369 ], [ -146.495534, -75.591365 ], [ -146.446401, -75.579891 ], [ -146.429738, -75.579158 ], [ -146.451344, -75.593684 ], [ -146.364125, -75.57513 ], [ -146.188588, -75.56927 ], [ -146.156178, -75.551814 ], [ -146.121755, -75.547542 ], [ -146.159779, -75.569759 ], [ -146.124013, -75.588924 ], [ -146.015736, -75.621028 ], [ -145.383046, -75.718074 ], [ -145.244557, -75.714778 ], [ -145.218922, -75.704524 ], [ -145.200734, -75.685848 ], [ -145.263783, -75.668269 ], [ -145.348622, -75.616267 ], [ -145.440358, -75.580013 ], [ -145.724233, -75.518367 ], [ -145.798146, -75.511409 ], [ -145.818288, -75.494319 ], [ -145.801137, -75.485896 ], [ -145.820119, -75.452937 ], [ -145.818654, -75.439754 ], [ -145.799184, -75.436214 ], [ -145.817006, -75.425594 ], [ -145.766774, -75.408992 ], [ -145.567494, -75.371639 ], [ -145.544911, -75.374568 ], [ -145.542897, -75.394222 ], [ -145.657521, -75.420345 ], [ -145.700551, -75.44305 ], [ -145.687367, -75.45135 ], [ -145.668691, -75.44781 ], [ -145.592702, -75.418147 ], [ -145.518727, -75.40179 ], [ -145.465382, -75.376155 ], [ -145.447987, -75.381282 ], [ -145.437062, -75.415096 ], [ -145.315297, -75.389705 ], [ -145.336415, -75.409969 ], [ -145.306447, -75.414119 ], [ -145.184987, -75.403011 ], [ -145.004384, -75.418514 ], [ -144.841481, -75.408504 ], [ -144.882069, -75.402034 ], [ -144.744374, -75.384334 ], [ -144.8037, -75.376888 ], [ -144.631703, -75.379451 ], [ -144.477345, -75.360042 ], [ -144.180409, -75.367488 ], [ -144.221242, -75.382625 ], [ -143.714894, -75.377864 ], [ -143.587209, -75.390926 ], [ -143.209584, -75.345882 ], [ -142.480589, -75.433039 ] ], [ [ -147.438771, -76.078792 ], [ -147.4605, -76.097713 ], [ -147.4381, -76.097713 ], [ -147.326955, -76.141292 ], [ -147.404103, -76.150203 ], [ -147.381947, -76.160579 ], [ -147.073537, -76.209651 ], [ -147.032094, -76.226863 ], [ -147.086049, -76.235774 ], [ -147.06194, -76.246761 ], [ -146.811818, -76.294856 ], [ -146.709279, -76.292781 ], [ -146.661305, -76.275569 ], [ -146.7011, -76.219539 ], [ -146.702992, -76.204646 ], [ -146.857655, -76.15118 ], [ -146.908254, -76.10699 ], [ -147.071401, -76.075984 ], [ -147.345082, -76.062312 ], [ -147.438771, -76.078792 ] ] ] ] } },
{ "type": "Feature", "properties": { "type": "ice_shelf" }, "geometry": { "type": "Polygon", "coordinates": [ [ [ -124.632558, -73.714168 ], [ -124.599843, -73.726985 ], [ -124.758168, -73.774837 ], [ -124.90276, -73.795467 ], [ -124.948842, -73.814388 ], [ -124.935414, -73.828548 ], [ -124.93517, -73.854427 ], [ -124.912953, -73.86993 ], [ -124.99236, -73.882259 ], [ -125.070058, -73.876033 ], [ -125.090077, -73.865413 ], [ -125.057179, -73.858455 ], [ -125.060048, -73.842952 ], [ -125.082082, -73.83282 ], [ -125.183766, -73.820613 ], [ -125.260548, -73.791927 ], [ -125.370046, -73.791805 ], [ -125.589345, -73.823909 ], [ -125.683522, -73.826106 ], [ -125.776418, -73.810359 ], [ -125.865285, -73.781062 ], [ -125.907155, -73.755061 ], [ -125.912221, -73.723445 ], [ -125.878041, -73.704768 ], [ -125.825795, -73.70367 ], [ -125.730702, -73.716365 ], [ -125.270009, -73.698787 ], [ -125.22173, -73.679988 ], [ -125.210194, -73.660579 ], [ -125.212819, -73.639827 ], [ -125.225575, -73.622127 ], [ -125.126332, -73.647517 ], [ -124.59203, -73.687679 ], [ -124.625844, -73.693538 ], [ -124.632558, -73.714168 ] ] ] } },
{ "type": "Feature", "properties": { "type": "ice_shelf" }, "geometry": { "type": "Polygon", "coordinates": [ [ [ -137.004262, -75.008724 ], [ -137.008046, -75.010066 ], [ -137.009816, -75.009822 ], [ -137.004262, -75.008724 ] ] ] } },
{ "type": "Feature", "properties": { "type": "ice_shelf" }, "geometry": { "type": "Polygon", "coordinates": [ [ [ -141.316762, -75.422908 ], [ -141.342458, -75.479671 ], [ -141.338857, -75.491145 ], [ -141.285573, -75.499812 ], [ -141.298818, -75.501643 ], [ -141.326527, -75.52679 ], [ -141.298146, -75.566219 ], [ -141.238454, -75.598689 ], [ -140.837209, -75.68304 ], [ -140.684865, -75.746028 ], [ -140.776479, -75.743953 ], [ -140.646474, -75.807185 ], [ -140.826039, -75.801082 ], [ -140.858754, -75.792415 ], [ -140.912953, -75.762386 ], [ -141.301747, -75.750789 ], [ -141.379506, -75.739558 ], [ -141.427785, -75.765926 ], [ -141.554006, -75.761653 ], [ -141.591664, -75.730769 ], [ -141.64745, -75.706844 ], [ -141.690541, -75.653743 ], [ -141.736318, -75.626399 ], [ -141.861379, -75.521175 ], [ -141.937672, -75.501888 ], [ -141.992055, -75.441829 ], [ -141.535817, -75.418147 ], [ -141.452565, -75.425838 ], [ -141.363271, -75.407405 ], [ -141.316762, -75.422908 ] ] ] } },
{ "type": "Feature", "properties": { "type": "ice_shelf" }, "geometry": { "type": "Polygon", "coordinates": [ [ [ -135.700122, -74.678034 ], [ -135.656667, -74.699519 ], [ -135.647817, -74.713435 ], [ -135.701833, -74.747493 ], [ -135.856068, -74.749812 ], [ -135.936147, -74.723567 ], [ -135.988026, -74.717342 ], [ -135.854665, -74.674373 ], [ -135.788991, -74.680721 ], [ -135.724965, -74.670589 ], [ -135.755788, -74.681697 ], [ -135.735585, -74.684261 ], [ -135.695119, -74.675349 ], [ -135.700122, -74.678034 ] ] ] } },
{ "type": "Feature", "properties": { "type": "ice_shelf" }, "geometry": { "type": "Polygon", "coordinates": [ [ [ -152.005179, -77.389827 ], [ -152.096549, -77.391048 ], [ -152.133536, -77.375789 ], [ -152.185658, -77.333185 ], [ -152.272513, -77.315486 ], [ -152.061759, -77.323055 ], [ -152.015983, -77.331844 ], [ -152.001273, -77.337825 ], [ -151.975638, -77.372981 ], [ -152.005179, -77.389827 ] ] ] } },
{ "type": "Feature", "properties": { "type": "ice_shelf" }, "geometry": { "type": "Polygon", "coordinates": [ [ [ -149.639762, -76.429988 ], [ -148.452811, -76.506038 ], [ -148.039542, -76.448543 ], [ -147.081715, -76.432796 ], [ -146.618031, -76.532405 ], [ -146.446462, -76.547908 ], [ -146.391225, -76.55865 ], [ -146.432668, -76.570247 ], [ -146.470143, -76.592708 ], [ -146.450307, -76.617854 ], [ -146.416615, -76.627376 ], [ -146.310902, -76.630061 ], [ -146.185109, -76.662532 ], [ -146.137502, -76.699275 ], [ -146.109975, -76.709163 ], [ -145.53423, -76.737972 ], [ -145.462636, -76.751643 ], [ -145.398366, -76.779475 ], [ -145.475758, -76.778499 ], [ -145.524403, -76.798885 ], [ -145.739491, -76.828304 ], [ -145.913564, -76.817928 ], [ -145.945058, -76.830257 ], [ -145.963612, -76.857478 ], [ -145.947743, -76.880183 ], [ -145.914845, -76.897517 ], [ -145.810353, -76.919978 ], [ -145.592519, -76.916805 ], [ -145.565175, -76.92657 ], [ -145.546681, -76.94781 ], [ -145.545216, -76.970027 ], [ -145.569325, -76.9826 ], [ -145.361684, -77.028377 ], [ -145.328297, -77.040096 ], [ -145.309926, -77.058772 ], [ -145.345326, -77.057063 ], [ -145.506947, -77.079524 ], [ -145.524098, -77.077327 ], [ -145.536, -77.05511 ], [ -146.319264, -76.990535 ], [ -146.381398, -77.00323 ], [ -146.30901, -77.030208 ], [ -146.162892, -77.058528 ], [ -145.936879, -77.066341 ], [ -145.2459, -77.232356 ], [ -145.427235, -77.247005 ], [ -145.52538, -77.234676 ], [ -145.564076, -77.251521 ], [ -145.709096, -77.243465 ], [ -145.817189, -77.251521 ], [ -145.919972, -77.22735 ], [ -145.95342, -77.233089 ], [ -145.964406, -77.254451 ], [ -145.938954, -77.279842 ], [ -145.879323, -77.314388 ], [ -145.90038, -77.328792 ], [ -145.853505, -77.332576 ], [ -145.809743, -77.347957 ], [ -145.885671, -77.346004 ], [ -145.955068, -77.363338 ], [ -145.734731, -77.368709 ], [ -145.665334, -77.385677 ], [ -145.56902, -77.427058 ], [ -145.568959, -77.445857 ], [ -145.558156, -77.451228 ], [ -145.406667, -77.479305 ], [ -145.459401, -77.49493 ], [ -145.42986, -77.506648 ], [ -145.462819, -77.52325 ], [ -145.498402, -77.525203 ], [ -145.786977, -77.478084 ], [ -145.999684, -77.480037 ], [ -145.968739, -77.496516 ], [ -145.932607, -77.500057 ], [ -146.025441, -77.519222 ], [ -146.309865, -77.499934 ], [ -146.375111, -77.503108 ], [ -146.396596, -77.495174 ], [ -146.468984, -77.439876 ], [ -146.889821, -77.255794 ], [ -146.976186, -77.235896 ], [ -147.26415, -77.259578 ], [ -147.275197, -77.269344 ], [ -147.233022, -77.313899 ], [ -147.296681, -77.316219 ], [ -147.391713, -77.340999 ], [ -147.490468, -77.353694 ], [ -147.579579, -77.38531 ], [ -147.606496, -77.38409 ], [ -147.68694, -77.349056 ], [ -147.714284, -77.355525 ], [ -147.621327, -77.417415 ], [ -147.661427, -77.423152 ], [ -147.777943, -77.369685 ], [ -147.769948, -77.311946 ], [ -147.846852, -77.263728 ], [ -148.512992, -77.1076 ], [ -148.769706, -77.104793 ], [ -148.851188, -77.125911 ], [ -148.913504, -77.186458 ], [ -148.971183, -77.227596 ], [ -148.802726, -77.234309 ], [ -149.027457, -77.264095 ], [ -149.050101, -77.275813 ], [ -149.062064, -77.29388 ], [ -149.055533, -77.320247 ], [ -149.020865, -77.337825 ], [ -147.758229, -77.461849 ], [ -147.79308, -77.490291 ], [ -147.871755, -77.498958 ], [ -148.018668, -77.495906 ], [ -148.559317, -77.559993 ], [ -148.752128, -77.552058 ], [ -148.814628, -77.561458 ], [ -148.781608, -77.579891 ], [ -148.801505, -77.583797 ], [ -148.673697, -77.674861 ], [ -148.884513, -77.70721 ], [ -148.956717, -77.707576 ], [ -149.498526, -77.609432 ], [ -149.642997, -77.608455 ], [ -149.785453, -77.624568 ], [ -149.765555, -77.643245 ], [ -149.8142, -77.647884 ], [ -149.590812, -77.649349 ], [ -149.450919, -77.690974 ], [ -149.383109, -77.719295 ], [ -149.303519, -77.727718 ], [ -149.245292, -77.757503 ], [ -149.502433, -77.77264 ], [ -149.615592, -77.802425 ], [ -149.856803, -77.820125 ], [ -149.974967, -77.816219 ], [ -150.099051, -77.779353 ], [ -150.247672, -77.773128 ], [ -150.454032, -77.680599 ], [ -150.911795, -77.590755 ], [ -151.00109, -77.558528 ], [ -151.42089, -77.508968 ], [ -151.466117, -77.486507 ], [ -151.416739, -77.474666 ], [ -151.371085, -77.45074 ], [ -151.514579, -77.416438 ], [ -151.791861, -77.399837 ], [ -151.820243, -77.381282 ], [ -151.960868, -77.362727 ], [ -151.96984, -77.355159 ], [ -151.92974, -77.348445 ], [ -151.969535, -77.327083 ], [ -152.214347, -77.282893 ], [ -152.305594, -77.248103 ], [ -152.276175, -77.214168 ], [ -152.259452, -77.20721 ], [ -152.271354, -77.203059 ], [ -152.159232, -77.161678 ], [ -151.980155, -77.156673 ], [ -151.819693, -77.199275 ], [ -151.809073, -77.215266 ], [ -151.846732, -77.240291 ], [ -151.736869, -77.22845 ], [ -151.544974, -77.281062 ], [ -151.511832, -77.277766 ], [ -151.512259, -77.285213 ], [ -151.495231, -77.293758 ], [ -150.498465, -77.375545 ], [ -150.389701, -77.369441 ], [ -150.349967, -77.345516 ], [ -150.483817, -77.343196 ], [ -150.545096, -77.314876 ], [ -150.98516, -77.222347 ], [ -151.329154, -77.199519 ], [ -151.376395, -77.170955 ], [ -151.229056, -77.137019 ], [ -151.177482, -77.110652 ], [ -151.07183, -77.084407 ], [ -151.112052, -77.083064 ], [ -151.279593, -77.117732 ], [ -151.555045, -77.144222 ], [ -151.701712, -77.128841 ], [ -151.716056, -77.110042 ], [ -151.780509, -77.109676 ], [ -151.676749, -77.068904 ], [ -151.82659, -77.096492 ], [ -151.684501, -77.036922 ], [ -151.710563, -77.011653 ], [ -151.661246, -77.008235 ], [ -151.693412, -77.004451 ], [ -151.601554, -76.980281 ], [ -151.597281, -76.965511 ], [ -151.618949, -76.959651 ], [ -151.721488, -76.963924 ], [ -151.700675, -76.940364 ], [ -151.594718, -76.945857 ], [ -151.133963, -76.939143 ], [ -150.996573, -76.965877 ], [ -151.008841, -76.97845 ], [ -150.865043, -77.003963 ], [ -150.826957, -77.000545 ], [ -150.799796, -76.986995 ], [ -150.782645, -77.006892 ], [ -150.582633, -77.037532 ], [ -150.4215, -77.089778 ], [ -149.872001, -77.098567 ], [ -149.79534, -77.104427 ], [ -149.837272, -77.123103 ], [ -149.307975, -77.139705 ], [ -149.249991, -77.132015 ], [ -149.224357, -77.118099 ], [ -149.274039, -77.097224 ], [ -149.331412, -77.08514 ], [ -149.444816, -77.078182 ], [ -149.424857, -77.062312 ], [ -149.456839, -77.042415 ], [ -149.442801, -77.024959 ], [ -149.694632, -76.936214 ], [ -149.758597, -76.925349 ], [ -149.773246, -76.894344 ], [ -149.840018, -76.877986 ], [ -149.962516, -76.870784 ], [ -150.069327, -76.879817 ], [ -150.093558, -76.87469 ], [ -150.210074, -76.879451 ], [ -150.295279, -76.861873 ], [ -150.377616, -76.832454 ], [ -150.35784, -76.827815 ], [ -150.403006, -76.814266 ], [ -150.389396, -76.809749 ], [ -150.344901, -76.816463 ], [ -150.431083, -76.787776 ], [ -150.232596, -76.777522 ], [ -150.112967, -76.756648 ], [ -150.078055, -76.738582 ], [ -150.105094, -76.729305 ], [ -150.091788, -76.708797 ], [ -150.205985, -76.686824 ], [ -150.390677, -76.693782 ], [ -150.184195, -76.645931 ], [ -150.125419, -76.620052 ], [ -150.000174, -76.58282 ], [ -150.053153, -76.569759 ], [ -149.931571, -76.554744 ], [ -149.794669, -76.521175 ], [ -150.495292, -76.570369 ], [ -150.546622, -76.559871 ], [ -150.568473, -76.549007 ], [ -150.575675, -76.534236 ], [ -150.556937, -76.515804 ], [ -150.513053, -76.501766 ], [ -149.639762, -76.429988 ] ], [ [ -147.298024, -76.517146 ], [ -147.319569, -76.531917 ], [ -147.261342, -76.541194 ], [ -147.279408, -76.555843 ], [ -147.26006, -76.572444 ], [ -147.352101, -76.583186 ], [ -147.319753, -76.600276 ], [ -147.365468, -76.61761 ], [ -147.312611, -76.632137 ], [ -147.27361, -76.660945 ], [ -147.064687, -76.705135 ], [ -146.951283, -76.716975 ], [ -146.8933, -76.714534 ], [ -146.83965, -76.701106 ], [ -147.005116, -76.660091 ], [ -146.934865, -76.655452 ], [ -147.063832, -76.628108 ], [ -146.801076, -76.650081 ], [ -146.740285, -76.639949 ], [ -146.819814, -76.602229 ], [ -146.79839, -76.588313 ], [ -146.815846, -76.580867 ], [ -146.970448, -76.567073 ], [ -146.919728, -76.545833 ], [ -147.066029, -76.552181 ], [ -147.119191, -76.532161 ], [ -147.098073, -76.53033 ], [ -147.079884, -76.518611 ], [ -147.160024, -76.504695 ], [ -147.240651, -76.505428 ], [ -147.298024, -76.517146 ] ], [ [ -148.409354, -76.738704 ], [ -148.747062, -76.715999 ], [ -148.80065, -76.736751 ], [ -149.309806, -76.714046 ], [ -149.403739, -76.731868 ], [ -149.490653, -76.766902 ], [ -149.154471, -76.836238 ], [ -148.927115, -76.849788 ], [ -148.777152, -76.839046 ], [ -148.716239, -76.805354 ], [ -148.529532, -76.796565 ], [ -148.413749, -76.801814 ], [ -148.356742, -76.794124 ], [ -148.30889, -76.765559 ], [ -148.409354, -76.738704 ] ], [ [ -147.126088, -76.839412 ], [ -147.090077, -76.855281 ], [ -147.130177, -76.881892 ], [ -147.043813, -76.921443 ], [ -147.009328, -76.956599 ], [ -147.051442, -76.979305 ], [ -147.094777, -76.990047 ], [ -147.031484, -77.005306 ], [ -146.964833, -77.007259 ], [ -146.479237, -76.949886 ], [ -146.411122, -76.931697 ], [ -146.417348, -76.924495 ], [ -146.403676, -76.914851 ], [ -146.413319, -76.899959 ], [ -146.38622, -76.890926 ], [ -146.316701, -76.904964 ], [ -146.332875, -76.913265 ], [ -146.27245, -76.940608 ], [ -146.158193, -76.958675 ], [ -146.119069, -76.949641 ], [ -146.154225, -76.937923 ], [ -146.202504, -76.901546 ], [ -146.236684, -76.893367 ], [ -146.249745, -76.880916 ], [ -147.072133, -76.823909 ], [ -147.126088, -76.839412 ] ], [ [ -148.533561, -76.949641 ], [ -149.215873, -76.89764 ], [ -149.304801, -76.912166 ], [ -149.295768, -76.930965 ], [ -149.26763, -76.95074 ], [ -149.274955, -76.970149 ], [ -149.262626, -76.987361 ], [ -149.238944, -76.996394 ], [ -148.939933, -77.028133 ], [ -148.481192, -77.001155 ], [ -148.453788, -76.991634 ], [ -148.435172, -76.973689 ], [ -148.533561, -76.949641 ] ], [ [ -148.467887, -76.677303 ], [ -148.811454, -76.611873 ], [ -148.996938, -76.607476 ], [ -149.148429, -76.637019 ], [ -148.943778, -76.685237 ], [ -148.717399, -76.707332 ], [ -148.577689, -76.705623 ], [ -148.518119, -76.695979 ], [ -148.467887, -76.677303 ] ], [ [ -147.729726, -76.654475 ], [ -147.636342, -76.66656 ], [ -147.559743, -76.662898 ], [ -147.621693, -76.621028 ], [ -147.731618, -76.584407 ], [ -147.884023, -76.55865 ], [ -147.946828, -76.559871 ], [ -148.006095, -76.573787 ], [ -147.986073, -76.591853 ], [ -147.99236, -76.599056 ], [ -147.729726, -76.654475 ] ], [ [ -149.597159, -77.282893 ], [ -149.528006, -77.307063 ], [ -149.640067, -77.294856 ], [ -149.669791, -77.304378 ], [ -149.579947, -77.3399 ], [ -149.391654, -77.382259 ], [ -148.958854, -77.397395 ], [ -148.918876, -77.384822 ], [ -148.92986, -77.375055 ], [ -149.214835, -77.339534 ], [ -149.227958, -77.330745 ], [ -149.225211, -77.315608 ], [ -149.236197, -77.30511 ], [ -149.336417, -77.283626 ], [ -149.492606, -77.273372 ], [ -149.597159, -77.282893 ] ], [ [ -149.207694, -77.456722 ], [ -149.018668, -77.480037 ], [ -148.969962, -77.47906 ], [ -148.832023, -77.448421 ], [ -149.055838, -77.421565 ], [ -149.208854, -77.439876 ], [ -149.174674, -77.448421 ], [ -149.207694, -77.456722 ] ], [ [ -147.460744, -77.249812 ], [ -147.383351, -77.25909 ], [ -147.344106, -77.255916 ], [ -147.307668, -77.244808 ], [ -147.32726, -77.232356 ], [ -147.187734, -77.210262 ], [ -147.249501, -77.188533 ], [ -147.515248, -77.161311 ], [ -147.566457, -77.165584 ], [ -147.601613, -77.184383 ], [ -147.591115, -77.193172 ], [ -147.493459, -77.21368 ], [ -147.484792, -77.231868 ], [ -147.446339, -77.24139 ], [ -147.460744, -77.249812 ] ] ] } },
{ "type": "Feature", "properties": { "type": "ice_shelf" }, "geometry": { "type": "Polygon", "coordinates": [ [ [ 139.58839, -66.614557 ], [ 139.598399, -66.626033 ], [ 139.506969, -66.650325 ], [ 139.452525, -66.641902 ], [ 139.441783, -66.623348 ], [ 139.454845, -66.594417 ], [ 139.597057, -66.598079 ], [ 139.58839, -66.614557 ] ] ] } },
{ "type": "Feature", "properties": { "type": "ice_shelf" }, "geometry": { "type": "Polygon", "coordinates": [ [ [ -154.689689, -77.077937 ], [ -154.621756, -77.080745 ], [ -154.63378, -77.088313 ], [ -154.587821, -77.09222 ], [ -154.523124, -77.089412 ], [ -154.55297, -77.10052 ], [ -154.561881, -77.113704 ], [ -154.512442, -77.135555 ], [ -154.187064, -77.154475 ], [ -154.048148, -77.137508 ], [ -154.035758, -77.130061 ], [ -154.04943, -77.100276 ], [ -154.099662, -77.085628 ], [ -153.825248, -77.081233 ], [ -153.722464, -77.107112 ], [ -153.607047, -77.10345 ], [ -153.453666, -77.120662 ], [ -153.497184, -77.13177 ], [ -153.451346, -77.139461 ], [ -153.497184, -77.158016 ], [ -153.457572, -77.188167 ], [ -153.42266, -77.202937 ], [ -153.467582, -77.211116 ], [ -153.416251, -77.231624 ], [ -153.108756, -77.264949 ], [ -153.058341, -77.253352 ], [ -153.047233, -77.240047 ], [ -153.054862, -77.226985 ], [ -153.075065, -77.216609 ], [ -153.122977, -77.206111 ], [ -152.994986, -77.190974 ], [ -152.958548, -77.193294 ], [ -152.974784, -77.179988 ], [ -152.963431, -77.172908 ], [ -152.919425, -77.16949 ], [ -152.454947, -77.194026 ], [ -152.41619, -77.208797 ], [ -152.506278, -77.212337 ], [ -152.480277, -77.221736 ], [ -152.535697, -77.22845 ], [ -152.47808, -77.240657 ], [ -152.486564, -77.250423 ], [ -152.537162, -77.262386 ], [ -152.355521, -77.265559 ], [ -152.384696, -77.286189 ], [ -152.421256, -77.289363 ], [ -152.352164, -77.302791 ], [ -152.41857, -77.3045 ], [ -152.485465, -77.319148 ], [ -152.467887, -77.34222 ], [ -152.502372, -77.387508 ], [ -152.476371, -77.407893 ], [ -152.614859, -77.438655 ], [ -152.58892, -77.466975 ], [ -152.575431, -77.50201 ], [ -152.752616, -77.490291 ], [ -152.828483, -77.46783 ], [ -152.872428, -77.46783 ], [ -152.934623, -77.480159 ], [ -153.080619, -77.473079 ], [ -153.248038, -77.446468 ], [ -153.862418, -77.442683 ], [ -153.907035, -77.434993 ], [ -153.941825, -77.416072 ], [ -153.905082, -77.405208 ], [ -153.455375, -77.398372 ], [ -153.37902, -77.380794 ], [ -153.317191, -77.338191 ], [ -153.534049, -77.254207 ], [ -154.096793, -77.213802 ], [ -154.195609, -77.175838 ], [ -154.405204, -77.152889 ], [ -154.750296, -77.153499 ], [ -154.774955, -77.147762 ], [ -154.839101, -77.112359 ], [ -154.900199, -77.10406 ], [ -154.670524, -77.068294 ], [ -154.689689, -77.077937 ] ] ] } },
{ "type": "Feature", "properties": { "type": "ice_shelf" }, "geometry": { "type": "Polygon", "coordinates": [ [ [ 126.648814, -66.410335 ], [ 126.568614, -66.444637 ], [ 126.490489, -66.42303 ], [ 126.51356, -66.374202 ], [ 126.682384, -66.405208 ], [ 126.648814, -66.410335 ] ] ] } },
{ "type": "Feature", "properties": { "type": "ice_shelf" }, "geometry": { "type": "Polygon", "coordinates": [ [ [ -155.65734, -77.000789 ], [ -155.607718, -77.009212 ], [ -155.542899, -77.005672 ], [ -155.515738, -77.011897 ], [ -155.516898, -77.034847 ], [ -155.24108, -77.07159 ], [ -155.301444, -77.111873 ], [ -155.308829, -77.163875 ], [ -155.315787, -77.170345 ], [ -155.475028, -77.168025 ], [ -155.499991, -77.161311 ], [ -155.582572, -77.113216 ], [ -155.660575, -77.091365 ], [ -155.59368, -77.087581 ], [ -155.605887, -77.078914 ], [ -155.589835, -77.078548 ], [ -155.623404, -77.061946 ], [ -155.605399, -77.062557 ], [ -155.703666, -77.027766 ], [ -155.678946, -77.028987 ], [ -155.70513, -77.010433 ], [ -155.65734, -77.000789 ] ] ] } },
{ "type": "Feature", "properties": { "type": "ice_shelf" }, "geometry": { "type": "Polygon", "coordinates": [ [ [ -157.140128, -76.995052 ], [ -157.157462, -77.009578 ], [ -157.09722, -77.003352 ], [ -157.190116, -77.026912 ], [ -157.166678, -77.037898 ], [ -157.066398, -77.054622 ], [ -157.073722, -77.06573 ], [ -157.110343, -77.081111 ], [ -156.995108, -77.105281 ], [ -156.966544, -77.104549 ], [ -157.001517, -77.115169 ], [ -156.961112, -77.150935 ], [ -156.796622, -77.171932 ], [ -156.833548, -77.187679 ], [ -156.696341, -77.235042 ], [ -156.511649, -77.247737 ], [ -156.467093, -77.260677 ], [ -156.82128, -77.319148 ], [ -156.896048, -77.31927 ], [ -156.903312, -77.348445 ], [ -156.929862, -77.353938 ], [ -156.980826, -77.342586 ], [ -157.021842, -77.358699 ], [ -157.08306, -77.351375 ], [ -157.304923, -77.282039 ], [ -157.250724, -77.273006 ], [ -157.394034, -77.250911 ], [ -157.511649, -77.201839 ], [ -157.57305, -77.18719 ], [ -157.622001, -77.153987 ], [ -157.587516, -77.14764 ], [ -157.630607, -77.139339 ], [ -157.516593, -77.126399 ], [ -157.560904, -77.108821 ], [ -157.654654, -77.092586 ], [ -157.69683, -77.070491 ], [ -157.481254, -77.029598 ], [ -157.493216, -77.017146 ], [ -157.474601, -77.015437 ], [ -157.489249, -77.004573 ], [ -157.338614, -76.972347 ], [ -157.18444, -76.96844 ], [ -157.19152, -76.981868 ], [ -157.140128, -76.995052 ] ] ] } },
{ "type": "Feature", "properties": { "type": "ice_shelf" }, "geometry": { "type": "Polygon", "coordinates": [ [ [ -110.741383, -74.320247 ], [ -110.827443, -74.323543 ], [ -110.871938, -74.289729 ], [ -110.680714, -74.247615 ], [ -110.722646, -74.304134 ], [ -110.741383, -74.320247 ] ] ] } },
{ "type": "Feature", "properties": { "type": "ice_shelf" }, "geometry": { "type": "Polygon", "coordinates": [ [ [ -113.951405, -73.969417 ], [ -113.8438, -74.02325 ], [ -113.892506, -74.022762 ], [ -114.188161, -74.077083 ], [ -114.24236, -74.078304 ], [ -114.286, -74.059139 ], [ -114.011281, -73.968318 ], [ -113.977467, -73.948299 ], [ -113.963429, -73.929988 ], [ -113.963918, -73.956722 ], [ -113.951405, -73.969417 ] ] ] } },
{ "type": "Feature", "properties": { "type": "ice_shelf" }, "geometry": { "type": "Polygon", "coordinates": [ [ [ -99.845631, -71.903621 ], [ -99.408681, -71.911067 ], [ -99.327016, -71.896907 ], [ -99.219106, -71.898616 ], [ -99.168324, -71.914729 ], [ -99.104054, -71.921687 ], [ -98.959706, -71.969783 ], [ -98.785451, -72.002376 ], [ -98.748769, -72.019344 ], [ -98.634023, -72.098079 ], [ -98.685536, -72.107356 ], [ -98.735951, -72.105891 ], [ -98.822804, -72.091487 ], [ -99.000417, -72.083919 ], [ -99.204701, -71.997493 ], [ -99.401357, -71.943294 ], [ -99.499013, -71.930476 ], [ -99.596791, -71.938777 ], [ -99.631093, -71.955257 ], [ -99.71758, -72.032283 ], [ -99.861134, -72.049373 ], [ -99.895375, -72.046077 ], [ -99.902699, -72.030086 ], [ -99.868276, -71.996394 ], [ -99.945363, -71.978572 ], [ -100.02361, -71.972713 ], [ -100.451955, -71.998348 ], [ -100.391408, -71.967464 ], [ -100.321645, -71.954646 ], [ -100.053151, -71.943294 ], [ -99.993276, -71.932796 ], [ -99.944386, -71.893855 ], [ -99.950124, -71.890315 ], [ -99.845631, -71.903621 ] ] ] } },
{ "type": "Feature", "properties": { "type": "ice_shelf" }, "geometry": { "type": "Polygon", "coordinates": [ [ [ -97.773061, -72.071346 ], [ -97.753713, -72.094051 ], [ -97.764333, -72.142635 ], [ -97.825612, -72.1618 ], [ -97.951955, -72.163997 ], [ -97.852528, -72.117122 ], [ -97.993642, -72.085017 ], [ -98.06902, -72.078304 ], [ -98.162465, -72.093196 ], [ -98.273549, -72.149471 ], [ -98.352589, -72.156429 ], [ -98.308705, -72.128719 ], [ -98.281484, -72.079158 ], [ -98.228627, -72.044978 ], [ -98.290883, -71.974178 ], [ -98.115224, -71.94659 ], [ -98.040151, -71.915584 ], [ -97.98467, -71.861873 ], [ -97.902211, -71.877376 ], [ -97.761586, -71.886043 ], [ -97.843495, -71.895442 ], [ -97.892079, -71.910701 ], [ -97.828847, -71.933406 ], [ -97.856007, -71.980769 ], [ -97.863881, -72.020442 ], [ -97.854237, -72.050105 ], [ -97.773061, -72.071346 ] ] ] } },
{ "type": "Feature", "properties": { "type": "ice_shelf" }, "geometry": { "type": "Polygon", "coordinates": [ [ [ -88.015492, -72.861507 ], [ -87.398854, -72.925594 ], [ -87.254323, -72.923763 ], [ -87.189565, -72.910335 ], [ -87.114919, -72.922176 ], [ -86.711415, -72.94073 ], [ -86.574574, -72.9295 ], [ -86.459889, -72.947566 ], [ -86.415028, -72.946712 ], [ -85.924794, -73.039485 ], [ -85.813283, -73.04449 ], [ -85.805165, -73.047054 ], [ -85.804921, -73.062434 ], [ -85.761647, -73.095393 ], [ -85.812245, -73.125789 ], [ -85.786183, -73.136531 ], [ -85.807485, -73.156795 ], [ -85.786977, -73.16949 ], [ -85.88683, -73.176936 ], [ -85.986073, -73.201839 ], [ -86.071217, -73.247371 ], [ -86.249257, -73.279842 ], [ -86.316945, -73.257991 ], [ -86.367726, -73.262752 ], [ -86.413869, -73.311946 ], [ -86.460378, -73.337459 ], [ -86.594594, -73.348811 ], [ -86.666615, -73.372005 ], [ -86.946523, -73.383601 ], [ -87.04131, -73.377254 ], [ -87.133473, -73.352596 ], [ -87.110707, -73.309749 ], [ -87.13445, -73.287166 ], [ -87.31841, -73.268611 ], [ -87.358266, -73.25616 ], [ -87.393666, -73.226253 ], [ -87.360341, -73.219051 ], [ -87.332326, -73.202083 ], [ -87.323537, -73.184261 ], [ -87.349477, -73.169612 ], [ -87.504872, -73.201228 ], [ -87.648793, -73.194515 ], [ -87.824696, -73.221126 ], [ -87.88561, -73.246516 ], [ -87.921498, -73.252864 ], [ -88.057729, -73.243465 ], [ -88.118092, -73.214534 ], [ -88.152333, -73.209895 ], [ -88.229665, -73.212825 ], [ -88.369069, -73.265926 ], [ -88.406911, -73.270564 ], [ -88.443837, -73.263606 ], [ -88.478322, -73.242976 ], [ -88.566396, -73.16534 ], [ -88.71404, -73.119808 ], [ -88.419301, -73.021053 ], [ -88.393666, -72.990657 ], [ -88.43279, -72.969417 ], [ -88.441213, -72.956111 ], [ -88.433583, -72.93597 ], [ -88.406239, -72.918391 ], [ -88.195729, -72.876643 ], [ -88.109303, -72.842708 ], [ -88.015492, -72.861507 ] ] ] } },
{ "type": "Feature", "properties": { "type": "ice_shelf" }, "geometry": { "type": "Polygon", "coordinates": [ [ [ -95.506276, -72.091121 ], [ -95.375844, -72.18719 ], [ -95.334401, -72.235286 ], [ -95.350148, -72.242 ], [ -95.313466, -72.257869 ], [ -95.160817, -72.283626 ], [ -94.670277, -72.446346 ], [ -94.477895, -72.461604 ], [ -94.166982, -72.518855 ], [ -93.389394, -72.551326 ], [ -93.332936, -72.563899 ], [ -93.388783, -72.602474 ], [ -93.314626, -72.630428 ], [ -93.274464, -72.637019 ], [ -93.236318, -72.635555 ], [ -93.160756, -72.614192 ], [ -93.129872, -72.592708 ], [ -93.110524, -72.559871 ], [ -93.165639, -72.546809 ], [ -93.085866, -72.537166 ], [ -92.644826, -72.576839 ], [ -92.432179, -72.634578 ], [ -92.376271, -72.636409 ], [ -92.186269, -72.606258 ], [ -91.78539, -72.602351 ], [ -91.71581, -72.620906 ], [ -91.685475, -72.611018 ], [ -91.620473, -72.669368 ], [ -91.556203, -72.757259 ], [ -91.528493, -72.783138 ], [ -91.333424, -72.897517 ], [ -91.386708, -72.929256 ], [ -91.449086, -72.951839 ], [ -91.486318, -73.124568 ], [ -91.524648, -73.192561 ], [ -91.506337, -73.197933 ], [ -91.39037, -73.212825 ], [ -91.2058, -73.194392 ], [ -91.02538, -73.149837 ], [ -90.917714, -73.101253 ], [ -90.819508, -73.036311 ], [ -90.760976, -72.980037 ], [ -90.73528, -72.945491 ], [ -90.724477, -72.912776 ], [ -90.728261, -72.884456 ], [ -90.739919, -72.864436 ], [ -90.785817, -72.840999 ], [ -90.861073, -72.835628 ], [ -90.905629, -72.838435 ], [ -90.930531, -72.847957 ], [ -90.901601, -72.819759 ], [ -90.787648, -72.744563 ], [ -90.779225, -72.731258 ], [ -90.744862, -72.744197 ], [ -90.705129, -72.747859 ], [ -90.51415, -72.689143 ], [ -90.492665, -72.678157 ], [ -90.457692, -72.642635 ], [ -90.397328, -72.640071 ], [ -90.317555, -72.610286 ], [ -90.209035, -72.60699 ], [ -90.121388, -72.532893 ], [ -90.097585, -72.521907 ], [ -90.072499, -72.478938 ], [ -90.038319, -72.46368 ], [ -89.871022, -72.456599 ], [ -89.758778, -72.483333 ], [ -89.785146, -72.500667 ], [ -89.824696, -72.508846 ], [ -89.900502, -72.510433 ], [ -89.848378, -72.522273 ], [ -89.896596, -72.531795 ], [ -89.844106, -72.537288 ], [ -89.836415, -72.563289 ], [ -89.847585, -72.5722 ], [ -89.8037, -72.587703 ], [ -89.542775, -72.602229 ], [ -89.457631, -72.63763 ], [ -89.424245, -72.643367 ], [ -89.358266, -72.677181 ], [ -89.171376, -72.730525 ], [ -89.110463, -72.764339 ], [ -89.099477, -72.808406 ], [ -89.119252, -72.902522 ], [ -89.106313, -72.913387 ], [ -89.054067, -72.929134 ], [ -89.08788, -72.960017 ], [ -89.242543, -73.01678 ], [ -89.280019, -73.037654 ], [ -89.281728, -73.062557 ], [ -89.230275, -73.111263 ], [ -89.283803, -73.106624 ], [ -89.443166, -73.120906 ], [ -89.536733, -73.104305 ], [ -89.745595, -73.142268 ], [ -89.799672, -73.143733 ], [ -89.946767, -73.127254 ], [ -90.070302, -73.143001 ], [ -90.160756, -73.139705 ], [ -90.206715, -73.149837 ], [ -90.360402, -73.222835 ], [ -90.534291, -73.280208 ], [ -90.648915, -73.277766 ], [ -90.759938, -73.308162 ], [ -91.077382, -73.336726 ], [ -91.08904, -73.334651 ], [ -91.097096, -73.311214 ], [ -91.114858, -73.300716 ], [ -91.663014, -73.245174 ], [ -91.843556, -73.255061 ], [ -91.919301, -73.224178 ], [ -91.933644, -73.191219 ], [ -91.953847, -73.184505 ], [ -92.539845, -73.166072 ], [ -92.718251, -73.183772 ], [ -92.742238, -73.178279 ], [ -92.769826, -73.149104 ], [ -92.801381, -73.142757 ], [ -93.022633, -73.193172 ], [ -93.571645, -73.175227 ], [ -93.599049, -73.18304 ], [ -93.616261, -73.216609 ], [ -93.634267, -73.223811 ], [ -93.697011, -73.212337 ], [ -93.774342, -73.216243 ], [ -93.935902, -73.279475 ], [ -94.131032, -73.312557 ], [ -94.335805, -73.32159 ], [ -94.387013, -73.309383 ], [ -94.531178, -73.246028 ], [ -94.577992, -73.235652 ], [ -95.003163, -73.244075 ], [ -95.193776, -73.209041 ], [ -95.233754, -73.210994 ], [ -95.27831, -73.227107 ], [ -95.338612, -73.220149 ], [ -95.511342, -73.244808 ], [ -95.688588, -73.244441 ], [ -95.746571, -73.255183 ], [ -95.794606, -73.275691 ], [ -95.842702, -73.331477 ], [ -96.474904, -73.299495 ], [ -96.588246, -73.276058 ], [ -96.705068, -73.267391 ], [ -96.912099, -73.229183 ], [ -96.992116, -73.191951 ], [ -97.156484, -73.186092 ], [ -97.180592, -73.180232 ], [ -97.225758, -73.153133 ], [ -97.335072, -73.149349 ], [ -97.418813, -73.124934 ], [ -97.602528, -73.136165 ], [ -97.761159, -73.194148 ], [ -97.81664, -73.201228 ], [ -97.87328, -73.199275 ], [ -97.981191, -73.169368 ], [ -97.835439, -73.110408 ], [ -97.717458, -73.025325 ], [ -99.68224, -73.017268 ], [ -99.853566, -72.99554 ], [ -100.023183, -73.023982 ], [ -100.141957, -73.02264 ], [ -100.262257, -73.060603 ], [ -100.318227, -73.068782 ], [ -100.376881, -73.065852 ], [ -100.658681, -73.010555 ], [ -100.76592, -72.976131 ], [ -101.310109, -72.990779 ], [ -101.397206, -73.013484 ], [ -101.960317, -73.055599 ], [ -101.99706, -73.039729 ], [ -101.983998, -72.986995 ], [ -102.07665, -72.97845 ], [ -102.676747, -73.005306 ], [ -102.716847, -72.997737 ], [ -102.55425, -72.963435 ], [ -102.484853, -72.962093 ], [ -102.427541, -72.940364 ], [ -102.351125, -72.938411 ], [ -102.29186, -72.908992 ], [ -102.188649, -72.894466 ], [ -102.161183, -72.880306 ], [ -102.197682, -72.860652 ], [ -102.148305, -72.830501 ], [ -102.168813, -72.809871 ], [ -102.093984, -72.771785 ], [ -102.269887, -72.754695 ], [ -102.328603, -72.738094 ], [ -102.85143, -72.715633 ], [ -102.808461, -72.702937 ], [ -102.74706, -72.666683 ], [ -102.730153, -72.648738 ], [ -102.737721, -72.627132 ], [ -102.780934, -72.591853 ], [ -102.748769, -72.555476 ], [ -102.748525, -72.53741 ], [ -102.76476, -72.514461 ], [ -102.807729, -72.490169 ], [ -102.967641, -72.463558 ], [ -103.052968, -72.410335 ], [ -103.252126, -72.337459 ], [ -103.35381, -72.315608 ], [ -103.39623, -72.285457 ], [ -103.4063, -72.265682 ], [ -103.392629, -72.249202 ], [ -103.345509, -72.235164 ], [ -103.298818, -72.231624 ], [ -102.710744, -72.269222 ], [ -102.442677, -72.203914 ], [ -102.320546, -72.150081 ], [ -102.289357, -72.145808 ], [ -102.292104, -72.126888 ], [ -102.182607, -72.164974 ], [ -101.967275, -72.193294 ], [ -101.899342, -72.192439 ], [ -101.725148, -72.16302 ], [ -101.609242, -72.188777 ], [ -100.415761, -72.259578 ], [ -100.377187, -72.284847 ], [ -100.328053, -72.286556 ], [ -100.205312, -72.271297 ], [ -100.140492, -72.279964 ], [ -99.980336, -72.321224 ], [ -99.891957, -72.332698 ], [ -99.764638, -72.37347 ], [ -99.186452, -72.375545 ], [ -99.251027, -72.409724 ], [ -99.401296, -72.427791 ], [ -99.468068, -72.461482 ], [ -99.396474, -72.498225 ], [ -98.535451, -72.464168 ], [ -98.624379, -72.52972 ], [ -98.673024, -72.542171 ], [ -98.580129, -72.57281 ], [ -97.599355, -72.557185 ], [ -97.259023, -72.507137 ], [ -97.231252, -72.510066 ], [ -97.168813, -72.546687 ], [ -97.126027, -72.561214 ], [ -96.936086, -72.580135 ], [ -96.855885, -72.577815 ], [ -96.787526, -72.566463 ], [ -96.773366, -72.540462 ], [ -96.73998, -72.519832 ], [ -96.714833, -72.517024 ], [ -96.604237, -72.56097 ], [ -96.054738, -72.583675 ], [ -95.987965, -72.574397 ], [ -95.943898, -72.546199 ], [ -95.944386, -72.501643 ], [ -95.990651, -72.470271 ], [ -96.051747, -72.455745 ], [ -96.09673, -72.461116 ], [ -96.022572, -72.436458 ], [ -95.755299, -72.437801 ], [ -95.515492, -72.402156 ], [ -95.437428, -72.355281 ], [ -95.428883, -72.334285 ], [ -95.499135, -72.315608 ], [ -95.555653, -72.312679 ], [ -95.753285, -72.332942 ], [ -95.810353, -72.331722 ], [ -95.86321, -72.317806 ], [ -95.921986, -72.2774 ], [ -95.976186, -72.259334 ], [ -96.038808, -72.257625 ], [ -96.34911, -72.295711 ], [ -96.415761, -72.289974 ], [ -96.336171, -72.255306 ], [ -96.231618, -72.234187 ], [ -95.640981, -72.206599 ], [ -95.541005, -72.176814 ], [ -95.502919, -72.15179 ], [ -95.719106, -72.103328 ], [ -95.59319, -72.076839 ], [ -95.613515, -72.067561 ], [ -95.506276, -72.091121 ] ], [ [ -94.810475, -72.534602 ], [ -95.197804, -72.58868 ], [ -95.244069, -72.615657 ], [ -95.269215, -72.636043 ], [ -95.274281, -72.651912 ], [ -95.201222, -72.677303 ], [ -94.504689, -72.632747 ], [ -94.399831, -72.607356 ], [ -94.483266, -72.545589 ], [ -94.502065, -72.479305 ], [ -94.55016, -72.465877 ], [ -94.810475, -72.534602 ] ], [ [ -97.748708, -72.683284 ], [ -97.940175, -72.657405 ], [ -98.042348, -72.662288 ], [ -98.130788, -72.692317 ], [ -98.050404, -72.714412 ], [ -97.941213, -72.725032 ], [ -97.831288, -72.716975 ], [ -97.748708, -72.683284 ] ], [ [ -94.000111, -72.919002 ], [ -93.813527, -72.926204 ], [ -93.749989, -72.905574 ], [ -93.750722, -72.888606 ], [ -93.818166, -72.85638 ], [ -93.9829, -72.819026 ], [ -94.068349, -72.825862 ], [ -94.128163, -72.872981 ], [ -94.070363, -72.902766 ], [ -94.000111, -72.919002 ] ], [ [ -90.132497, -73.094417 ], [ -89.995595, -73.067683 ], [ -89.796376, -73.092464 ], [ -89.63329, -73.083797 ], [ -89.585072, -73.070491 ], [ -89.555226, -73.050716 ], [ -89.507741, -72.997127 ], [ -89.478688, -72.975765 ], [ -89.359364, -72.946101 ], [ -89.330678, -72.928035 ], [ -89.405629, -72.895686 ], [ -89.571523, -72.862972 ], [ -89.785512, -72.850276 ], [ -89.869191, -72.865535 ], [ -89.929372, -72.931575 ], [ -89.963368, -72.958308 ], [ -90.005544, -72.976741 ], [ -90.093922, -72.986629 ], [ -90.215688, -72.944515 ], [ -90.28246, -72.941463 ], [ -90.336293, -72.987361 ], [ -90.295888, -73.049495 ], [ -90.219167, -73.084285 ], [ -90.132497, -73.094417 ] ] ] } },
{ "type": "Feature", "properties": { "type": "ice_shelf" }, "geometry": { "type": "Polygon", "coordinates": [ [ [ -85.391896, -73.23846 ], [ -85.413808, -73.270808 ], [ -85.443166, -73.29388 ], [ -85.411916, -73.293147 ], [ -85.466786, -73.3493 ], [ -85.470876, -73.364681 ], [ -85.442189, -73.382015 ], [ -85.39214, -73.396663 ], [ -85.43987, -73.410091 ], [ -85.499745, -73.38763 ], [ -85.531606, -73.38531 ], [ -85.542897, -73.371883 ], [ -85.503713, -73.352962 ], [ -85.564076, -73.335017 ], [ -85.594716, -73.283504 ], [ -85.652577, -73.264583 ], [ -85.668568, -73.241145 ], [ -85.65862, -73.222102 ], [ -85.643971, -73.213558 ], [ -85.585011, -73.20135 ], [ -85.391896, -73.23846 ] ] ] } },
{ "type": "Feature", "properties": { "type": "ice_shelf" }, "geometry": { "type": "Polygon", "coordinates": [ [ [ -97.084462, -71.927669 ], [ -97.137074, -72.032893 ], [ -97.223073, -72.120418 ], [ -97.305653, -72.176814 ], [ -97.394093, -72.208431 ], [ -97.473256, -72.191219 ], [ -97.530568, -72.15948 ], [ -97.588063, -72.106258 ], [ -97.618337, -72.096126 ], [ -97.412526, -72.034602 ], [ -97.36498, -71.979915 ], [ -97.407887, -71.986629 ], [ -97.62267, -71.950496 ], [ -97.475514, -71.908992 ], [ -97.336659, -71.886531 ], [ -97.051198, -71.880794 ], [ -97.084462, -71.927669 ] ] ] } },
{ "type": "Feature", "properties": { "type": "ice_shelf" }, "geometry": { "type": "MultiPolygon", "coordinates": [ [ [ [ -103.608878, -75.107233 ], [ -103.608876, -75.107232 ], [ -103.608876, -75.107234 ], [ -103.608878, -75.107233 ] ] ], [ [ [ -103.608878, -75.107233 ], [ -103.619252, -75.113094 ], [ -103.524709, -75.115413 ], [ -103.812123, -75.153011 ], [ -103.931142, -75.153865 ], [ -104.101369, -75.120784 ], [ -104.334828, -75.124934 ], [ -104.550649, -75.160701 ], [ -104.632619, -75.159969 ], [ -104.760854, -75.141292 ], [ -104.836232, -75.106746 ], [ -105.026418, -75.107845 ], [ -105.096303, -75.12408 ], [ -105.106313, -75.146541 ], [ -105.099049, -75.160701 ], [ -105.141774, -75.181331 ], [ -105.661672, -75.220393 ], [ -105.716969, -75.251643 ], [ -106.449086, -75.316829 ], [ -106.480946, -75.355281 ], [ -106.525197, -75.372859 ], [ -106.591237, -75.378719 ], [ -106.655385, -75.370418 ], [ -106.714528, -75.333553 ], [ -106.815175, -75.330501 ], [ -106.904897, -75.309993 ], [ -107.114308, -75.309016 ], [ -107.164052, -75.336726 ], [ -107.192922, -75.343074 ], [ -107.290761, -75.340999 ], [ -107.387685, -75.312923 ], [ -107.866078, -75.323543 ], [ -108.027333, -75.283748 ], [ -108.103688, -75.256526 ], [ -108.200429, -75.249934 ], [ -108.086598, -75.220638 ], [ -107.984242, -75.22137 ], [ -107.910695, -75.205989 ], [ -107.765187, -75.191829 ], [ -107.792226, -75.182552 ], [ -108.045155, -75.192561 ], [ -108.016103, -75.174373 ], [ -107.833363, -75.143977 ], [ -107.756154, -75.143855 ], [ -107.83904, -75.126033 ], [ -107.887502, -75.101009 ], [ -107.920888, -75.09637 ], [ -108.12859, -75.100154 ], [ -108.270375, -75.081844 ], [ -108.23589, -75.071346 ], [ -108.116506, -75.066341 ], [ -108.209584, -75.063289 ], [ -108.163197, -75.053523 ], [ -107.848256, -75.046077 ], [ -107.822133, -75.035701 ], [ -107.809682, -75.001521 ], [ -107.850209, -75.001277 ], [ -107.886281, -74.985774 ], [ -107.844655, -74.973201 ], [ -107.626515, -74.951473 ], [ -107.548329, -74.925594 ], [ -107.110097, -74.908626 ], [ -107.074147, -74.890926 ], [ -107.006398, -74.886897 ], [ -106.93633, -74.841487 ], [ -106.856191, -74.830135 ], [ -106.776235, -74.808406 ], [ -106.622182, -74.741756 ], [ -106.538991, -74.732356 ], [ -106.551808, -74.748836 ], [ -106.546864, -74.767146 ], [ -106.559132, -74.777889 ], [ -106.44225, -74.791072 ], [ -106.275258, -74.781184 ], [ -106.20519, -74.831111 ], [ -106.162282, -74.842586 ], [ -106.044179, -74.81158 ], [ -105.392812, -74.789241 ], [ -105.303395, -74.769222 ], [ -105.252004, -74.778133 ], [ -105.270497, -74.802058 ], [ -105.30309, -74.814388 ], [ -105.264638, -74.821101 ], [ -105.191396, -74.863948 ], [ -105.153127, -74.868465 ], [ -105.171376, -74.889339 ], [ -105.198293, -74.894588 ], [ -105.162343, -74.921443 ], [ -104.982167, -74.993831 ], [ -104.552663, -75.088802 ], [ -103.77654, -75.094539 ], [ -103.670155, -75.081722 ], [ -103.556569, -75.085384 ], [ -103.621083, -75.101131 ], [ -103.608878, -75.107233 ] ] ] ] } },
{ "type": "Feature", "properties": { "type": "ice_shelf" }, "geometry": { "type": "Polygon", "coordinates": [ [ [ -110.189198, -74.40594 ], [ -110.180409, -74.439632 ], [ -110.226613, -74.427303 ], [ -110.370351, -74.438289 ], [ -110.445546, -74.40948 ], [ -110.398915, -74.39532 ], [ -110.248158, -74.372371 ], [ -110.27776, -74.357478 ], [ -110.199147, -74.381648 ], [ -110.191151, -74.392635 ], [ -110.204396, -74.392635 ], [ -110.189198, -74.40594 ] ] ] } },
{ "type": "Feature", "properties": { "type": "ice_shelf" }, "geometry": { "type": "Polygon", "coordinates": [ [ [ -110.09789, -74.609065 ], [ -110.025746, -74.630306 ], [ -110.053883, -74.640926 ], [ -110.033681, -74.660579 ], [ -109.910451, -74.678767 ], [ -109.773122, -74.748348 ], [ -109.529408, -74.80157 ], [ -109.464589, -74.847957 ], [ -109.537099, -74.862117 ], [ -109.597401, -74.902034 ], [ -109.648183, -74.918636 ], [ -109.596974, -74.942561 ], [ -109.330373, -74.993953 ], [ -109.302846, -75.007869 ], [ -109.281728, -75.02972 ], [ -109.201405, -75.053157 ], [ -109.222524, -75.058406 ], [ -109.122609, -75.093318 ], [ -109.104604, -75.119197 ], [ -109.145985, -75.124202 ], [ -109.418446, -75.095027 ], [ -109.455983, -75.103328 ], [ -109.393178, -75.144954 ], [ -109.281422, -75.17657 ], [ -109.692799, -75.146053 ], [ -109.838796, -75.223445 ], [ -109.900197, -75.232112 ], [ -109.994252, -75.220393 ], [ -110.172841, -75.239192 ], [ -110.33788, -75.226619 ], [ -110.445912, -75.192928 ], [ -111.129872, -75.202083 ], [ -111.18932, -75.209895 ], [ -111.273915, -75.238338 ], [ -111.304189, -75.240901 ], [ -111.364125, -75.234309 ], [ -111.481068, -75.195735 ], [ -111.618642, -75.197322 ], [ -111.519948, -75.173518 ], [ -111.490834, -75.157649 ], [ -111.600758, -75.155208 ], [ -111.578359, -75.128841 ], [ -111.526845, -75.107967 ], [ -111.382741, -75.073543 ], [ -111.256642, -75.019954 ], [ -110.989125, -74.981014 ], [ -110.934255, -74.955867 ], [ -110.850209, -74.931209 ], [ -110.675465, -74.829402 ], [ -110.472279, -74.821834 ], [ -110.294423, -74.781917 ], [ -110.247182, -74.75262 ], [ -110.241628, -74.722835 ], [ -110.248402, -74.704646 ], [ -110.320668, -74.666316 ], [ -110.317067, -74.655452 ], [ -110.243581, -74.611385 ], [ -110.161733, -74.609554 ], [ -110.127126, -74.590389 ], [ -110.09789, -74.609065 ] ] ] } },
{ "type": "Feature", "properties": { "type": "ice_shelf" }, "geometry": { "type": "Polygon", "coordinates": [ [ [ -83.685109, -73.543391 ], [ -83.549123, -73.560725 ], [ -83.500295, -73.55743 ], [ -83.48528, -73.566585 ], [ -83.491628, -73.588924 ], [ -83.475392, -73.5993 ], [ -83.394032, -73.601741 ], [ -83.423146, -73.628719 ], [ -83.402699, -73.640682 ], [ -83.404591, -73.654475 ], [ -83.423024, -73.686458 ], [ -83.450124, -73.685237 ], [ -83.488637, -73.702083 ], [ -83.519215, -73.737117 ], [ -83.553456, -73.730647 ], [ -83.631642, -73.752254 ], [ -83.665761, -73.72845 ], [ -83.691029, -73.726619 ], [ -83.809316, -73.741267 ], [ -83.820363, -73.722835 ], [ -83.808766, -73.693782 ], [ -83.866567, -73.679134 ], [ -83.881581, -73.666683 ], [ -83.836049, -73.644954 ], [ -83.759755, -73.634944 ], [ -83.752004, -73.612727 ], [ -83.751698, -73.56158 ], [ -83.685109, -73.543391 ] ] ] } },
{ "type": "Feature", "properties": { "type": "ice_shelf" }, "geometry": { "type": "Polygon", "coordinates": [ [ [ -99.711354, -73.39886 ], [ -99.730458, -73.448421 ], [ -99.727467, -73.461971 ], [ -99.714894, -73.467708 ], [ -99.63622, -73.447933 ], [ -99.600209, -73.448299 ], [ -99.405568, -73.486751 ], [ -99.50237, -73.489436 ], [ -99.551503, -73.499812 ], [ -99.587697, -73.52264 ], [ -99.485219, -73.54742 ], [ -98.891164, -73.588435 ], [ -98.867726, -73.593929 ], [ -98.814381, -73.632259 ], [ -99.210072, -73.644222 ], [ -99.497304, -73.618587 ], [ -99.585927, -73.634822 ], [ -99.472096, -73.675594 ], [ -99.584523, -73.706966 ], [ -99.66863, -73.702449 ], [ -99.867421, -73.733089 ], [ -100.458608, -73.726131 ], [ -100.533559, -73.751888 ], [ -100.587148, -73.747493 ], [ -100.632008, -73.782161 ], [ -101.16393, -73.770686 ], [ -101.2506, -73.748348 ], [ -101.260854, -73.738582 ], [ -101.263661, -73.70074 ], [ -101.334157, -73.677913 ], [ -101.355336, -73.638728 ], [ -101.40984, -73.615901 ], [ -101.43102, -73.592342 ], [ -101.501576, -73.575008 ], [ -101.571462, -73.529353 ], [ -101.661427, -73.514583 ], [ -101.687001, -73.501643 ], [ -101.702199, -73.480281 ], [ -101.696889, -73.460384 ], [ -101.642506, -73.407405 ], [ -101.67748, -73.354549 ], [ -101.704823, -73.333675 ], [ -101.212575, -73.315364 ], [ -101.120351, -73.329524 ], [ -99.768056, -73.364192 ], [ -99.73412, -73.372981 ], [ -99.711354, -73.39886 ] ] ] } },
{ "type": "Feature", "properties": { "type": "ice_shelf" }, "geometry": { "type": "Polygon", "coordinates": [ [ [ -95.995351, -71.955013 ], [ -95.891591, -71.963191 ], [ -95.84789, -71.990535 ], [ -95.690907, -72.051326 ], [ -95.737172, -72.056331 ], [ -95.953297, -72.143855 ], [ -96.441274, -72.193416 ], [ -96.723744, -72.264095 ], [ -96.820729, -72.265437 ], [ -96.916005, -72.24908 ], [ -96.999989, -72.21429 ], [ -96.620107, -72.106624 ], [ -96.498952, -72.091975 ], [ -96.382131, -72.056941 ], [ -96.407277, -72.05511 ], [ -96.509572, -72.013728 ], [ -96.422841, -72.004573 ], [ -96.168691, -72.021663 ], [ -96.139455, -72.013606 ], [ -96.115041, -71.995784 ], [ -96.066151, -71.915462 ], [ -95.995351, -71.955013 ] ] ] } },
{ "type": "Feature", "properties": { "type": "ice_shelf" }, "geometry": { "type": "Polygon", "coordinates": [ [ [ -126.51183, -73.730647 ], [ -126.514638, -73.74261 ], [ -126.496144, -73.757503 ], [ -126.429128, -73.767391 ], [ -126.405507, -73.778377 ], [ -126.401173, -73.802547 ], [ -126.421803, -73.82159 ], [ -126.475453, -73.84222 ], [ -126.011342, -73.921443 ], [ -125.927846, -73.956844 ], [ -125.812672, -73.966609 ], [ -125.78893, -73.972957 ], [ -125.811391, -73.983211 ], [ -125.758046, -74.000667 ], [ -125.749135, -74.024715 ], [ -125.718922, -74.040462 ], [ -125.109303, -74.122859 ], [ -125.240224, -74.150081 ], [ -125.20342, -74.16302 ], [ -124.78423, -74.226131 ], [ -124.244985, -74.214778 ], [ -124.007436, -74.263484 ], [ -123.928212, -74.261775 ], [ -123.865041, -74.244685 ], [ -123.806264, -74.215022 ], [ -123.89922, -74.178157 ], [ -123.848317, -74.164119 ], [ -123.842152, -74.151668 ], [ -123.860158, -74.128474 ], [ -123.85204, -74.119808 ], [ -123.782948, -74.109676 ], [ -123.777028, -74.087581 ], [ -123.754323, -74.072566 ], [ -123.839528, -74.064876 ], [ -123.894643, -74.031184 ], [ -123.972524, -74.02386 ], [ -123.931081, -74.002742 ], [ -124.132192, -73.976131 ], [ -124.177052, -73.960628 ], [ -124.208791, -73.934383 ], [ -124.036549, -73.889583 ], [ -124.019948, -73.875789 ], [ -124.027028, -73.85638 ], [ -123.349599, -73.837093 ], [ -123.349294, -73.848445 ], [ -123.016896, -73.830867 ], [ -122.972218, -73.8399 ], [ -122.950185, -73.86993 ], [ -122.934071, -73.879329 ], [ -122.591298, -73.907283 ], [ -122.43633, -73.899715 ], [ -122.364613, -73.907405 ], [ -122.327382, -73.915706 ], [ -122.552541, -73.961604 ], [ -122.607594, -73.96429 ], [ -122.731068, -73.997737 ], [ -122.752797, -74.02618 ], [ -122.74474, -74.046199 ], [ -122.748952, -74.055599 ], [ -122.804006, -74.058528 ], [ -122.817555, -74.063777 ], [ -122.820424, -74.07928 ], [ -122.909901, -74.087337 ], [ -122.945302, -74.110286 ], [ -122.946339, -74.135188 ], [ -122.939565, -74.140193 ], [ -122.830861, -74.167171 ], [ -122.796925, -74.193294 ], [ -122.746571, -74.20367 ], [ -122.729176, -74.215755 ], [ -122.762135, -74.226253 ], [ -122.955129, -74.228816 ], [ -123.028188, -74.248348 ], [ -123.005116, -74.263606 ], [ -123.011037, -74.278377 ], [ -122.988759, -74.297908 ], [ -122.903798, -74.336971 ], [ -122.687306, -74.365291 ], [ -122.626393, -74.382137 ], [ -122.572072, -74.386531 ], [ -122.460683, -74.379207 ], [ -122.243398, -74.413265 ], [ -121.099049, -74.348079 ], [ -120.944264, -74.30865 ], [ -121.071889, -74.275691 ], [ -121.049428, -74.265559 ], [ -121.085439, -74.234676 ], [ -121.04955, -74.233089 ], [ -121.03362, -74.223079 ], [ -121.05724, -74.203426 ], [ -121.047109, -74.167171 ], [ -121.004018, -74.148372 ], [ -120.275563, -74.00323 ], [ -120.243642, -73.989192 ], [ -120.237294, -73.981502 ], [ -120.240773, -73.966731 ], [ -120.295888, -73.952449 ], [ -120.26122, -73.927791 ], [ -120.285695, -73.917415 ], [ -120.647389, -73.896907 ], [ -120.735158, -73.879451 ], [ -120.695729, -73.868099 ], [ -120.415089, -73.84698 ], [ -120.378041, -73.830989 ], [ -120.375966, -73.799251 ], [ -120.349049, -73.813777 ], [ -120.075673, -73.844905 ], [ -119.986806, -73.844539 ], [ -119.89684, -73.828792 ], [ -119.76769, -73.851131 ], [ -119.858144, -73.876521 ], [ -119.797475, -73.896663 ], [ -119.776601, -73.939266 ], [ -119.6657, -73.979305 ], [ -119.636098, -74.001277 ], [ -119.696584, -74.020442 ], [ -119.801503, -74.028743 ], [ -119.830739, -74.041438 ], [ -119.837026, -74.059505 ], [ -119.911488, -74.070979 ], [ -119.929494, -74.084651 ], [ -119.922902, -74.101375 ], [ -119.821034, -74.120784 ], [ -119.695729, -74.125545 ], [ -119.50005, -74.106624 ], [ -119.431325, -74.067317 ], [ -119.223134, -74.044124 ], [ -119.003774, -73.983577 ], [ -118.945668, -73.949886 ], [ -118.96349, -73.930965 ], [ -118.877614, -73.888728 ], [ -118.874379, -73.90533 ], [ -118.860097, -73.915462 ], [ -118.766774, -73.925838 ], [ -118.662648, -73.954768 ], [ -117.398671, -74.044978 ], [ -117.296071, -74.063289 ], [ -117.371083, -74.079768 ], [ -117.392751, -74.096248 ], [ -117.400258, -74.132503 ], [ -117.37328, -74.157893 ], [ -117.332204, -74.174373 ], [ -117.196401, -74.200252 ], [ -116.785024, -74.174251 ], [ -116.599355, -74.14178 ], [ -116.485768, -74.081599 ], [ -116.649648, -74.06573 ], [ -116.490285, -74.033748 ], [ -116.33495, -73.973567 ], [ -116.19811, -73.938411 ], [ -116.161061, -73.91534 ], [ -116.152699, -73.937434 ], [ -116.123158, -73.958308 ], [ -115.736928, -74.066707 ], [ -115.574941, -74.086482 ], [ -115.384389, -74.082942 ], [ -115.207448, -74.101985 ], [ -115.12267, -74.093929 ], [ -115.082692, -74.112972 ], [ -115.110951, -74.131038 ], [ -115.126088, -74.151058 ], [ -115.123708, -74.17303 ], [ -115.091481, -74.205867 ], [ -115.067983, -74.256404 ], [ -114.994496, -74.324641 ], [ -114.842397, -74.385066 ], [ -114.880605, -74.387874 ], [ -114.891103, -74.398372 ], [ -114.891103, -74.421321 ], [ -114.869923, -74.45135 ], [ -114.838429, -74.471492 ], [ -114.874318, -74.481624 ], [ -115.023915, -74.4826 ], [ -115.237111, -74.515071 ], [ -115.41686, -74.511165 ], [ -115.649281, -74.53094 ], [ -115.726674, -74.521785 ], [ -115.793568, -74.501155 ], [ -115.888295, -74.455989 ], [ -115.928212, -74.42242 ], [ -115.927113, -74.410213 ], [ -115.906728, -74.385433 ], [ -115.980214, -74.39178 ], [ -116.084157, -74.419124 ], [ -116.101003, -74.447688 ], [ -116.097524, -74.466853 ], [ -116.05016, -74.497371 ], [ -116.151845, -74.504207 ], [ -116.211903, -74.494563 ], [ -116.296071, -74.519222 ], [ -116.46288, -74.511165 ], [ -116.69341, -74.557918 ], [ -117.142445, -74.534847 ], [ -117.341237, -74.546809 ], [ -117.48998, -74.534724 ], [ -117.662343, -74.503352 ], [ -117.785756, -74.517635 ], [ -117.843984, -74.510066 ], [ -117.88268, -74.469783 ], [ -117.792836, -74.431453 ], [ -117.809193, -74.414729 ], [ -117.91393, -74.419612 ], [ -117.978139, -74.399837 ], [ -117.883534, -74.362849 ], [ -117.841115, -74.337703 ], [ -117.849172, -74.316341 ], [ -117.92278, -74.272151 ], [ -117.970815, -74.258113 ], [ -118.123891, -74.312801 ], [ -118.975514, -74.404231 ], [ -119.069631, -74.439632 ], [ -119.138234, -74.503352 ], [ -118.647084, -74.509456 ], [ -118.616506, -74.522273 ], [ -118.62914, -74.545223 ], [ -118.679616, -74.563777 ], [ -118.867055, -74.602596 ], [ -118.982289, -74.595271 ], [ -119.054494, -74.605159 ], [ -119.134999, -74.598079 ], [ -119.321156, -74.616634 ], [ -119.401357, -74.654964 ], [ -119.421071, -74.657649 ], [ -119.543752, -74.642391 ], [ -119.897328, -74.681941 ], [ -120.042714, -74.677425 ], [ -120.15392, -74.660213 ], [ -120.71703, -74.713435 ], [ -120.829335, -74.739803 ], [ -120.946645, -74.747859 ], [ -120.975575, -74.746516 ], [ -121.016469, -74.721858 ], [ -121.071645, -74.716487 ], [ -121.145436, -74.745174 ], [ -121.203114, -74.755916 ], [ -121.317677, -74.747737 ], [ -121.254628, -74.724666 ], [ -121.433827, -74.735042 ], [ -121.474843, -74.755794 ], [ -121.635915, -74.75909 ], [ -121.715688, -74.751033 ], [ -121.743459, -74.757259 ], [ -121.772511, -74.786067 ], [ -121.829396, -74.784114 ], [ -121.912831, -74.765559 ], [ -122.003896, -74.775203 ], [ -122.199941, -74.753841 ], [ -122.333119, -74.776668 ], [ -122.454762, -74.753352 ], [ -122.723378, -74.776058 ], [ -122.836232, -74.765682 ], [ -123.009877, -74.796443 ], [ -123.169545, -74.788997 ], [ -123.224416, -74.774837 ], [ -123.217824, -74.755672 ], [ -123.344106, -74.756404 ], [ -123.466115, -74.781795 ], [ -124.05132, -74.811214 ], [ -124.076283, -74.807063 ], [ -124.19988, -74.747371 ], [ -124.307362, -74.712337 ], [ -124.365651, -74.706966 ], [ -124.423024, -74.721492 ], [ -124.47643, -74.713802 ], [ -124.826344, -74.736018 ], [ -124.935964, -74.715144 ], [ -125.740041, -74.704768 ], [ -125.933583, -74.752498 ], [ -126.056081, -74.748225 ], [ -126.113393, -74.761531 ], [ -126.594655, -74.742488 ], [ -126.676137, -74.720027 ], [ -126.939076, -74.676692 ], [ -127.125783, -74.689876 ], [ -127.24474, -74.68011 ], [ -127.352284, -74.706844 ], [ -127.629872, -74.719905 ], [ -127.795949, -74.703914 ], [ -127.850514, -74.726375 ], [ -127.959157, -74.717708 ], [ -128.005055, -74.741267 ], [ -128.472951, -74.763484 ], [ -128.532704, -74.773006 ], [ -128.650136, -74.812923 ], [ -128.711476, -74.822566 ], [ -129.186818, -74.826473 ], [ -129.227589, -74.820613 ], [ -129.274648, -74.840755 ], [ -129.975026, -74.913265 ], [ -130.731923, -74.83868 ], [ -130.815846, -74.81573 ], [ -130.95464, -74.831111 ], [ -131.012807, -74.816463 ], [ -131.555409, -74.846004 ], [ -131.778798, -74.78094 ], [ -132.093129, -74.76324 ], [ -132.578725, -74.82574 ], [ -132.635732, -74.818904 ], [ -132.689992, -74.803523 ], [ -132.76122, -74.768489 ], [ -132.791188, -74.768733 ], [ -133.199818, -74.840266 ], [ -133.318227, -74.834895 ], [ -133.865529, -74.928279 ], [ -133.938222, -74.924007 ], [ -133.956593, -74.907161 ], [ -133.953725, -74.895808 ], [ -133.929189, -74.884334 ], [ -134.05901, -74.884944 ], [ -134.176137, -74.855037 ], [ -134.355641, -74.87054 ], [ -134.414723, -74.858943 ], [ -134.377553, -74.829158 ], [ -134.372975, -74.811702 ], [ -134.392262, -74.80157 ], [ -134.515187, -74.780818 ], [ -134.568105, -74.75616 ], [ -134.586232, -74.736263 ], [ -134.570851, -74.717098 ], [ -134.501332, -74.676814 ], [ -134.488942, -74.657527 ], [ -134.518605, -74.643245 ], [ -134.753957, -74.619441 ], [ -134.600087, -74.607967 ], [ -134.561025, -74.59344 ], [ -134.527943, -74.568172 ], [ -134.540273, -74.558528 ], [ -134.487172, -74.541805 ], [ -133.443654, -74.490535 ], [ -133.349782, -74.497981 ], [ -133.057729, -74.460262 ], [ -132.907216, -74.425594 ], [ -132.847768, -74.446834 ], [ -132.883473, -74.460017 ], [ -132.857533, -74.471004 ], [ -132.589772, -74.501033 ], [ -132.53185, -74.49908 ], [ -132.477223, -74.486629 ], [ -132.437795, -74.457454 ], [ -132.375844, -74.438167 ], [ -132.363698, -74.428279 ], [ -132.377309, -74.421932 ], [ -132.343739, -74.405086 ], [ -132.165273, -74.419612 ], [ -132.181264, -74.423763 ], [ -132.106984, -74.436458 ], [ -132.049855, -74.461604 ], [ -132.012074, -74.465389 ], [ -132.082753, -74.491145 ], [ -132.02831, -74.504817 ], [ -131.90807, -74.517513 ], [ -131.845998, -74.554256 ], [ -131.728688, -74.537288 ], [ -131.205922, -74.607112 ], [ -131.098073, -74.602351 ], [ -131.084279, -74.594905 ], [ -131.080861, -74.58221 ], [ -131.038564, -74.56927 ], [ -130.972707, -74.532527 ], [ -130.978017, -74.523738 ], [ -130.956654, -74.513728 ], [ -130.952321, -74.459041 ], [ -130.920461, -74.44427 ], [ -130.94518, -74.438777 ], [ -130.959523, -74.41656 ], [ -130.97704, -74.411678 ], [ -130.948048, -74.380794 ], [ -130.883412, -74.374812 ], [ -130.529042, -74.385799 ], [ -130.429372, -74.410213 ], [ -130.074757, -74.403743 ], [ -129.978139, -74.41534 ], [ -128.257924, -74.318538 ], [ -128.189992, -74.301448 ], [ -128.269276, -74.296321 ], [ -128.200551, -74.260188 ], [ -128.053395, -74.205867 ], [ -127.957875, -74.154842 ], [ -127.84557, -74.131038 ], [ -127.709218, -74.058894 ], [ -127.604848, -74.036067 ], [ -127.529408, -73.982356 ], [ -127.495717, -73.931209 ], [ -127.310719, -73.838802 ], [ -127.258595, -73.778621 ], [ -127.249623, -73.74261 ], [ -127.257924, -73.726253 ], [ -127.005177, -73.740413 ], [ -126.952565, -73.726619 ], [ -126.984242, -73.685603 ], [ -126.952138, -73.667659 ], [ -126.87267, -73.646785 ], [ -126.835439, -73.646175 ], [ -126.725087, -73.665218 ], [ -126.546559, -73.670345 ], [ -126.561086, -73.684627 ], [ -126.463429, -73.705745 ], [ -126.471974, -73.715999 ], [ -126.51183, -73.730647 ] ], [ [ -128.098683, -74.412166 ], [ -128.110646, -74.425594 ], [ -128.069264, -74.450496 ], [ -128.065907, -74.462337 ], [ -128.10912, -74.47784 ], [ -128.088185, -74.488582 ], [ -128.018727, -74.482234 ], [ -127.995229, -74.487727 ], [ -127.898488, -74.527644 ], [ -127.895802, -74.541927 ], [ -127.905568, -74.553035 ], [ -127.551747, -74.643611 ], [ -127.506276, -74.646175 ], [ -127.415883, -74.635555 ], [ -127.215932, -74.588191 ], [ -127.173818, -74.554378 ], [ -127.233937, -74.53094 ], [ -127.141408, -74.488338 ], [ -127.128468, -74.469417 ], [ -127.151784, -74.452571 ], [ -127.200612, -74.450496 ], [ -127.236012, -74.423396 ], [ -127.337941, -74.404598 ], [ -127.434193, -74.411067 ], [ -127.503957, -74.40472 ], [ -127.758046, -74.342708 ], [ -128.137868, -74.303523 ], [ -128.175404, -74.30511 ], [ -128.189137, -74.316097 ], [ -128.159535, -74.344417 ], [ -128.132863, -74.388484 ], [ -128.139272, -74.402034 ], [ -128.098683, -74.412166 ] ], [ [ -117.395558, -74.366145 ], [ -117.338612, -74.377498 ], [ -117.282155, -74.377376 ], [ -117.06609, -74.330257 ], [ -116.968129, -74.291927 ], [ -117.025075, -74.281062 ], [ -117.311513, -74.309261 ], [ -117.361256, -74.328792 ], [ -117.395558, -74.366145 ] ] ] } },
{ "type": "Feature", "properties": { "type": "ice_shelf" }, "geometry": { "type": "Polygon", "coordinates": [ [ [ -101.294972, -74.274837 ], [ -101.306569, -74.306575 ], [ -101.411855, -74.355891 ], [ -101.4287, -74.374324 ], [ -101.434316, -74.397273 ], [ -101.424245, -74.412776 ], [ -101.377187, -74.425594 ], [ -101.417104, -74.455257 ], [ -101.462636, -74.476253 ], [ -101.395924, -74.502742 ], [ -100.927235, -74.550594 ], [ -100.599538, -74.484554 ], [ -100.479726, -74.483333 ], [ -100.43578, -74.475642 ], [ -100.246388, -74.489681 ], [ -100.111745, -74.47491 ], [ -100.031972, -74.508357 ], [ -99.92809, -74.507747 ], [ -99.881947, -74.524593 ], [ -99.83318, -74.522273 ], [ -99.800832, -74.536678 ], [ -99.815785, -74.537898 ], [ -99.876576, -74.577327 ], [ -100.052785, -74.601741 ], [ -100.085072, -74.610774 ], [ -100.113454, -74.631038 ], [ -100.017873, -74.643611 ], [ -100.039418, -74.669368 ], [ -100.110158, -74.716243 ], [ -100.01061, -74.731868 ], [ -99.96526, -74.744808 ], [ -99.919301, -74.769832 ], [ -100.012318, -74.795711 ], [ -100.083363, -74.846126 ], [ -100.149159, -74.859187 ], [ -100.203847, -74.860164 ], [ -100.363026, -74.840389 ], [ -100.528615, -74.855281 ], [ -100.543752, -74.873714 ], [ -100.522267, -74.890926 ], [ -100.341054, -74.92657 ], [ -100.105092, -74.943172 ], [ -99.88445, -74.922054 ], [ -99.741261, -74.924861 ], [ -99.60204, -74.94659 ], [ -99.438466, -74.913265 ], [ -99.383351, -74.926692 ], [ -99.323903, -74.962581 ], [ -99.32787, -75.054134 ], [ -99.335439, -75.07635 ], [ -99.379628, -75.112849 ], [ -99.039967, -75.146175 ], [ -98.899098, -75.174983 ], [ -98.547719, -75.12347 ], [ -98.434316, -75.133357 ], [ -98.74413, -75.224544 ], [ -98.571401, -75.225887 ], [ -98.478566, -75.215631 ], [ -98.42986, -75.217952 ], [ -98.402211, -75.236507 ], [ -98.481191, -75.258846 ], [ -98.579335, -75.273616 ], [ -98.641957, -75.309627 ], [ -98.772023, -75.321101 ], [ -98.945668, -75.317073 ], [ -99.014272, -75.339656 ], [ -99.431386, -75.303401 ], [ -99.831532, -75.329891 ], [ -100.015981, -75.367122 ], [ -100.051991, -75.367 ], [ -100.109914, -75.386531 ], [ -100.222218, -75.360164 ], [ -100.323903, -75.350032 ], [ -100.435719, -75.35052 ], [ -100.546681, -75.36639 ], [ -100.62859, -75.391658 ], [ -101.112721, -75.432063 ], [ -101.137502, -75.427547 ], [ -101.154775, -75.413631 ], [ -101.159963, -75.393855 ], [ -101.14861, -75.371761 ], [ -101.534413, -75.348323 ], [ -101.65685, -75.305354 ], [ -101.631398, -75.262752 ], [ -101.590993, -75.237117 ], [ -101.554433, -75.196712 ], [ -101.553029, -75.174983 ], [ -101.564198, -75.146785 ], [ -101.598622, -75.118831 ], [ -101.654286, -75.100398 ], [ -101.760976, -75.082942 ], [ -101.790639, -75.063655 ], [ -101.648854, -75.017635 ], [ -101.611806, -74.991145 ], [ -101.601918, -74.957576 ], [ -101.40331, -74.817683 ], [ -101.289296, -74.743465 ], [ -101.195119, -74.71429 ], [ -101.240712, -74.706722 ], [ -101.286794, -74.714046 ], [ -101.266591, -74.704646 ], [ -101.286366, -74.695613 ], [ -101.358388, -74.692195 ], [ -101.902333, -74.607845 ], [ -102.047292, -74.610774 ], [ -102.089101, -74.601863 ], [ -102.012196, -74.581966 ], [ -102.062245, -74.556819 ], [ -102.324574, -74.511287 ], [ -102.435048, -74.51971 ], [ -102.459767, -74.51324 ], [ -102.390248, -74.483943 ], [ -101.938344, -74.404109 ], [ -101.882253, -74.369075 ], [ -101.880299, -74.357234 ], [ -101.909657, -74.326717 ], [ -101.80248, -74.341243 ], [ -101.747426, -74.338802 ], [ -101.734547, -74.310115 ], [ -101.479604, -74.288509 ], [ -101.4204, -74.276546 ], [ -101.426381, -74.279964 ], [ -101.294972, -74.274837 ] ] ] } },
{ "type": "Feature", "properties": { "type": "ice_shelf" }, "geometry": { "type": "Polygon", "coordinates": [ [ [ -111.56017, -74.781305 ], [ -111.542653, -74.80157 ], [ -112.075734, -74.808894 ], [ -112.213735, -74.837215 ], [ -112.245778, -74.862605 ], [ -112.57018, -74.84637 ], [ -112.624318, -74.852107 ], [ -112.656667, -74.889827 ], [ -112.675771, -74.898006 ], [ -112.725942, -74.899349 ], [ -112.917775, -74.873103 ], [ -113.443898, -74.949031 ], [ -113.50121, -74.948055 ], [ -113.654897, -74.965511 ], [ -113.734914, -74.960384 ], [ -113.789662, -74.977474 ], [ -113.888234, -75.035945 ], [ -113.964345, -75.037776 ], [ -114.105702, -75.069026 ], [ -114.238576, -75.053523 ], [ -114.262868, -75.042659 ], [ -114.278005, -75.01971 ], [ -114.269643, -75.003841 ], [ -114.142079, -74.935848 ], [ -114.018971, -74.912288 ], [ -113.969655, -74.884822 ], [ -113.935597, -74.802058 ], [ -113.919545, -74.782893 ], [ -113.842397, -74.748714 ], [ -113.826283, -74.729793 ], [ -113.826711, -74.712947 ], [ -113.861745, -74.689021 ], [ -113.915334, -74.679988 ], [ -113.970876, -74.682552 ], [ -114.153005, -74.715266 ], [ -114.265736, -74.716121 ], [ -114.356984, -74.695979 ], [ -114.325795, -74.681941 ], [ -114.146108, -74.660457 ], [ -114.059193, -74.628352 ], [ -113.649281, -74.587947 ], [ -113.563649, -74.554134 ], [ -113.310964, -74.480891 ], [ -113.26299, -74.450862 ], [ -113.225087, -74.402156 ], [ -113.512441, -74.431209 ], [ -113.65746, -74.466365 ], [ -113.731007, -74.469783 ], [ -113.801259, -74.451961 ], [ -113.748341, -74.411311 ], [ -113.794911, -74.400569 ], [ -113.802235, -74.392757 ], [ -113.805348, -74.342708 ], [ -113.68517, -74.296565 ], [ -113.749928, -74.27325 ], [ -113.804555, -74.276668 ], [ -113.947804, -74.256526 ], [ -113.883229, -74.237239 ], [ -113.422047, -74.174861 ], [ -113.439748, -74.156307 ], [ -113.398854, -74.167659 ], [ -111.889089, -74.230037 ], [ -111.9063, -74.242 ], [ -111.877065, -74.252498 ], [ -111.904775, -74.282405 ], [ -111.887135, -74.315486 ], [ -111.782277, -74.390804 ], [ -111.740773, -74.409724 ], [ -111.697011, -74.422908 ], [ -111.478505, -74.455379 ], [ -111.357533, -74.459285 ], [ -111.32549, -74.47552 ], [ -111.485219, -74.501033 ], [ -111.818166, -74.490901 ], [ -111.862538, -74.503719 ], [ -111.917958, -74.535213 ], [ -111.926137, -74.551204 ], [ -111.911672, -74.602351 ], [ -111.916798, -74.618465 ], [ -111.806325, -74.656551 ], [ -111.754079, -74.684139 ], [ -111.710439, -74.721614 ], [ -111.66686, -74.736263 ], [ -111.550099, -74.722835 ], [ -111.514943, -74.739925 ], [ -111.540578, -74.747615 ], [ -111.557546, -74.762386 ], [ -111.56017, -74.781305 ] ] ] } },
{ "type": "Feature", "properties": { "type": "ice_shelf" }, "geometry": { "type": "Polygon", "coordinates": [ [ [ 108.079356, -66.579036 ], [ 108.1515, -66.622981 ], [ 108.135753, -66.624812 ], [ 108.043224, -66.679012 ], [ 107.871471, -66.734187 ], [ 107.825328, -66.792049 ], [ 107.792979, -66.792049 ], [ 107.737804, -66.835872 ], [ 107.709849, -66.847591 ], [ 107.713878, -66.75677 ], [ 107.701915, -66.737727 ], [ 107.764903, -66.694026 ], [ 107.867076, -66.652766 ], [ 107.879283, -66.633113 ], [ 107.864757, -66.609309 ], [ 107.908824, -66.611995 ], [ 108.056895, -66.575374 ], [ 108.079356, -66.579036 ] ] ] } },
{ "type": "Feature", "properties": { "type": "ice_shelf" }, "geometry": { "type": "Polygon", "coordinates": [ [ [ 104.071056, -65.695246 ], [ 104.083995, -65.722835 ], [ 104.067882, -65.740535 ], [ 103.998424, -65.776912 ], [ 104.025523, -65.806331 ], [ 104.034679, -65.862117 ], [ 104.046641, -65.874202 ], [ 103.991222, -65.903499 ], [ 103.928966, -65.918025 ], [ 103.949107, -65.937434 ], [ 103.932872, -65.949641 ], [ 103.875011, -65.952937 ], [ 103.902354, -65.978694 ], [ 103.759288, -65.976985 ], [ 103.610484, -66.009944 ], [ 103.559947, -66.002254 ], [ 103.413585, -65.957454 ], [ 103.349132, -65.949886 ], [ 103.306163, -65.928157 ], [ 103.201305, -65.928401 ], [ 103.145518, -65.916194 ], [ 103.085094, -65.924861 ], [ 103.065807, -65.893001 ], [ 103.050914, -65.88885 ], [ 102.967052, -65.87762 ], [ 102.886974, -65.877132 ], [ 102.905528, -65.860774 ], [ 102.894054, -65.81097 ], [ 102.901988, -65.794368 ], [ 102.97169, -65.765437 ], [ 103.006969, -65.767268 ], [ 103.016734, -65.796687 ], [ 103.037242, -65.792781 ], [ 103.0796, -65.765437 ], [ 103.087413, -65.746028 ], [ 103.075206, -65.701106 ], [ 103.044688, -65.663631 ], [ 102.958263, -65.594173 ], [ 102.888194, -65.57159 ], [ 102.939586, -65.567073 ], [ 103.049449, -65.578304 ], [ 103.097789, -65.563411 ], [ 103.172862, -65.495784 ], [ 103.181773, -65.47137 ], [ 103.169566, -65.459285 ], [ 103.212779, -65.468807 ], [ 103.32252, -65.471614 ], [ 103.400645, -65.457942 ], [ 103.416026, -65.448787 ], [ 103.419078, -65.434749 ], [ 103.410167, -65.425349 ], [ 103.550914, -65.443904 ], [ 103.644664, -65.422054 ], [ 103.664073, -65.427181 ], [ 103.712047, -65.466365 ], [ 103.78004, -65.471004 ], [ 103.793834, -65.480769 ], [ 103.77589, -65.496761 ], [ 103.833263, -65.488704 ], [ 103.858165, -65.50201 ], [ 103.820811, -65.512508 ], [ 103.857677, -65.525935 ], [ 103.981456, -65.543758 ], [ 103.966563, -65.596248 ], [ 104.046153, -65.626766 ], [ 104.077403, -65.652644 ], [ 104.071056, -65.695246 ] ] ] } },
{ "type": "Feature", "properties": { "type": "ice_shelf" }, "geometry": { "type": "Polygon", "coordinates": [ [ [ 114.174327, -66.080745 ], [ 114.208263, -66.082088 ], [ 114.260387, -66.098445 ], [ 114.257091, -66.13763 ], [ 114.223765, -66.126643 ], [ 114.161388, -66.128352 ], [ 114.13502, -66.118343 ], [ 114.087413, -66.075618 ], [ 114.146861, -66.068294 ], [ 114.174327, -66.080745 ] ] ] } },
{ "type": "Feature", "properties": { "type": "ice_shelf" }, "geometry": { "type": "Polygon", "coordinates": [ [ [ 114.428477, -66.225032 ], [ 114.513194, -66.225276 ], [ 114.407359, -66.285945 ], [ 114.492808, -66.302913 ], [ 114.482921, -66.362849 ], [ 114.492442, -66.374568 ], [ 114.489268, -66.412532 ], [ 114.467052, -66.45074 ], [ 114.487071, -66.453792 ], [ 114.557628, -66.431941 ], [ 114.541759, -66.444515 ], [ 114.572887, -66.455745 ], [ 114.564708, -66.464534 ], [ 114.592662, -66.485896 ], [ 114.322398, -66.50909 ], [ 114.351939, -66.477718 ], [ 114.483409, -66.415218 ], [ 114.408214, -66.419734 ], [ 114.429576, -66.40179 ], [ 114.38795, -66.382381 ], [ 114.416148, -66.367852 ], [ 114.333629, -66.351985 ], [ 114.309459, -66.357112 ], [ 114.320567, -66.331111 ], [ 114.338756, -66.314143 ], [ 114.387828, -66.289851 ], [ 114.401378, -66.273494 ], [ 114.406749, -66.235896 ], [ 114.428477, -66.225032 ] ] ] } },
{ "type": "Feature", "properties": { "type": "ice_shelf" }, "geometry": { "type": "Polygon", "coordinates": [ [ [ 97.405772, -65.26324 ], [ 97.463634, -65.2868 ], [ 97.473765, -65.298396 ], [ 97.478648, -65.320247 ], [ 97.459239, -65.322444 ], [ 97.44691, -65.337459 ], [ 97.493663, -65.357845 ], [ 97.544688, -65.367244 ], [ 97.559825, -65.383357 ], [ 97.657603, -65.391536 ], [ 97.680431, -65.403255 ], [ 97.658946, -65.419002 ], [ 97.715709, -65.471126 ], [ 97.855724, -65.505672 ], [ 97.844981, -65.513973 ], [ 97.873057, -65.525691 ], [ 97.866588, -65.537532 ], [ 97.879893, -65.562068 ], [ 97.85255, -65.613338 ], [ 97.82545, -65.640682 ], [ 97.848765, -65.674251 ], [ 97.900157, -65.689632 ], [ 97.913463, -65.698787 ], [ 97.914439, -65.713435 ], [ 97.967052, -65.7326 ], [ 98.087169, -65.720638 ], [ 98.156261, -65.747859 ], [ 98.387218, -65.745052 ], [ 98.416759, -65.73492 ], [ 98.389049, -65.72552 ], [ 98.428722, -65.69305 ], [ 98.543346, -65.653743 ], [ 98.585582, -65.64886 ], [ 98.733775, -65.655696 ], [ 98.974742, -65.638118 ], [ 99.091685, -65.646663 ], [ 99.151134, -65.638118 ], [ 99.221812, -65.685359 ], [ 99.272594, -65.747249 ], [ 99.304576, -65.763362 ], [ 99.446788, -65.788875 ], [ 99.610606, -65.744075 ], [ 99.607432, -65.729671 ], [ 99.656871, -65.724056 ], [ 99.887462, -65.751766 ], [ 100.008556, -65.737117 ], [ 100.231334, -65.734554 ], [ 100.265147, -65.700008 ], [ 100.316783, -65.680599 ], [ 100.309947, -65.664241 ], [ 100.368175, -65.679012 ], [ 100.503673, -65.673274 ], [ 100.538463, -65.686092 ], [ 100.514049, -65.6972 ], [ 100.557872, -65.704036 ], [ 100.967052, -65.682918 ], [ 101.024913, -65.665462 ], [ 101.234264, -65.570247 ], [ 101.266246, -65.585994 ], [ 101.484996, -65.603816 ], [ 101.676036, -65.648982 ], [ 101.72047, -65.681697 ], [ 101.7317, -65.723323 ], [ 101.691295, -65.768123 ], [ 101.921397, -65.794612 ], [ 102.107066, -65.794978 ], [ 102.144786, -65.817806 ], [ 102.105479, -65.821346 ], [ 102.134532, -65.831599 ], [ 102.157115, -65.851619 ], [ 102.06483, -65.85406 ], [ 102.129161, -65.871028 ], [ 102.391856, -65.866878 ], [ 102.552257, -65.881892 ], [ 102.337901, -65.951228 ], [ 101.683116, -65.96722 ], [ 101.574351, -65.949031 ], [ 101.336436, -65.944026 ], [ 101.184825, -66.000057 ], [ 101.20814, -66.002498 ], [ 101.227794, -66.014583 ], [ 101.168712, -66.029475 ], [ 101.476207, -66.058406 ], [ 101.331065, -66.083919 ], [ 101.306163, -66.100154 ], [ 101.265758, -66.146907 ], [ 101.219615, -66.168025 ], [ 101.142589, -66.176936 ], [ 101.122325, -66.219295 ], [ 101.071422, -66.267024 ], [ 100.854991, -66.379695 ], [ 100.470592, -66.397395 ], [ 100.567271, -66.424617 ], [ 100.527965, -66.451473 ], [ 100.618907, -66.448177 ], [ 100.643932, -66.457698 ], [ 100.566295, -66.476741 ], [ 100.530406, -66.493221 ], [ 100.500011, -66.518733 ], [ 100.447032, -66.455623 ], [ 100.421397, -66.453059 ], [ 100.312266, -66.483577 ], [ 100.322765, -66.449153 ], [ 100.308238, -66.432552 ], [ 100.279674, -66.431209 ], [ 100.229869, -66.450496 ], [ 100.181285, -66.454891 ], [ 100.08546, -66.495174 ], [ 100.03651, -66.490657 ], [ 99.985362, -66.500301 ], [ 99.923228, -66.49969 ], [ 99.80714, -66.552791 ], [ 99.678477, -66.592342 ], [ 99.583995, -66.669002 ], [ 99.560191, -66.672176 ], [ 99.539561, -66.64825 ], [ 99.536265, -66.622127 ], [ 99.576182, -66.548518 ], [ 99.529552, -66.55743 ], [ 99.468516, -66.582332 ], [ 99.422862, -66.618709 ], [ 99.422496, -66.662166 ], [ 99.402843, -66.662776 ], [ 99.347301, -66.698787 ], [ 99.2317, -66.70135 ], [ 99.199229, -66.710017 ], [ 99.169444, -66.753108 ], [ 99.107555, -66.743221 ], [ 99.049327, -66.698665 ], [ 99.017223, -66.694515 ], [ 98.991344, -66.7243 ], [ 98.879771, -66.807308 ], [ 98.871349, -66.836238 ], [ 98.884532, -66.882747 ], [ 98.856456, -66.904231 ], [ 98.826182, -66.909969 ], [ 98.802501, -66.900691 ], [ 98.78651, -66.878474 ], [ 98.77589, -66.798763 ], [ 98.705211, -66.774349 ], [ 98.817638, -66.728328 ], [ 98.773326, -66.657405 ], [ 98.716563, -66.642757 ], [ 99.007335, -66.552913 ], [ 99.053233, -66.525203 ], [ 99.069347, -66.489925 ], [ 98.994273, -66.492 ], [ 98.913707, -66.504695 ], [ 98.623302, -66.609309 ], [ 98.539806, -66.622737 ], [ 98.490733, -66.603816 ], [ 98.52003, -66.584041 ], [ 98.542491, -66.553523 ], [ 98.575328, -66.486018 ], [ 98.53712, -66.454402 ], [ 98.527599, -66.449031 ], [ 98.247935, -66.447933 ], [ 98.167003, -66.484065 ], [ 98.069102, -66.508235 ], [ 97.977428, -66.547176 ], [ 97.840099, -66.566097 ], [ 97.804332, -66.591365 ], [ 97.740611, -66.658382 ], [ 97.695323, -66.678645 ], [ 97.672008, -66.677181 ], [ 97.602672, -66.64532 ], [ 97.523692, -66.642391 ], [ 97.47169, -66.631404 ], [ 97.451915, -66.611141 ], [ 97.438853, -66.571956 ], [ 97.417735, -66.567317 ], [ 97.337047, -66.581355 ], [ 97.23524, -66.507991 ], [ 97.080699, -66.492244 ], [ 96.974132, -66.508357 ], [ 96.610362, -66.614925 ], [ 96.553477, -66.615291 ], [ 96.407359, -66.583919 ], [ 96.292247, -66.595271 ], [ 96.207164, -66.613582 ], [ 96.180553, -66.605891 ], [ 96.134654, -66.573421 ], [ 96.108653, -66.570125 ], [ 95.950206, -66.657527 ], [ 95.825938, -66.649959 ], [ 95.699351, -66.674861 ], [ 95.636974, -66.679134 ], [ 95.556163, -66.710628 ], [ 95.496715, -66.700252 ], [ 95.481944, -66.708186 ], [ 95.521373, -66.651546 ], [ 95.345103, -66.637264 ], [ 95.345103, -66.600765 ], [ 95.321056, -66.556697 ], [ 95.278697, -66.527278 ], [ 95.226817, -66.511165 ], [ 95.174693, -66.507259 ], [ 95.095836, -66.514461 ], [ 95.021129, -66.49261 ], [ 94.955577, -66.487972 ], [ 94.91627, -66.47552 ], [ 94.962169, -66.441097 ], [ 94.968028, -66.41888 ], [ 94.958873, -66.39178 ], [ 94.937266, -66.371761 ], [ 94.884654, -66.358577 ], [ 94.861827, -66.341975 ], [ 94.848155, -66.317317 ], [ 94.847789, -66.296199 ], [ 94.886729, -66.243099 ], [ 94.892467, -66.216365 ], [ 95.338023, -66.238582 ], [ 95.558116, -66.169002 ], [ 95.570811, -66.153011 ], [ 95.57545, -66.118465 ], [ 95.571666, -66.106014 ], [ 95.541148, -66.077693 ], [ 95.54066, -66.030086 ], [ 95.505382, -66.007381 ], [ 95.498912, -65.991878 ], [ 95.509776, -65.963313 ], [ 95.537242, -65.947078 ], [ 95.524791, -65.939876 ], [ 95.535777, -65.919124 ], [ 95.499766, -65.879939 ], [ 95.491099, -65.857356 ], [ 95.505626, -65.773616 ], [ 95.538341, -65.707942 ], [ 95.53651, -65.656917 ], [ 95.5171, -65.606868 ], [ 95.48524, -65.56512 ], [ 95.412242, -65.525325 ], [ 95.402721, -65.513118 ], [ 95.420299, -65.488582 ], [ 95.509532, -65.462459 ], [ 95.545177, -65.419002 ], [ 95.548961, -65.367732 ], [ 95.533824, -65.259212 ], [ 95.790782, -65.268489 ], [ 95.839976, -65.2597 ], [ 95.859874, -65.245052 ], [ 95.896251, -65.165218 ], [ 95.930675, -65.13177 ], [ 95.981822, -65.115779 ], [ 96.15797, -65.085872 ], [ 96.174571, -65.071834 ], [ 96.182872, -65.011897 ], [ 96.206309, -64.993709 ], [ 96.253795, -64.980037 ], [ 96.460094, -64.983699 ], [ 96.780772, -65.040218 ], [ 96.948497, -65.04034 ], [ 97.000743, -65.047542 ], [ 97.131114, -65.088558 ], [ 97.21339, -65.144588 ], [ 97.299205, -65.168025 ], [ 97.261119, -65.181209 ], [ 97.287608, -65.200618 ], [ 97.389781, -65.228816 ], [ 97.405772, -65.26324 ] ], [ [ 100.427989, -65.869319 ], [ 100.525401, -65.874446 ], [ 100.635387, -65.859187 ], [ 100.7588, -65.881892 ], [ 100.904552, -65.878108 ], [ 100.963267, -65.865047 ], [ 101.011241, -65.838802 ], [ 101.025523, -65.812557 ], [ 101.006724, -65.796199 ], [ 100.973277, -65.787532 ], [ 100.79774, -65.7774 ], [ 100.712047, -65.785945 ], [ 100.607188, -65.778499 ], [ 100.534923, -65.790584 ], [ 100.399669, -65.854671 ], [ 100.427989, -65.869319 ] ], [ [ 96.355968, -66.221614 ], [ 96.407359, -66.227596 ], [ 96.908458, -66.21136 ], [ 97.010509, -66.173152 ], [ 97.030894, -66.140559 ], [ 97.01588, -66.105525 ], [ 96.974864, -66.074641 ], [ 96.917125, -66.054378 ], [ 96.749278, -66.06927 ], [ 96.66151, -66.040096 ], [ 96.529307, -66.039851 ], [ 96.417979, -66.067073 ], [ 96.375865, -66.091365 ], [ 96.34669, -66.118831 ], [ 96.296519, -66.183528 ], [ 96.338634, -66.1972 ], [ 96.355968, -66.221614 ] ], [ [ 100.080821, -66.221248 ], [ 100.182872, -66.232723 ], [ 100.253673, -66.222957 ], [ 100.307262, -66.199031 ], [ 100.274913, -66.197933 ], [ 100.251231, -66.184383 ], [ 100.310557, -66.17303 ], [ 100.315929, -66.151058 ], [ 100.289317, -66.111507 ], [ 100.264537, -66.105281 ], [ 100.205821, -66.114681 ], [ 100.080089, -66.184016 ], [ 100.06483, -66.204402 ], [ 100.080821, -66.221248 ] ], [ [ 97.067638, -66.40472 ], [ 97.393687, -66.430232 ], [ 97.424327, -66.423152 ], [ 97.378184, -66.378963 ], [ 97.346934, -66.36053 ], [ 97.284679, -66.340755 ], [ 97.167735, -66.326106 ], [ 97.105357, -66.328304 ], [ 97.048106, -66.344173 ], [ 97.010509, -66.381038 ], [ 97.067638, -66.40472 ] ], [ [ 98.616222, -66.43011 ], [ 98.668101, -66.462459 ], [ 98.730724, -66.482356 ], [ 98.791148, -66.487361 ], [ 98.837535, -66.477107 ], [ 98.939708, -66.431453 ], [ 98.953258, -66.418147 ], [ 98.859386, -66.389217 ], [ 98.711681, -66.36407 ], [ 98.660045, -66.36346 ], [ 98.597179, -66.378474 ], [ 98.588512, -66.387996 ], [ 98.616222, -66.43011 ] ] ] } },
{ "type": "Feature", "properties": { "type": "ice_shelf" }, "geometry": { "type": "Polygon", "coordinates": [ [ [ 110.399669, -66.505672 ], [ 110.490733, -66.518123 ], [ 110.526622, -66.498958 ], [ 110.562266, -66.49261 ], [ 110.600352, -66.514339 ], [ 110.631602, -66.515682 ], [ 110.601939, -66.529475 ], [ 110.650767, -66.531917 ], [ 110.644908, -66.567928 ], [ 110.651256, -66.593929 ], [ 110.671031, -66.612117 ], [ 110.705455, -66.624568 ], [ 110.672618, -66.667659 ], [ 110.715343, -66.683648 ], [ 110.733531, -66.695735 ], [ 110.744151, -66.714534 ], [ 110.630504, -66.725765 ], [ 110.503307, -66.671809 ], [ 110.417613, -66.65594 ], [ 110.253917, -66.696956 ], [ 110.156139, -66.747981 ], [ 110.099742, -66.766048 ], [ 109.882213, -66.799251 ], [ 109.905528, -66.807674 ], [ 109.805186, -66.82928 ], [ 109.847789, -66.854427 ], [ 109.619151, -66.87701 ], [ 109.586314, -66.892146 ], [ 109.609874, -66.919734 ], [ 109.385753, -66.932674 ], [ 109.292979, -66.900569 ], [ 109.223521, -66.90472 ], [ 109.174083, -66.89178 ], [ 109.219981, -66.875667 ], [ 109.285411, -66.883968 ], [ 109.340221, -66.873714 ], [ 109.363902, -66.863826 ], [ 109.341319, -66.855281 ], [ 109.383556, -66.824641 ], [ 109.490001, -66.83636 ], [ 109.536265, -66.826839 ], [ 109.490489, -66.81573 ], [ 109.523814, -66.773006 ], [ 109.543101, -66.764949 ], [ 109.509044, -66.740413 ], [ 109.525279, -66.729183 ], [ 109.563365, -66.734187 ], [ 109.581065, -66.727962 ], [ 109.580943, -66.678645 ], [ 109.562266, -66.650935 ], [ 109.702159, -66.615901 ], [ 109.689952, -66.602351 ], [ 109.726817, -66.590877 ], [ 109.873912, -66.590022 ], [ 109.967052, -66.63177 ], [ 110.033092, -66.643855 ], [ 110.181773, -66.638118 ], [ 110.248424, -66.627498 ], [ 110.192638, -66.614314 ], [ 110.17628, -66.603816 ], [ 110.22047, -66.597347 ], [ 110.138805, -66.563533 ], [ 110.264049, -66.538265 ], [ 110.298595, -66.517513 ], [ 110.313853, -66.475032 ], [ 110.334605, -66.468807 ], [ 110.399669, -66.505672 ] ] ] } },
{ "type": "Feature", "properties": { "type": "ice_shelf" }, "geometry": { "type": "Polygon", "coordinates": [ [ [ 108.987926, -66.876888 ], [ 109.012218, -66.891048 ], [ 109.067638, -66.882259 ], [ 109.11439, -66.88763 ], [ 109.001353, -66.929012 ], [ 108.997081, -66.951473 ], [ 108.986461, -66.953304 ], [ 108.95045, -66.950984 ], [ 108.858653, -66.97137 ], [ 108.770763, -66.944881 ], [ 108.804088, -66.938777 ], [ 108.836925, -66.919734 ], [ 108.902599, -66.920467 ], [ 108.917857, -66.90887 ], [ 108.926402, -66.885555 ], [ 108.963756, -66.87347 ], [ 108.987926, -66.876888 ] ] ] } },
{ "type": "Feature", "properties": { "type": "ice_shelf" }, "geometry": { "type": "Polygon", "coordinates": [ [ [ 77.984264, -68.942806 ], [ 77.947887, -68.977596 ], [ 78.043956, -69.00262 ], [ 77.948497, -69.001277 ], [ 77.922618, -69.007625 ], [ 77.897594, -69.034602 ], [ 77.886485, -69.024226 ], [ 77.913585, -69.005794 ], [ 77.903331, -68.994197 ], [ 77.914317, -68.984187 ], [ 77.944469, -68.972224 ], [ 77.945689, -68.958553 ], [ 77.891368, -68.936824 ], [ 77.938731, -68.919978 ], [ 78.031871, -68.925105 ], [ 77.984264, -68.942806 ] ] ] } },
{ "type": "Feature", "properties": { "type": "ice_shelf" }, "geometry": { "type": "Polygon", "coordinates": [ [ [ 77.671641, -69.061336 ], [ 77.777965, -69.076717 ], [ 77.850597, -69.06927 ], [ 77.823497, -69.096614 ], [ 77.841685, -69.130061 ], [ 77.533336, -69.179866 ], [ 77.470714, -69.205745 ], [ 77.433482, -69.185481 ], [ 77.429454, -69.166072 ], [ 77.438975, -69.148372 ], [ 77.478526, -69.103328 ], [ 77.654307, -69.110896 ], [ 77.684703, -69.099666 ], [ 77.654674, -69.091609 ], [ 77.66627, -69.087947 ], [ 77.650157, -69.083308 ], [ 77.671641, -69.061336 ] ] ] } },
{ "type": "Feature", "properties": { "type": "ice_shelf" }, "geometry": { "type": "Polygon", "coordinates": [ [ [ 78.516124, -68.623103 ], [ 78.458263, -68.650081 ], [ 78.571544, -68.654474 ], [ 78.626598, -68.670467 ], [ 78.669932, -68.698543 ], [ 78.444102, -68.719173 ], [ 78.350963, -68.75201 ], [ 78.117686, -68.764339 ], [ 78.11732, -68.75323 ], [ 78.088145, -68.738216 ], [ 77.876231, -68.719661 ], [ 77.860362, -68.714778 ], [ 77.831798, -68.687312 ], [ 77.870006, -68.672908 ], [ 78.414317, -68.641048 ], [ 78.516124, -68.623103 ] ] ] } },
{ "type": "Feature", "properties": { "type": "ice_shelf" }, "geometry": { "type": "Polygon", "coordinates": [ [ [ 90.747813, -66.695613 ], [ 90.711192, -66.708675 ], [ 90.673839, -66.705257 ], [ 90.618419, -66.718196 ], [ 90.544444, -66.744075 ], [ 90.49171, -66.742854 ], [ 90.398692, -66.819637 ], [ 90.372447, -66.820735 ], [ 90.335216, -66.801204 ], [ 90.276988, -66.801326 ], [ 90.209605, -66.780086 ], [ 90.111827, -66.770686 ], [ 90.31129, -66.736018 ], [ 90.289317, -66.753719 ], [ 90.333629, -66.76031 ], [ 90.399425, -66.757625 ], [ 90.455577, -66.745296 ], [ 90.47047, -66.723445 ], [ 90.609264, -66.687434 ], [ 90.747813, -66.695613 ] ] ] } },
{ "type": "Feature", "properties": { "type": "ice_shelf" }, "geometry": { "type": "Polygon", "coordinates": [ [ [ 93.755626, -66.555599 ], [ 93.839854, -66.553523 ], [ 93.90211, -66.587947 ], [ 94.042491, -66.64117 ], [ 94.166637, -66.669002 ], [ 94.120128, -66.678157 ], [ 94.095103, -66.712337 ], [ 93.997081, -66.73138 ], [ 93.948253, -66.734309 ], [ 93.969249, -66.720027 ], [ 93.961192, -66.704524 ], [ 93.915172, -66.685725 ], [ 93.887828, -66.686702 ], [ 93.739268, -66.747127 ], [ 93.700572, -66.706233 ], [ 93.691051, -66.682918 ], [ 93.705577, -66.668147 ], [ 93.68336, -66.651912 ], [ 93.711314, -66.632503 ], [ 93.731212, -66.604427 ], [ 93.66566, -66.591121 ], [ 93.746837, -66.580501 ], [ 93.730846, -66.567561 ], [ 93.755626, -66.555599 ] ] ] } },
{ "type": "Feature", "properties": { "type": "ice_shelf" }, "geometry": { "type": "Polygon", "coordinates": [ [ [ 86.140636, -66.309505 ], [ 86.208751, -66.323299 ], [ 86.305797, -66.306453 ], [ 86.436656, -66.313289 ], [ 86.585704, -66.361995 ], [ 86.661998, -66.363826 ], [ 86.674205, -66.368953 ], [ 86.686778, -66.393611 ], [ 86.712657, -66.39886 ], [ 86.823619, -66.386043 ], [ 87.342174, -66.432552 ], [ 87.54066, -66.484798 ], [ 87.866222, -66.541072 ], [ 88.212047, -66.54803 ], [ 88.332774, -66.569759 ], [ 88.394054, -66.603694 ], [ 88.479503, -66.616756 ], [ 88.486095, -66.634944 ], [ 88.600597, -66.682063 ], [ 88.533702, -66.704891 ], [ 88.549693, -66.716975 ], [ 88.634044, -66.727718 ], [ 88.666515, -66.748958 ], [ 88.702647, -66.752132 ], [ 88.757701, -66.787166 ], [ 88.610973, -66.796809 ], [ 88.441173, -66.841243 ], [ 88.334361, -66.846248 ], [ 88.251231, -66.859554 ], [ 88.230113, -66.853938 ], [ 88.20753, -66.799739 ], [ 88.163219, -66.777889 ], [ 87.965709, -66.77032 ], [ 87.81776, -66.824275 ], [ 87.698741, -66.823665 ], [ 87.582042, -66.842708 ], [ 87.47523, -66.87408 ], [ 87.108653, -66.933284 ], [ 87.013194, -66.965022 ], [ 86.91627, -67.011775 ], [ 86.69691, -67.063899 ], [ 86.643809, -67.058284 ], [ 86.558238, -67.028133 ], [ 86.235118, -67.048274 ], [ 86.122813, -67.037532 ], [ 86.067149, -67.04095 ], [ 86.01942, -67.069637 ], [ 85.92567, -67.094661 ], [ 85.880138, -67.137752 ], [ 85.778819, -67.162166 ], [ 85.697276, -67.165096 ], [ 85.616466, -67.188167 ], [ 85.487437, -67.171565 ], [ 85.442882, -67.18951 ], [ 85.418956, -67.190364 ], [ 85.311778, -67.168758 ], [ 85.167003, -67.159114 ], [ 85.094859, -67.126155 ], [ 85.015636, -67.128963 ], [ 85.070445, -67.088558 ], [ 84.962169, -67.076228 ], [ 84.59669, -67.112361 ], [ 84.438853, -67.116023 ], [ 84.305431, -67.181697 ], [ 84.249644, -67.224056 ], [ 84.101573, -67.261897 ], [ 83.724132, -67.313655 ], [ 83.676768, -67.329402 ], [ 83.623302, -67.383357 ], [ 83.584727, -67.39886 ], [ 83.416881, -67.428157 ], [ 83.386729, -67.44659 ], [ 83.382579, -67.479549 ], [ 83.430919, -67.545711 ], [ 83.501964, -67.565608 ], [ 83.581798, -67.570857 ], [ 83.656505, -67.593562 ], [ 83.615977, -67.638362 ], [ 83.472667, -67.657771 ], [ 83.388682, -67.644222 ], [ 83.295909, -67.596248 ], [ 83.215343, -67.579036 ], [ 83.160045, -67.588558 ], [ 83.10609, -67.610652 ], [ 82.995982, -67.609798 ], [ 82.90504, -67.636775 ], [ 82.87733, -67.635677 ], [ 82.807628, -67.603206 ], [ 82.781505, -67.598567 ], [ 82.670055, -67.609554 ], [ 82.586192, -67.60345 ], [ 82.423106, -67.658626 ], [ 82.396251, -67.672298 ], [ 82.361949, -67.704158 ], [ 82.312999, -67.700496 ], [ 82.278819, -67.710262 ], [ 82.23585, -67.689388 ], [ 82.121715, -67.669612 ], [ 82.059459, -67.671809 ], [ 81.930186, -67.709285 ], [ 81.876842, -67.70013 ], [ 81.568736, -67.773372 ], [ 81.509532, -67.773738 ], [ 81.355968, -67.802547 ], [ 81.380138, -67.776302 ], [ 81.351085, -67.721614 ], [ 81.319347, -67.698787 ], [ 81.376475, -67.6347 ], [ 81.401622, -67.626277 ], [ 81.356822, -67.575984 ], [ 81.347057, -67.551692 ], [ 81.361217, -67.520686 ], [ 81.343028, -67.507381 ], [ 81.545055, -67.466243 ], [ 81.669688, -67.380428 ], [ 81.768199, -67.357967 ], [ 81.70814, -67.330013 ], [ 81.693736, -67.308894 ], [ 81.716197, -67.300594 ], [ 82.028575, -67.26617 ], [ 82.115489, -67.228572 ], [ 82.169444, -67.218684 ], [ 82.326427, -67.212703 ], [ 82.617076, -67.249446 ], [ 82.837413, -67.230647 ], [ 82.998546, -67.206722 ], [ 83.194347, -67.162532 ], [ 83.317882, -67.148128 ], [ 83.402354, -67.170223 ], [ 83.481334, -67.165096 ], [ 83.496959, -67.158504 ], [ 83.530284, -67.113094 ], [ 83.582408, -67.12115 ], [ 83.576793, -67.098445 ], [ 83.558971, -67.083308 ], [ 83.803111, -67.021541 ], [ 84.498424, -66.966975 ], [ 84.498057, -66.945857 ], [ 84.468761, -66.938045 ], [ 84.503184, -66.924983 ], [ 84.427257, -66.933162 ], [ 84.334117, -66.926814 ], [ 84.29127, -66.906795 ], [ 84.163341, -66.902889 ], [ 84.187999, -66.894954 ], [ 84.118419, -66.901058 ], [ 84.124766, -66.883724 ], [ 84.117198, -66.856868 ], [ 84.138438, -66.84637 ], [ 84.07545, -66.805599 ], [ 84.005382, -66.791438 ], [ 83.956554, -66.797542 ], [ 84.004161, -66.756282 ], [ 83.960094, -66.711116 ], [ 84.019786, -66.698177 ], [ 84.008067, -66.688655 ], [ 84.080089, -66.667049 ], [ 84.38087, -66.639461 ], [ 84.553477, -66.570003 ], [ 84.759898, -66.572322 ], [ 84.862804, -66.60406 ], [ 84.95045, -66.618343 ], [ 85.02357, -66.670223 ], [ 85.072887, -66.654353 ], [ 85.080333, -66.633113 ], [ 85.073253, -66.615291 ], [ 85.11439, -66.63531 ], [ 85.201182, -66.646785 ], [ 85.28651, -66.637752 ], [ 85.34254, -66.604793 ], [ 85.202403, -66.56805 ], [ 85.168956, -66.524593 ], [ 85.136729, -66.518123 ], [ 85.189708, -66.489436 ], [ 85.389415, -66.429012 ], [ 85.48585, -66.431575 ], [ 85.686656, -66.392757 ], [ 85.786876, -66.34283 ], [ 85.833751, -66.328548 ], [ 86.034801, -66.302425 ], [ 86.140636, -66.309505 ] ], [ [ 86.53651, -66.669124 ], [ 86.332286, -66.678157 ], [ 86.259532, -66.70428 ], [ 86.230479, -66.730403 ], [ 86.237682, -66.744685 ], [ 86.314952, -66.786311 ], [ 86.403209, -66.795955 ], [ 86.497203, -66.784724 ], [ 86.675792, -66.719661 ], [ 86.580821, -66.717952 ], [ 86.538707, -66.695125 ], [ 86.531749, -66.678035 ], [ 86.53651, -66.669124 ] ], [ [ 85.483653, -66.721004 ], [ 85.307628, -66.723689 ], [ 85.275401, -66.737727 ], [ 85.258678, -66.76617 ], [ 85.306895, -66.83221 ], [ 85.374766, -66.877254 ], [ 85.618907, -66.940486 ], [ 85.641246, -66.939388 ], [ 85.589854, -66.981746 ], [ 85.613048, -66.986629 ], [ 85.787364, -66.968929 ], [ 85.927379, -66.910823 ], [ 85.941173, -66.889949 ], [ 85.836925, -66.793758 ], [ 85.769908, -66.7597 ], [ 85.483653, -66.721004 ] ] ] } },
{ "type": "Feature", "properties": { "type": "ice_shelf" }, "geometry": { "type": "Polygon", "coordinates": [ [ [ 127.387218, -66.615169 ], [ 127.399181, -66.672542 ], [ 127.412364, -66.696956 ], [ 127.43336, -66.714534 ], [ 127.485606, -66.73553 ], [ 127.594737, -66.755428 ], [ 127.605113, -66.778865 ], [ 127.67689, -66.828182 ], [ 127.651622, -66.871394 ], [ 127.657237, -66.905574 ], [ 127.63795, -66.92242 ], [ 127.669688, -66.930232 ], [ 127.720958, -66.919368 ], [ 127.81544, -66.933162 ], [ 127.832408, -66.94073 ], [ 127.859874, -66.985286 ], [ 127.911388, -67.0274 ], [ 127.836436, -67.021175 ], [ 127.694469, -67.056697 ], [ 127.615489, -67.049007 ], [ 127.432506, -67.070491 ], [ 127.401134, -67.067561 ], [ 127.360973, -67.04388 ], [ 127.36732, -66.998348 ], [ 127.334239, -66.981624 ], [ 127.363658, -66.931087 ], [ 127.184581, -66.98846 ], [ 127.154552, -67.02032 ], [ 127.156993, -67.068172 ], [ 127.149425, -67.080867 ], [ 127.112315, -67.124446 ], [ 127.081554, -67.135433 ], [ 127.064708, -67.12469 ], [ 127.071544, -67.073421 ], [ 127.045177, -67.05743 ], [ 127.044444, -67.049983 ], [ 127.056651, -67.028743 ], [ 127.058726, -66.983333 ], [ 127.082896, -66.956355 ], [ 126.998668, -66.932796 ], [ 127.035655, -66.895076 ], [ 127.062755, -66.848689 ], [ 126.968272, -66.80804 ], [ 126.68214, -66.845393 ], [ 126.66566, -66.831966 ], [ 126.664561, -66.816707 ], [ 126.680553, -66.756892 ], [ 126.714976, -66.739192 ], [ 126.796764, -66.715755 ], [ 126.819347, -66.691341 ], [ 126.76588, -66.6524 ], [ 126.704112, -66.641292 ], [ 126.569469, -66.665828 ], [ 126.618419, -66.619563 ], [ 126.718883, -66.59283 ], [ 126.739513, -66.576961 ], [ 126.751231, -66.554378 ], [ 126.748668, -66.522029 ], [ 126.766612, -66.502742 ], [ 126.822032, -66.486263 ], [ 126.852306, -66.451839 ], [ 126.881969, -66.478694 ], [ 126.955211, -66.510677 ], [ 127.0796, -66.520198 ], [ 127.219005, -66.560359 ], [ 127.369762, -66.577327 ], [ 127.360606, -66.587093 ], [ 127.387218, -66.615169 ] ] ] } },
{ "type": "Feature", "properties": { "type": "ice_shelf" }, "geometry": { "type": "Polygon", "coordinates": [ [ [ 129.575816, -66.750179 ], [ 129.512706, -66.790706 ], [ 129.504039, -66.782527 ], [ 129.495738, -66.743465 ], [ 129.472789, -66.72906 ], [ 129.472545, -66.717342 ], [ 129.549693, -66.718807 ], [ 129.584727, -66.729183 ], [ 129.575816, -66.750179 ] ] ] } },
{ "type": "Feature", "properties": { "type": "ice_shelf" }, "geometry": { "type": "Polygon", "coordinates": [ [ [ 134.714854, -66.021663 ], [ 134.792857, -66.080013 ], [ 134.838145, -66.09576 ], [ 134.93629, -66.101375 ], [ 134.993907, -66.076106 ], [ 135.028697, -66.090511 ], [ 135.078868, -66.094783 ], [ 135.258067, -66.086849 ], [ 135.339976, -66.102596 ], [ 135.302379, -66.162654 ], [ 135.297618, -66.215755 ], [ 135.228404, -66.247249 ], [ 135.166515, -66.261287 ], [ 135.178599, -66.274715 ], [ 135.178599, -66.331477 ], [ 135.035533, -66.364681 ], [ 135.010631, -66.365413 ], [ 134.95753, -66.343318 ], [ 134.935924, -66.341731 ], [ 134.873668, -66.35699 ], [ 134.739268, -66.367244 ], [ 134.766734, -66.337703 ], [ 134.420665, -66.496516 ], [ 134.350108, -66.519954 ], [ 134.298961, -66.517391 ], [ 134.339, -66.483089 ], [ 134.164073, -66.512752 ], [ 134.109386, -66.504573 ], [ 134.229869, -66.441951 ], [ 134.261241, -66.412898 ], [ 134.346202, -66.367 ], [ 134.420543, -66.343196 ], [ 134.438853, -66.329158 ], [ 134.426524, -66.31158 ], [ 134.403575, -66.305232 ], [ 134.290904, -66.319026 ], [ 134.271495, -66.306209 ], [ 134.25941, -66.279598 ], [ 134.191051, -66.279475 ], [ 134.148936, -66.237239 ], [ 134.121593, -66.226131 ], [ 134.202159, -66.211482 ], [ 134.36085, -66.120296 ], [ 134.515514, -66.087337 ], [ 134.502696, -66.055354 ], [ 134.560802, -66.059749 ], [ 134.585826, -66.025081 ], [ 134.623546, -65.996761 ], [ 134.670421, -66.000423 ], [ 134.714854, -66.021663 ] ] ] } },
{ "type": "Feature", "properties": { "type": "ice_shelf" }, "geometry": { "type": "Polygon", "coordinates": [ [ [ 130.487926, -66.152034 ], [ 130.529918, -66.166316 ], [ 130.584605, -66.154964 ], [ 130.700816, -66.151424 ], [ 130.604015, -66.197078 ], [ 130.562999, -66.261653 ], [ 130.529918, -66.241634 ], [ 130.462291, -66.25201 ], [ 130.34254, -66.295345 ], [ 130.348399, -66.265682 ], [ 130.291759, -66.279964 ], [ 130.236095, -66.260677 ], [ 130.102672, -66.27679 ], [ 130.064342, -66.294002 ], [ 130.035167, -66.330989 ], [ 130.008922, -66.346248 ], [ 129.925548, -66.350887 ], [ 129.95753, -66.31805 ], [ 129.949718, -66.296321 ], [ 129.957408, -66.279231 ], [ 130.213145, -66.236995 ], [ 130.229381, -66.228572 ], [ 130.236339, -66.211238 ], [ 130.322154, -66.184993 ], [ 130.295299, -66.165096 ], [ 130.264415, -66.164363 ], [ 130.289317, -66.140193 ], [ 130.346568, -66.124324 ], [ 130.40858, -66.118221 ], [ 130.448497, -66.123348 ], [ 130.487926, -66.152034 ] ] ] } },
{ "type": "Feature", "properties": { "type": "ice_shelf" }, "geometry": { "type": "Polygon", "coordinates": [ [ [ 116.875011, -66.966853 ], [ 116.875011, -66.806575 ], [ 116.911632, -66.802669 ], [ 117.063731, -66.837337 ], [ 117.165904, -66.870906 ], [ 117.193858, -66.89532 ], [ 117.249156, -66.909114 ], [ 117.305675, -66.942561 ], [ 117.354625, -66.955257 ], [ 117.383678, -66.983943 ], [ 117.415782, -66.996394 ], [ 117.464122, -66.989314 ], [ 117.60377, -67.001521 ], [ 117.746349, -66.977107 ], [ 118.074718, -66.965511 ], [ 118.146251, -66.983577 ], [ 118.219981, -66.977596 ], [ 118.282481, -66.984554 ], [ 118.391856, -66.955867 ], [ 118.54713, -66.93597 ], [ 118.621471, -66.941341 ], [ 118.690684, -66.93365 ], [ 118.730235, -66.950496 ], [ 118.820445, -66.947688 ], [ 118.920909, -66.970149 ], [ 119.352306, -66.965999 ], [ 119.418834, -66.954646 ], [ 119.499766, -66.984554 ], [ 119.719615, -66.935725 ], [ 119.839732, -66.939388 ], [ 119.952403, -66.927303 ], [ 120.006114, -66.911556 ], [ 120.107188, -66.924007 ], [ 120.21693, -66.900935 ], [ 120.238048, -66.878108 ], [ 120.279552, -66.870418 ], [ 120.446666, -66.866023 ], [ 120.490245, -66.867488 ], [ 120.507579, -66.881404 ], [ 120.535533, -66.883113 ], [ 120.515025, -66.894954 ], [ 120.478526, -66.935115 ], [ 120.479991, -66.95013 ], [ 120.492442, -66.962337 ], [ 120.531993, -66.969051 ], [ 120.866344, -66.886775 ], [ 120.829967, -66.889827 ], [ 120.850719, -66.861873 ], [ 120.871104, -66.851009 ], [ 120.937755, -66.85699 ], [ 121.023204, -66.848445 ], [ 121.109752, -66.828792 ], [ 121.168346, -66.805965 ], [ 121.195201, -66.786433 ], [ 121.192882, -66.778865 ], [ 121.174571, -66.778987 ], [ 121.193736, -66.758601 ], [ 121.180797, -66.743953 ], [ 121.139293, -66.724056 ], [ 121.152232, -66.70135 ], [ 121.141612, -66.692439 ], [ 121.165538, -66.681087 ], [ 121.226451, -66.673641 ], [ 121.253673, -66.65887 ], [ 121.231456, -66.642268 ], [ 121.42921, -66.653377 ], [ 121.525401, -66.646419 ], [ 121.625377, -66.623836 ], [ 121.776134, -66.565974 ], [ 121.96693, -66.542049 ], [ 122.101573, -66.542049 ], [ 122.18922, -66.566707 ], [ 122.243419, -66.598567 ], [ 122.336925, -66.608333 ], [ 122.400401, -66.638973 ], [ 122.522838, -66.743953 ], [ 122.573741, -66.737239 ], [ 122.608165, -66.76031 ], [ 122.60731, -66.775325 ], [ 122.558482, -66.789485 ], [ 122.56898, -66.795833 ], [ 122.559337, -66.802303 ], [ 122.573985, -66.810481 ], [ 122.520518, -66.810848 ], [ 122.436534, -66.832088 ], [ 122.244395, -66.845027 ], [ 122.188487, -66.855037 ], [ 122.082042, -66.891902 ], [ 121.937755, -66.917537 ], [ 121.80189, -66.975276 ], [ 121.814952, -66.992366 ], [ 121.852306, -66.994563 ], [ 121.864268, -67.018733 ], [ 121.820079, -67.02386 ], [ 121.796886, -67.007991 ], [ 121.768687, -67.006648 ], [ 121.775401, -67.029842 ], [ 121.701305, -67.051326 ], [ 121.663097, -67.050472 ], [ 121.515269, -67.093074 ], [ 121.404796, -67.088313 ], [ 121.03773, -67.142024 ], [ 120.920665, -67.131526 ], [ 120.499278, -67.233089 ], [ 119.931895, -67.291438 ], [ 119.802501, -67.323421 ], [ 119.727428, -67.316951 ], [ 119.443492, -67.364436 ], [ 119.296153, -67.35992 ], [ 119.16505, -67.395442 ], [ 119.128795, -67.382137 ], [ 119.10316, -67.382869 ], [ 119.022227, -67.4118 ], [ 118.956676, -67.42242 ], [ 118.890636, -67.419734 ], [ 118.962535, -67.380428 ], [ 118.891978, -67.372615 ], [ 118.902843, -67.352596 ], [ 118.813731, -67.351985 ], [ 118.768932, -67.313899 ], [ 118.789561, -67.289363 ], [ 118.732188, -67.278865 ], [ 120.341319, -67.012386 ], [ 120.445933, -66.977718 ], [ 120.401622, -66.945003 ], [ 120.351695, -66.934871 ], [ 120.017955, -66.99261 ], [ 119.961681, -67.01324 ], [ 119.672008, -67.047054 ], [ 119.598277, -67.077083 ], [ 119.438365, -67.095271 ], [ 119.32838, -67.12762 ], [ 119.266734, -67.129695 ], [ 119.181529, -67.113948 ], [ 119.149791, -67.11639 ], [ 118.889171, -67.160335 ], [ 118.880382, -67.162532 ], [ 118.881236, -67.183894 ], [ 118.855235, -67.18719 ], [ 118.779796, -67.166072 ], [ 118.679088, -67.1795 ], [ 118.604869, -67.163142 ], [ 118.502818, -67.169978 ], [ 118.459972, -67.184261 ], [ 118.424449, -67.158382 ], [ 118.29005, -67.181575 ], [ 118.282359, -67.155208 ], [ 118.253184, -67.147762 ], [ 118.380748, -67.090144 ], [ 118.428233, -67.031795 ], [ 118.368053, -67.046443 ], [ 117.914317, -67.083064 ], [ 117.714244, -67.171932 ], [ 117.686534, -67.16534 ], [ 117.668346, -67.136165 ], [ 117.645152, -67.124446 ], [ 117.587291, -67.114803 ], [ 117.544932, -67.083308 ], [ 117.462413, -67.107845 ], [ 117.295299, -67.106868 ], [ 117.155528, -67.131648 ], [ 117.091075, -67.130794 ], [ 116.993419, -67.145564 ], [ 116.883067, -67.136897 ], [ 116.85377, -67.122737 ], [ 116.862437, -67.101497 ], [ 116.903209, -67.061824 ], [ 116.941905, -66.976009 ], [ 116.942882, -66.948177 ], [ 116.875011, -66.966853 ] ] ] } },
{ "type": "Feature", "properties": { "type": "ice_shelf" }, "geometry": { "type": "Polygon", "coordinates": [ [ [ 116.875011, -66.806575 ], [ 116.875011, -66.966853 ], [ 116.796886, -66.98846 ], [ 116.692515, -67.044002 ], [ 116.585338, -67.080623 ], [ 116.500011, -67.124446 ], [ 116.333385, -67.149226 ], [ 116.253062, -67.10052 ], [ 116.232555, -67.096126 ], [ 116.21461, -67.104305 ], [ 116.180308, -67.149715 ], [ 116.156993, -67.165218 ], [ 116.129527, -67.169612 ], [ 116.077281, -67.150691 ], [ 116.013805, -67.144466 ], [ 115.997447, -67.156184 ], [ 115.983897, -67.186092 ], [ 115.965465, -67.199275 ], [ 115.847545, -67.225032 ], [ 115.819591, -67.221248 ], [ 115.799693, -67.181209 ], [ 115.671886, -67.209529 ], [ 115.588878, -67.21136 ], [ 115.528453, -67.223811 ], [ 115.337901, -67.219539 ], [ 115.286876, -67.233455 ], [ 115.240977, -67.258235 ], [ 115.207896, -67.29095 ], [ 115.254161, -67.313045 ], [ 115.212169, -67.325984 ], [ 115.063975, -67.328304 ], [ 114.812022, -67.367122 ], [ 114.790782, -67.375301 ], [ 114.775523, -67.397029 ], [ 114.668956, -67.424251 ], [ 114.625743, -67.427547 ], [ 114.582652, -67.416194 ], [ 114.670055, -67.343562 ], [ 114.031505, -67.47845 ], [ 113.900035, -67.490413 ], [ 113.812266, -67.483699 ], [ 113.704356, -67.500179 ], [ 113.66627, -67.481624 ], [ 113.646495, -67.483577 ], [ 113.646739, -67.46429 ], [ 113.659923, -67.451961 ], [ 113.698497, -67.437923 ], [ 113.742686, -67.404353 ], [ 113.835948, -67.378963 ], [ 113.868419, -67.362239 ], [ 113.884898, -67.330013 ], [ 113.816417, -67.318294 ], [ 113.905284, -67.283382 ], [ 114.004527, -67.202693 ], [ 114.030162, -67.190852 ], [ 114.39796, -67.122493 ], [ 114.482066, -67.130916 ], [ 114.598155, -67.117366 ], [ 114.765391, -67.071834 ], [ 115.160289, -67.054012 ], [ 115.38734, -67.003841 ], [ 115.597423, -66.91949 ], [ 115.694102, -66.860896 ], [ 115.780772, -66.788265 ], [ 115.742442, -66.746639 ], [ 115.709117, -66.731868 ], [ 115.708263, -66.705623 ], [ 115.668956, -66.673518 ], [ 115.681407, -66.644099 ], [ 115.725719, -66.653865 ], [ 115.792857, -66.609554 ], [ 115.904185, -66.556941 ], [ 116.007457, -66.553401 ], [ 116.145396, -66.584163 ], [ 116.252818, -66.56158 ], [ 116.354137, -66.583186 ], [ 116.3838, -66.600032 ], [ 116.386363, -66.622615 ], [ 116.521861, -66.652889 ], [ 116.625865, -66.724422 ], [ 116.671641, -66.734432 ], [ 116.609386, -66.762874 ], [ 116.605479, -66.781062 ], [ 116.621593, -66.796321 ], [ 116.773448, -66.821956 ], [ 116.875011, -66.806575 ] ] ] } },
{ "type": "Feature", "properties": { "type": "ice_shelf" }, "geometry": { "type": "Polygon", "coordinates": [ [ [ 136.663707, -66.392391 ], [ 136.636485, -66.456477 ], [ 136.731944, -66.477351 ], [ 136.706187, -66.512874 ], [ 136.671641, -66.540584 ], [ 136.639049, -66.529598 ], [ 136.580943, -66.473323 ], [ 136.567149, -66.435481 ], [ 136.54835, -66.41302 ], [ 136.598155, -66.414607 ], [ 136.663707, -66.392391 ] ] ] } },
{ "type": "Feature", "properties": { "type": "ice_shelf" }, "geometry": { "type": "Polygon", "coordinates": [ [ [ 135.774669, -66.148982 ], [ 135.798839, -66.190364 ], [ 135.914806, -66.207452 ], [ 135.950084, -66.226741 ], [ 136.028087, -66.251521 ], [ 135.980724, -66.261043 ], [ 135.927135, -66.257015 ], [ 135.840953, -66.279231 ], [ 135.808849, -66.267635 ], [ 135.756358, -66.275935 ], [ 135.66627, -66.354305 ], [ 135.629649, -66.347469 ], [ 135.649669, -66.300716 ], [ 135.647349, -66.278133 ], [ 135.568126, -66.189998 ], [ 135.544932, -66.180232 ], [ 135.521495, -66.157283 ], [ 135.612559, -66.159114 ], [ 135.763805, -66.144222 ], [ 135.774669, -66.148982 ] ] ] } },
{ "type": "Feature", "properties": { "type": "ice_shelf" }, "geometry": { "type": "Polygon", "coordinates": [ [ [ 138.248668, -66.493221 ], [ 138.253795, -66.520564 ], [ 138.284679, -66.525325 ], [ 138.35377, -66.515804 ], [ 138.347667, -66.537776 ], [ 138.299327, -66.553157 ], [ 138.22108, -66.600765 ], [ 138.133311, -66.623958 ], [ 138.184337, -66.538387 ], [ 138.162974, -66.525325 ], [ 138.143809, -66.500301 ], [ 138.248668, -66.493221 ] ] ] } },
{ "type": "Feature", "properties": { "type": "ice_shelf" }, "geometry": { "type": "Polygon", "coordinates": [ [ [ 126.239879, -66.241634 ], [ 126.420665, -66.260431 ], [ 126.445323, -66.27386 ], [ 126.446666, -66.282893 ], [ 126.42335, -66.308528 ], [ 126.435069, -66.327693 ], [ 126.436534, -66.355281 ], [ 126.403087, -66.372005 ], [ 126.399913, -66.388973 ], [ 126.408702, -66.46783 ], [ 126.402354, -66.526912 ], [ 126.392589, -66.552669 ], [ 126.372325, -66.56158 ], [ 126.29127, -66.49908 ], [ 126.332774, -66.488216 ], [ 126.32838, -66.469905 ], [ 126.297252, -66.453548 ], [ 126.258556, -66.448177 ], [ 126.215221, -66.453426 ], [ 126.175914, -66.470027 ], [ 126.116344, -66.439021 ], [ 126.093883, -66.361018 ], [ 126.067638, -66.3399 ], [ 126.003062, -66.331111 ], [ 125.950084, -66.303767 ], [ 126.009044, -66.288631 ], [ 126.094981, -66.279475 ], [ 126.185313, -66.246883 ], [ 126.239879, -66.241634 ] ] ] } },
{ "type": "Feature", "properties": { "type": "ice_shelf" }, "geometry": { "type": "Polygon", "coordinates": [ [ [ 124.841807, -66.506648 ], [ 124.866954, -66.512506 ], [ 124.884898, -66.532161 ], [ 124.890636, -66.557552 ], [ 124.878673, -66.580623 ], [ 124.837657, -66.608333 ], [ 124.791759, -66.626155 ], [ 124.691783, -66.639461 ], [ 124.792857, -66.657039 ], [ 124.822398, -66.673518 ], [ 124.810557, -66.682185 ], [ 124.829234, -66.697444 ], [ 124.805919, -66.72784 ], [ 124.779552, -66.741145 ], [ 124.671153, -66.765682 ], [ 124.622813, -66.756404 ], [ 124.597179, -66.727229 ], [ 124.456676, -66.739925 ], [ 124.471446, -66.71722 ], [ 124.413585, -66.712337 ], [ 124.340221, -66.71783 ], [ 124.369273, -66.685359 ], [ 124.371226, -66.658382 ], [ 124.284068, -66.636409 ], [ 124.261241, -66.623225 ], [ 124.260509, -66.595027 ], [ 124.103526, -66.58868 ], [ 124.036632, -66.614314 ], [ 124.019542, -66.613216 ], [ 124.048717, -66.598689 ], [ 124.015147, -66.588802 ], [ 123.992076, -66.593562 ], [ 124.010753, -66.560237 ], [ 124.045421, -66.543758 ], [ 124.281383, -66.53448 ], [ 124.320689, -66.515804 ], [ 124.437999, -66.532527 ], [ 124.50294, -66.552058 ], [ 124.689952, -66.542903 ], [ 124.841807, -66.506648 ] ] ] } },
{ "type": "Feature", "properties": { "type": "ice_shelf" }, "geometry": { "type": "Polygon", "coordinates": [ [ [ 128.707286, -67.009212 ], [ 128.723765, -67.029353 ], [ 128.754405, -67.035823 ], [ 128.733043, -67.059139 ], [ 128.724254, -67.089046 ], [ 128.707408, -67.108333 ], [ 128.682994, -67.118709 ], [ 128.625011, -67.123225 ], [ 128.520518, -67.145808 ], [ 128.382213, -67.117976 ], [ 128.357066, -67.078426 ], [ 128.330943, -67.071834 ], [ 128.295909, -67.074275 ], [ 128.206676, -67.10052 ], [ 128.164073, -67.101253 ], [ 128.109386, -67.083186 ], [ 128.081798, -67.026058 ], [ 128.431407, -67.030452 ], [ 128.716807, -66.991023 ], [ 128.707286, -67.009212 ] ] ] } },
{ "type": "Feature", "properties": { "type": "ice_shelf" }, "geometry": { "type": "Polygon", "coordinates": [ [ [ 129.384776, -66.877864 ], [ 129.436412, -66.927669 ], [ 129.444469, -66.959285 ], [ 129.272838, -67.007381 ], [ 129.222179, -67.050349 ], [ 129.211314, -67.092586 ], [ 129.09962, -67.167903 ], [ 129.064586, -67.174373 ], [ 129.036876, -67.155574 ], [ 129.012828, -67.111751 ], [ 128.803722, -67.031429 ], [ 128.903331, -66.969051 ], [ 129.156016, -66.937557 ], [ 129.392223, -66.859798 ], [ 129.384776, -66.877864 ] ] ] } },
{ "type": "Feature", "properties": { "type": "ice_shelf" }, "geometry": { "type": "Polygon", "coordinates": [ [ [ 76.986705, -69.259578 ], [ 76.944835, -69.278621 ], [ 76.891124, -69.27264 ], [ 76.893932, -69.237972 ], [ 76.901256, -69.229671 ], [ 76.98939, -69.219661 ], [ 76.961192, -69.239314 ], [ 76.986705, -69.259578 ] ] ] } },
{ "type": "Feature", "properties": { "type": "ice_shelf" }, "geometry": { "type": "Polygon", "coordinates": [ [ [ 126.77357, -66.401912 ], [ 126.823497, -66.443538 ], [ 126.750011, -66.434627 ], [ 126.703868, -66.445735 ], [ 126.684581, -66.44305 ], [ 126.667491, -66.422176 ], [ 126.732921, -66.394344 ], [ 126.77357, -66.401912 ] ] ] } },
{ "type": "Feature", "properties": { "type": "ice_shelf" }, "geometry": { "type": "Polygon", "coordinates": [ [ [ 59.640148, -67.461115 ], [ 59.65504, -67.510799 ], [ 59.594981, -67.523372 ], [ 59.526134, -67.514705 ], [ 59.509166, -67.524471 ], [ 59.593394, -67.594295 ], [ 59.548473, -67.605159 ], [ 59.51295, -67.60638 ], [ 59.480479, -67.594661 ], [ 59.411754, -67.544246 ], [ 59.264903, -67.484432 ], [ 59.208995, -67.498103 ], [ 59.061656, -67.508479 ], [ 59.02943, -67.490413 ], [ 58.98585, -67.487361 ], [ 59.030162, -67.471614 ], [ 59.116466, -67.459041 ], [ 59.128795, -67.44659 ], [ 59.127452, -67.430232 ], [ 59.163219, -67.409236 ], [ 59.120128, -67.398006 ], [ 59.128184, -67.371394 ], [ 59.227183, -67.35052 ], [ 59.273936, -67.357234 ], [ 59.255748, -67.37115 ], [ 59.382091, -67.371761 ], [ 59.406993, -67.383724 ], [ 59.437999, -67.373225 ], [ 59.472789, -67.376033 ], [ 59.503429, -67.392757 ], [ 59.486217, -67.40179 ], [ 59.519054, -67.406551 ], [ 59.52296, -67.422542 ], [ 59.548839, -67.445125 ], [ 59.599864, -67.43243 ], [ 59.629161, -67.44427 ], [ 59.644664, -67.441463 ], [ 59.640148, -67.461115 ] ] ] } },
{ "type": "Feature", "properties": { "type": "ice_shelf" }, "geometry": { "type": "Polygon", "coordinates": [ [ [ 45.722911, -67.743831 ], [ 45.750621, -67.76031 ], [ 45.659801, -67.817439 ], [ 45.582774, -67.824397 ], [ 45.544932, -67.817683 ], [ 45.516978, -67.797908 ], [ 45.557506, -67.779964 ], [ 45.583873, -67.747249 ], [ 45.649058, -67.758235 ], [ 45.722911, -67.743831 ] ] ] } },
{ "type": "Feature", "properties": { "type": "ice_shelf" }, "geometry": { "type": "Polygon", "coordinates": [ [ [ 45.208263, -67.724666 ], [ 45.131602, -67.747127 ], [ 45.020885, -67.731622 ], [ 45.131114, -67.71844 ], [ 45.208263, -67.724666 ] ] ] } },
{ "type": "Feature", "properties": { "type": "ice_shelf" }, "geometry": { "type": "Polygon", "coordinates": [ [ [ 46.346568, -67.567928 ], [ 46.590587, -67.57867 ], [ 46.622691, -67.590022 ], [ 46.612071, -67.612117 ], [ 46.406016, -67.619441 ], [ 46.392955, -67.632625 ], [ 46.385265, -67.658992 ], [ 46.388438, -67.679256 ], [ 46.433604, -67.729549 ], [ 46.401622, -67.745418 ], [ 46.370738, -67.743465 ], [ 46.308482, -67.715022 ], [ 46.245372, -67.663753 ], [ 46.22523, -67.656184 ], [ 46.254161, -67.650569 ], [ 46.380504, -67.595638 ], [ 46.346568, -67.567928 ] ] ] } },
{ "type": "Feature", "properties": { "type": "ice_shelf" }, "geometry": { "type": "Polygon", "coordinates": [ [ [ 44.618054, -67.860407 ], [ 44.781139, -67.933162 ], [ 44.828624, -67.965999 ], [ 44.803233, -67.976497 ], [ 44.714366, -67.976131 ], [ 44.629893, -68.009456 ], [ 44.600719, -68.003352 ], [ 44.531261, -67.96722 ], [ 44.658824, -67.963191 ], [ 44.499156, -67.908504 ], [ 44.512096, -67.894588 ], [ 44.489268, -67.885799 ], [ 44.564708, -67.869319 ], [ 44.643932, -67.830623 ], [ 44.618054, -67.860407 ] ] ] } },
{ "type": "Feature", "properties": { "type": "ice_shelf" }, "geometry": { "type": "Polygon", "coordinates": [ [ [ 47.465099, -67.428035 ], [ 47.520396, -67.496028 ], [ 47.563609, -67.521175 ], [ 47.517467, -67.527156 ], [ 47.484874, -67.540706 ], [ 47.460094, -67.559016 ], [ 47.411265, -67.621761 ], [ 47.469371, -67.637386 ], [ 47.532481, -67.64178 ], [ 47.791637, -67.619685 ], [ 47.91273, -67.58929 ], [ 47.951793, -67.614192 ], [ 47.979747, -67.621394 ], [ 48.114268, -67.625301 ], [ 48.129161, -67.622981 ], [ 48.159434, -67.596126 ], [ 48.185069, -67.586971 ], [ 48.301524, -67.566097 ], [ 48.389293, -67.577693 ], [ 48.375743, -67.570125 ], [ 48.387096, -67.564266 ], [ 48.452403, -67.576473 ], [ 48.482066, -67.554256 ], [ 48.55836, -67.533504 ], [ 48.57191, -67.523006 ], [ 48.599742, -67.601497 ], [ 48.647472, -67.645442 ], [ 48.718272, -67.681941 ], [ 48.724742, -67.703792 ], [ 48.708873, -67.751155 ], [ 48.650157, -67.841609 ], [ 48.572887, -67.911678 ], [ 48.523936, -67.941707 ], [ 48.431895, -67.980769 ], [ 48.382701, -68.023372 ], [ 48.274791, -68.025569 ], [ 48.2494, -68.020931 ], [ 48.230235, -68.005061 ], [ 48.217418, -67.962947 ], [ 48.197276, -67.952815 ], [ 48.227794, -67.933284 ], [ 48.171153, -67.88885 ], [ 48.39149, -67.758724 ], [ 48.445201, -67.747615 ], [ 48.4546, -67.730159 ], [ 48.381114, -67.729427 ], [ 48.309703, -67.718562 ], [ 48.168224, -67.658138 ], [ 48.133189, -67.652644 ], [ 47.911388, -67.648982 ], [ 47.875133, -67.655208 ], [ 47.646861, -67.747493 ], [ 47.559337, -67.768123 ], [ 47.545665, -67.784358 ], [ 47.482677, -67.793514 ], [ 47.358653, -67.773128 ], [ 47.322887, -67.762019 ], [ 47.306895, -67.743465 ], [ 47.569957, -67.710262 ], [ 47.610728, -67.691951 ], [ 47.63441, -67.660335 ], [ 47.264903, -67.650691 ], [ 47.170665, -67.694026 ], [ 47.132091, -67.705501 ], [ 47.093761, -67.705135 ], [ 47.059093, -67.684993 ], [ 47.128307, -67.679988 ], [ 47.194835, -67.658748 ], [ 47.095714, -67.657039 ], [ 47.115977, -67.629207 ], [ 47.139293, -67.615413 ], [ 47.232677, -67.611263 ], [ 47.305186, -67.583797 ], [ 47.327159, -67.566585 ], [ 47.228892, -67.546443 ], [ 47.128062, -67.544368 ], [ 46.977794, -67.579768 ], [ 46.930308, -67.581599 ], [ 46.938975, -67.563411 ], [ 46.981334, -67.538631 ], [ 46.95753, -67.514705 ], [ 46.919566, -67.506526 ], [ 47.202403, -67.462703 ], [ 47.262828, -67.466487 ], [ 47.327159, -67.433894 ], [ 47.441051, -67.40948 ], [ 47.465099, -67.428035 ] ] ] } },
{ "type": "Feature", "properties": { "type": "ice_shelf" }, "geometry": { "type": "Polygon", "coordinates": [ [ [ 47.654918, -67.51678 ], [ 47.746349, -67.553035 ], [ 47.783336, -67.543025 ], [ 47.838145, -67.557552 ], [ 47.771007, -67.582088 ], [ 47.697642, -67.59344 ], [ 47.492931, -67.572688 ], [ 47.557628, -67.556453 ], [ 47.593272, -67.540828 ], [ 47.604991, -67.523982 ], [ 47.654918, -67.51678 ] ] ] } },
{ "type": "Feature", "properties": { "type": "ice_shelf" }, "geometry": { "type": "Polygon", "coordinates": [ [ [ 42.542736, -68.264948 ], [ 42.552379, -68.278987 ], [ 42.580455, -68.285579 ], [ 42.523204, -68.336238 ], [ 42.536143, -68.379573 ], [ 42.254161, -68.381404 ], [ 42.257091, -68.368099 ], [ 42.296764, -68.361263 ], [ 42.330943, -68.340266 ], [ 42.318004, -68.325252 ], [ 42.427501, -68.316341 ], [ 42.441295, -68.290218 ], [ 42.481456, -68.250057 ], [ 42.525279, -68.251155 ], [ 42.539806, -68.22906 ], [ 42.565318, -68.219173 ], [ 42.542736, -68.264948 ] ] ] } },
{ "type": "Feature", "properties": { "type": "ice_shelf" }, "geometry": { "type": "Polygon", "coordinates": [ [ [ 16.125011, -70.073543 ], [ 16.125011, -70.17303 ], [ 15.962535, -70.189632 ], [ 15.90504, -70.216365 ], [ 15.851817, -70.269222 ], [ 15.845348, -70.293269 ], [ 15.862682, -70.324153 ], [ 15.857066, -70.353572 ], [ 15.826915, -70.37762 ], [ 15.766978, -70.378352 ], [ 15.702525, -70.365047 ], [ 15.63087, -70.333797 ], [ 15.534801, -70.337703 ], [ 15.144908, -70.310237 ], [ 15.036998, -70.29095 ], [ 14.89796, -70.298763 ], [ 14.865123, -70.32281 ], [ 14.78004, -70.329891 ], [ 14.683116, -70.303767 ], [ 14.618663, -70.309505 ], [ 14.585094, -70.292537 ], [ 14.510509, -70.28387 ], [ 14.441173, -70.296932 ], [ 14.386363, -70.286067 ], [ 14.355968, -70.287532 ], [ 14.340099, -70.306087 ], [ 14.247691, -70.294978 ], [ 14.227794, -70.301448 ], [ 14.204967, -70.327937 ], [ 14.135265, -70.326228 ], [ 14.080577, -70.346004 ], [ 13.848765, -70.347835 ], [ 13.650523, -70.323421 ], [ 13.570323, -70.290096 ], [ 13.399669, -70.286189 ], [ 13.342784, -70.272884 ], [ 13.292369, -70.247371 ], [ 13.236217, -70.187801 ], [ 13.164806, -70.150691 ], [ 13.084972, -70.07513 ], [ 12.941051, -70.022395 ], [ 12.930064, -70.009944 ], [ 12.928233, -69.976497 ], [ 12.957164, -69.955623 ], [ 12.879161, -69.970638 ], [ 12.854137, -69.949641 ], [ 12.909312, -69.883846 ], [ 13.039195, -69.816585 ], [ 13.270274, -69.761409 ], [ 13.268687, -69.74493 ], [ 13.250743, -69.725642 ], [ 13.269298, -69.672786 ], [ 13.349132, -69.679378 ], [ 13.504039, -69.730769 ], [ 13.581187, -69.737605 ], [ 13.706798, -69.691585 ], [ 13.726207, -69.664607 ], [ 13.741954, -69.657893 ], [ 13.782481, -69.662898 ], [ 13.715831, -69.648006 ], [ 13.746959, -69.640682 ], [ 13.71461, -69.627376 ], [ 13.744273, -69.618831 ], [ 13.852794, -69.636287 ], [ 13.734874, -69.580867 ], [ 13.817638, -69.581844 ], [ 13.809947, -69.570979 ], [ 13.878062, -69.549617 ], [ 14.207286, -69.495296 ], [ 14.861461, -69.466487 ], [ 15.464488, -69.525935 ], [ 15.42335, -69.532161 ], [ 15.497325, -69.550594 ], [ 15.510509, -69.563045 ], [ 15.504527, -69.569759 ], [ 15.442515, -69.57574 ], [ 15.454356, -69.588313 ], [ 15.426524, -69.600642 ], [ 15.346934, -69.595149 ], [ 15.519176, -69.637874 ], [ 15.573741, -69.658992 ], [ 15.546519, -69.679012 ], [ 15.49586, -69.693294 ], [ 15.566173, -69.711849 ], [ 15.54835, -69.726619 ], [ 15.524547, -69.730891 ], [ 15.570811, -69.742732 ], [ 15.543101, -69.76263 ], [ 15.506114, -69.766292 ], [ 15.56068, -69.784114 ], [ 15.55128, -69.799739 ], [ 15.538219, -69.806575 ], [ 15.504405, -69.805843 ], [ 15.554088, -69.825496 ], [ 15.609019, -69.820491 ], [ 15.554942, -69.872859 ], [ 15.589122, -69.932063 ], [ 15.688243, -69.964168 ], [ 15.897227, -69.989436 ], [ 16.125011, -70.073543 ] ] ] } },
{ "type": "Feature", "properties": { "type": "ice_shelf" }, "geometry": { "type": "Polygon", "coordinates": [ [ [ 16.125011, -70.17303 ], [ 16.125011, -70.073543 ], [ 16.171519, -70.072933 ], [ 16.239635, -69.987361 ], [ 16.252208, -69.96368 ], [ 16.247203, -69.897884 ], [ 16.271861, -69.862483 ], [ 16.330577, -69.828914 ], [ 16.590221, -69.776668 ], [ 16.637218, -69.742854 ], [ 16.585704, -69.72784 ], [ 16.967418, -69.699275 ], [ 17.335826, -69.740047 ], [ 17.463512, -69.706355 ], [ 17.555186, -69.715144 ], [ 17.659434, -69.705013 ], [ 17.701793, -69.69366 ], [ 17.730724, -69.652278 ], [ 17.764415, -69.706477 ], [ 17.786754, -69.720516 ], [ 18.394786, -69.839534 ], [ 18.511485, -69.881404 ], [ 18.821544, -69.929988 ], [ 18.97877, -69.983943 ], [ 19.030284, -69.992244 ], [ 19.136485, -69.986385 ], [ 19.165782, -69.980037 ], [ 19.198863, -69.949641 ], [ 19.225719, -69.942317 ], [ 19.350474, -69.929744 ], [ 19.833385, -69.96075 ], [ 19.804454, -69.933528 ], [ 19.923473, -69.954402 ], [ 19.801768, -69.907649 ], [ 19.707652, -69.895198 ], [ 19.684215, -69.884212 ], [ 19.697276, -69.880306 ], [ 19.567271, -69.830989 ], [ 19.605235, -69.817561 ], [ 19.646495, -69.821224 ], [ 19.61317, -69.795711 ], [ 19.643077, -69.776424 ], [ 19.723888, -69.789974 ], [ 19.728282, -69.781184 ], [ 19.71107, -69.761043 ], [ 19.811046, -69.736385 ], [ 19.911754, -69.723567 ], [ 20.663463, -69.802913 ], [ 20.717906, -69.795955 ], [ 21.190074, -69.816219 ], [ 21.283824, -69.831477 ], [ 21.31837, -69.868099 ], [ 21.38087, -69.874202 ], [ 21.341197, -69.897395 ], [ 21.408824, -69.916927 ], [ 21.443492, -69.941219 ], [ 21.302257, -69.977351 ], [ 21.271373, -70.005061 ], [ 21.771617, -70.164119 ], [ 22.298839, -70.257503 ], [ 22.666515, -70.207698 ], [ 22.71339, -70.185725 ], [ 22.723277, -70.16888 ], [ 22.731334, -70.112483 ], [ 22.726939, -70.096004 ], [ 22.823619, -70.089778 ], [ 22.954356, -70.104183 ], [ 22.982677, -70.095638 ], [ 22.974132, -70.085872 ], [ 22.996104, -70.07867 ], [ 23.060802, -70.078182 ], [ 23.048595, -70.088558 ], [ 23.087291, -70.098323 ], [ 23.160045, -70.135799 ], [ 23.652232, -70.192195 ], [ 23.709972, -70.216609 ], [ 23.686656, -70.223689 ], [ 23.730113, -70.28033 ], [ 23.757823, -70.299495 ], [ 23.793346, -70.309871 ], [ 23.873912, -70.311946 ], [ 23.917125, -70.304866 ], [ 23.939708, -70.28741 ], [ 23.928477, -70.281795 ], [ 23.96693, -70.277522 ], [ 24.089854, -70.306453 ], [ 24.161632, -70.296199 ], [ 24.240489, -70.311824 ], [ 24.230479, -70.296565 ], [ 24.252208, -70.285823 ], [ 24.311412, -70.277766 ], [ 24.437877, -70.314632 ], [ 24.492442, -70.325496 ], [ 24.542003, -70.324519 ], [ 24.625987, -70.346248 ], [ 24.632457, -70.320003 ], [ 24.683849, -70.302791 ], [ 24.67567, -70.294246 ], [ 24.733775, -70.291316 ], [ 24.722911, -70.280696 ], [ 24.73817, -70.275935 ], [ 24.650157, -70.237849 ], [ 24.664317, -70.229549 ], [ 24.653575, -70.214656 ], [ 24.660655, -70.205135 ], [ 24.712535, -70.190974 ], [ 24.885875, -70.241023 ], [ 24.927501, -70.243831 ], [ 24.866954, -70.221248 ], [ 24.813121, -70.184139 ], [ 24.827403, -70.173274 ], [ 24.807017, -70.148494 ], [ 24.80775, -70.133968 ], [ 24.822032, -70.126766 ], [ 25.066905, -70.104671 ], [ 24.926646, -70.114436 ], [ 24.852672, -70.109432 ], [ 24.803355, -70.080989 ], [ 24.843639, -70.067806 ], [ 25.104747, -70.047786 ], [ 25.145152, -70.037776 ], [ 25.112559, -70.024471 ], [ 25.151988, -70.008968 ], [ 25.204723, -70.004085 ], [ 25.446178, -70.016292 ], [ 25.474498, -70.035335 ], [ 25.462657, -70.037166 ], [ 25.556163, -70.042293 ], [ 25.746837, -70.027278 ], [ 25.836558, -70.047664 ], [ 25.839122, -70.074153 ], [ 25.85963, -70.099788 ], [ 25.785533, -70.140804 ], [ 25.512828, -70.192561 ], [ 25.544566, -70.233089 ], [ 25.565562, -70.197933 ], [ 25.612437, -70.185481 ], [ 25.874278, -70.179378 ], [ 25.921153, -70.191463 ], [ 25.893077, -70.244563 ], [ 25.888438, -70.273494 ], [ 25.915294, -70.282405 ], [ 25.932384, -70.316707 ], [ 25.975352, -70.346736 ], [ 25.98817, -70.368221 ], [ 26.057262, -70.391048 ], [ 26.457774, -70.45013 ], [ 26.507823, -70.445369 ], [ 26.56544, -70.4201 ], [ 26.623302, -70.411189 ], [ 26.737804, -70.428279 ], [ 26.817882, -70.424251 ], [ 26.839854, -70.412044 ], [ 26.881724, -70.331355 ], [ 26.867076, -70.304744 ], [ 26.817271, -70.276546 ], [ 26.765636, -70.2243 ], [ 26.706065, -70.129695 ], [ 26.666637, -70.099788 ], [ 26.694347, -70.095271 ], [ 26.632579, -70.053279 ], [ 26.67628, -70.038265 ], [ 26.662486, -70.025447 ], [ 26.594371, -70.012264 ], [ 26.623668, -69.987361 ], [ 26.52003, -70.006282 ], [ 26.527476, -69.983089 ], [ 26.552745, -69.969173 ], [ 26.611827, -69.959285 ], [ 26.558971, -69.959407 ], [ 26.4546, -69.97784 ], [ 26.403575, -69.961238 ], [ 26.443858, -69.938289 ], [ 26.49464, -69.929744 ], [ 26.792247, -69.943294 ], [ 27.024303, -70.010677 ], [ 27.070079, -70.014339 ], [ 27.116344, -70.008724 ], [ 27.36964, -69.940852 ], [ 27.4192, -69.942928 ], [ 27.509898, -69.970638 ], [ 27.750133, -69.971126 ], [ 28.094737, -69.926204 ], [ 28.137706, -69.914607 ], [ 28.097545, -69.887386 ], [ 27.989268, -69.870784 ], [ 27.973399, -69.852107 ], [ 27.979625, -69.842342 ], [ 28.034557, -69.823177 ], [ 28.087413, -69.837093 ], [ 28.121715, -69.830745 ], [ 28.162242, -69.840266 ], [ 28.347057, -69.817195 ], [ 28.430919, -69.786556 ], [ 28.416759, -69.76678 ], [ 28.390147, -69.751033 ], [ 28.442393, -69.753963 ], [ 28.410777, -69.740779 ], [ 28.42628, -69.736751 ], [ 28.381114, -69.731136 ], [ 28.49818, -69.685237 ], [ 28.560557, -69.67596 ], [ 28.664806, -69.715755 ], [ 28.666759, -69.735652 ], [ 28.701549, -69.750911 ], [ 28.729869, -69.747981 ], [ 28.783092, -69.723201 ], [ 28.814708, -69.71783 ], [ 28.864268, -69.736385 ], [ 28.938975, -69.745052 ], [ 29.137218, -69.723933 ], [ 29.221568, -69.698299 ], [ 29.290294, -69.690974 ], [ 29.315929, -69.677303 ], [ 29.242076, -69.640437 ], [ 29.334849, -69.648006 ], [ 29.35609, -69.634822 ], [ 29.346446, -69.622859 ], [ 29.285411, -69.594173 ], [ 29.278087, -69.566951 ], [ 29.295787, -69.569881 ], [ 29.316051, -69.532527 ], [ 29.332774, -69.519099 ], [ 29.31483, -69.512386 ], [ 29.346202, -69.502376 ], [ 29.313975, -69.496028 ], [ 29.333018, -69.489558 ], [ 29.290538, -69.48138 ], [ 29.322398, -69.473811 ], [ 29.301768, -69.468562 ], [ 29.279552, -69.442561 ], [ 29.243297, -69.419124 ], [ 29.247203, -69.406062 ], [ 29.265391, -69.395686 ], [ 29.287974, -69.390315 ], [ 29.391856, -69.395442 ], [ 29.631969, -69.301936 ], [ 29.74171, -69.294368 ], [ 29.993175, -69.209285 ], [ 30.156871, -69.25201 ], [ 30.226451, -69.24493 ], [ 30.490001, -69.270442 ], [ 30.537242, -69.259456 ], [ 30.531139, -69.245784 ], [ 30.503551, -69.23138 ], [ 30.49171, -69.214412 ], [ 30.519298, -69.202449 ], [ 30.531871, -69.143123 ], [ 30.546641, -69.12469 ], [ 30.612193, -69.103694 ], [ 30.694957, -69.11346 ], [ 30.662608, -69.098201 ], [ 30.6963, -69.067561 ], [ 30.748302, -69.053523 ], [ 30.900767, -69.044368 ], [ 30.973643, -69.054988 ], [ 30.998302, -69.076473 ], [ 31.458629, -69.137752 ], [ 31.481944, -69.135433 ], [ 31.537974, -69.106258 ], [ 31.588756, -69.092708 ], [ 32.056407, -69.142635 ], [ 32.464488, -69.120906 ], [ 32.497691, -69.110164 ], [ 32.510997, -69.091853 ], [ 32.532481, -69.118953 ], [ 32.701305, -69.243587 ], [ 32.752208, -69.26263 ], [ 32.790782, -69.29095 ], [ 32.927867, -69.343684 ], [ 32.952037, -69.359554 ], [ 32.96693, -69.386775 ], [ 32.982921, -69.450252 ], [ 32.978282, -69.469783 ], [ 33.001842, -69.519222 ], [ 32.996226, -69.5722 ], [ 32.981578, -69.593318 ], [ 32.995494, -69.618099 ], [ 32.985728, -69.659358 ], [ 32.961803, -69.68597 ], [ 32.912608, -69.720149 ], [ 32.88795, -69.76031 ], [ 32.867442, -69.759578 ], [ 32.862804, -69.781673 ], [ 32.837535, -69.784724 ], [ 32.853892, -69.82635 ], [ 32.824229, -69.866145 ], [ 32.85255, -69.87054 ], [ 32.871104, -69.88409 ], [ 32.87733, -69.904842 ], [ 32.868785, -69.930232 ], [ 32.851207, -69.945613 ], [ 32.785411, -69.965144 ], [ 32.74525, -70.013484 ], [ 32.671886, -70.02325 ], [ 32.568858, -70.05157 ], [ 32.365855, -70.053279 ], [ 32.266368, -70.086482 ], [ 32.045177, -70.118587 ], [ 31.994517, -70.134456 ], [ 31.844371, -70.146907 ], [ 31.609019, -70.20013 ], [ 31.49586, -70.204524 ], [ 31.411632, -70.223323 ], [ 31.280406, -70.237117 ], [ 31.044078, -70.231624 ], [ 30.964976, -70.214046 ], [ 30.935313, -70.214656 ], [ 30.737804, -70.273494 ], [ 30.707774, -70.275203 ], [ 30.631724, -70.261409 ], [ 30.439342, -70.26678 ], [ 30.211681, -70.28802 ], [ 30.18629, -70.271175 ], [ 30.165294, -70.285579 ], [ 29.841197, -70.311336 ], [ 29.785533, -70.329036 ], [ 29.763316, -70.362972 ], [ 29.602672, -70.372493 ], [ 29.451427, -70.392268 ], [ 29.440684, -70.410945 ], [ 29.376231, -70.432918 ], [ 29.346202, -70.456599 ], [ 29.294444, -70.461482 ], [ 29.174693, -70.491145 ], [ 29.14503, -70.529109 ], [ 29.089244, -70.537044 ], [ 29.034801, -70.568782 ], [ 28.833263, -70.595027 ], [ 28.77296, -70.594051 ], [ 28.609874, -70.632991 ], [ 28.451793, -70.694148 ], [ 28.282115, -70.678645 ], [ 28.202525, -70.715266 ], [ 28.114024, -70.707332 ], [ 28.029063, -70.726497 ], [ 27.628429, -70.741267 ], [ 27.574351, -70.789241 ], [ 27.500377, -70.809505 ], [ 27.412486, -70.811336 ], [ 27.351817, -70.838802 ], [ 27.328624, -70.824397 ], [ 27.317393, -70.843196 ], [ 27.297008, -70.846736 ], [ 27.22462, -70.839412 ], [ 27.159312, -70.870662 ], [ 27.217418, -70.904353 ], [ 27.302257, -70.911433 ], [ 27.318858, -70.925716 ], [ 27.298839, -70.937312 ], [ 27.303355, -70.96844 ], [ 27.296764, -70.984798 ], [ 27.275035, -70.989681 ], [ 26.92628, -70.923885 ], [ 26.888805, -70.941951 ], [ 26.839366, -70.941951 ], [ 26.80482, -70.963802 ], [ 26.673961, -70.965511 ], [ 26.635265, -70.999202 ], [ 26.606578, -71.008235 ], [ 26.517955, -71.02264 ], [ 26.478892, -71.019099 ], [ 26.445689, -71.032405 ], [ 26.390269, -71.030452 ], [ 26.267833, -71.008357 ], [ 26.101329, -71.042659 ], [ 25.982677, -71.041927 ], [ 25.916026, -71.034358 ], [ 25.827891, -71.008235 ], [ 25.758556, -71.002864 ], [ 25.715831, -70.990047 ], [ 25.661876, -71.000545 ], [ 25.576915, -70.971492 ], [ 25.548473, -70.975398 ], [ 25.567638, -70.993465 ], [ 25.524547, -70.994319 ], [ 25.44044, -70.980159 ], [ 25.260631, -70.981014 ], [ 24.968028, -70.945491 ], [ 24.555186, -70.846736 ], [ 24.479137, -70.796565 ], [ 24.319347, -70.740291 ], [ 24.291515, -70.718074 ], [ 24.265269, -70.678645 ], [ 24.346568, -70.673641 ], [ 24.455455, -70.614558 ], [ 24.439952, -70.599056 ], [ 24.408824, -70.533992 ], [ 24.277476, -70.460506 ], [ 24.175426, -70.424251 ], [ 24.108897, -70.40948 ], [ 23.752452, -70.402644 ], [ 23.712413, -70.426692 ], [ 23.686168, -70.493587 ], [ 23.643565, -70.551326 ], [ 23.616954, -70.565242 ], [ 23.522105, -70.574886 ], [ 23.547862, -70.58514 ], [ 23.55775, -70.605525 ], [ 23.553111, -70.629207 ], [ 23.512828, -70.670833 ], [ 23.50233, -70.679378 ], [ 23.435191, -70.691219 ], [ 23.437877, -70.717708 ], [ 23.412608, -70.743709 ], [ 23.323009, -70.809749 ], [ 23.292613, -70.821224 ], [ 23.180797, -70.813167 ], [ 22.94984, -70.829158 ], [ 22.917735, -70.812923 ], [ 22.832652, -70.804134 ], [ 22.724986, -70.769344 ], [ 22.563365, -70.778255 ], [ 22.47108, -70.754451 ], [ 22.416148, -70.769466 ], [ 22.326915, -70.759456 ], [ 22.36732, -70.694637 ], [ 22.028453, -70.68304 ], [ 21.826427, -70.655086 ], [ 21.852794, -70.638362 ], [ 22.480968, -70.610042 ], [ 22.555553, -70.581722 ], [ 22.575694, -70.561214 ], [ 22.579234, -70.540218 ], [ 22.447887, -70.47784 ], [ 22.338023, -70.455257 ], [ 22.283214, -70.436702 ], [ 22.181529, -70.385066 ], [ 22.058238, -70.348811 ], [ 21.993663, -70.302181 ], [ 21.801646, -70.235896 ], [ 21.745738, -70.226131 ], [ 21.694347, -70.234798 ], [ 21.611339, -70.272151 ], [ 21.464366, -70.417537 ], [ 21.472179, -70.43951 ], [ 21.451671, -70.46844 ], [ 21.431285, -70.479671 ], [ 21.341441, -70.481746 ], [ 21.317271, -70.490291 ], [ 21.208507, -70.576473 ], [ 21.202769, -70.594051 ], [ 21.224498, -70.612361 ], [ 21.184215, -70.622371 ], [ 21.156139, -70.649959 ], [ 21.15858, -70.664607 ], [ 21.199107, -70.701961 ], [ 21.166759, -70.728084 ], [ 21.159557, -70.75616 ], [ 21.172618, -70.784724 ], [ 21.201182, -70.81219 ], [ 21.005382, -70.870906 ], [ 20.844249, -70.856624 ], [ 20.705211, -70.883235 ], [ 20.637706, -70.885921 ], [ 20.57899, -70.902156 ], [ 20.498546, -70.9024 ], [ 20.422618, -70.922542 ], [ 20.228526, -70.90533 ], [ 20.112315, -70.930965 ], [ 19.732799, -70.892635 ], [ 19.628184, -70.940852 ], [ 19.567393, -70.946101 ], [ 19.289195, -70.914363 ], [ 19.130504, -70.860286 ], [ 19.111583, -70.847102 ], [ 19.05775, -70.781184 ], [ 19.028453, -70.761409 ], [ 18.995616, -70.74908 ], [ 18.945445, -70.752376 ], [ 18.930919, -70.736018 ], [ 18.931773, -70.678279 ], [ 18.915172, -70.63409 ], [ 19.016246, -70.596736 ], [ 19.137218, -70.495052 ], [ 19.170177, -70.438045 ], [ 19.221812, -70.420589 ], [ 19.232921, -70.39886 ], [ 19.281505, -70.381648 ], [ 19.296641, -70.368221 ], [ 19.173473, -70.27386 ], [ 19.214976, -70.249446 ], [ 19.290538, -70.248103 ], [ 19.153453, -70.203548 ], [ 18.941661, -70.171077 ], [ 18.871837, -70.172176 ], [ 18.838878, -70.181331 ], [ 18.78297, -70.238948 ], [ 18.71461, -70.259822 ], [ 18.573009, -70.264095 ], [ 18.447032, -70.300105 ], [ 18.316173, -70.324397 ], [ 18.25294, -70.325984 ], [ 18.295909, -70.350154 ], [ 18.310313, -70.373714 ], [ 18.49818, -70.502498 ], [ 18.375865, -70.507503 ], [ 18.339122, -70.520198 ], [ 18.329845, -70.540096 ], [ 18.093761, -70.542415 ], [ 17.908336, -70.514095 ], [ 17.789439, -70.510799 ], [ 17.751109, -70.493953 ], [ 17.21693, -70.463924 ], [ 17.126842, -70.480891 ], [ 16.927013, -70.484432 ], [ 16.910045, -70.476985 ], [ 16.925914, -70.46368 ], [ 16.871104, -70.439388 ], [ 16.505138, -70.454158 ], [ 16.48463, -70.446101 ], [ 16.514537, -70.435481 ], [ 16.574718, -70.396297 ], [ 16.619273, -70.342952 ], [ 16.626109, -70.311214 ], [ 16.610606, -70.243343 ], [ 16.643321, -70.231014 ], [ 16.654063, -70.201106 ], [ 16.647716, -70.17303 ], [ 16.626475, -70.151912 ], [ 16.577281, -70.131404 ], [ 16.52003, -70.126766 ], [ 16.284434, -70.148982 ], [ 16.200328, -70.139949 ], [ 16.174937, -70.14117 ], [ 16.125011, -70.17303 ] ] ] } },
{ "type": "Feature", "properties": { "type": "ice_shelf" }, "geometry": { "type": "Polygon", "coordinates": [ [ [ 10.337169, -69.916805 ], [ 10.347057, -69.930476 ], [ 10.380138, -69.928401 ], [ 10.459361, -69.942806 ], [ 10.441051, -69.962459 ], [ 10.415172, -69.971736 ], [ 10.480846, -69.96368 ], [ 10.497081, -69.985774 ], [ 10.513194, -69.993709 ], [ 10.574351, -70.008968 ], [ 10.539806, -70.011531 ], [ 10.576182, -70.031551 ], [ 10.812022, -70.075862 ], [ 10.921886, -70.082942 ], [ 11.000987, -70.076473 ], [ 10.988048, -70.045955 ], [ 10.978526, -70.043025 ], [ 11.025157, -70.011775 ], [ 11.003673, -70.003352 ], [ 10.992198, -69.983211 ], [ 11.192027, -69.956599 ], [ 11.304332, -69.955135 ], [ 11.343272, -69.992488 ], [ 11.376475, -69.986018 ], [ 11.412852, -69.990169 ], [ 11.549815, -70.033138 ], [ 11.73463, -70.055354 ], [ 11.804332, -70.035579 ], [ 11.837901, -69.995418 ], [ 11.889049, -70.013484 ], [ 11.855479, -69.964778 ], [ 11.866832, -69.950008 ], [ 11.885509, -69.950008 ], [ 11.960948, -69.978572 ], [ 11.936168, -69.959651 ], [ 11.931285, -69.945979 ], [ 11.938975, -69.932185 ], [ 11.953258, -69.929622 ], [ 12.257945, -70.063655 ], [ 12.328258, -70.081599 ], [ 12.430431, -70.08221 ], [ 12.435924, -70.105159 ], [ 12.483043, -70.12701 ], [ 12.93983, -70.164974 ], [ 12.969493, -70.172906 ], [ 13.029552, -70.217708 ], [ 13.041026, -70.234432 ], [ 13.018321, -70.241756 ], [ 12.897105, -70.248225 ], [ 12.837901, -70.263973 ], [ 12.824962, -70.294978 ], [ 12.736583, -70.320125 ], [ 12.648936, -70.314998 ], [ 12.608531, -70.320735 ], [ 12.530772, -70.351619 ], [ 12.38026, -70.358577 ], [ 12.322032, -70.370296 ], [ 12.288585, -70.394832 ], [ 12.252086, -70.446101 ], [ 12.184337, -70.461971 ], [ 12.142345, -70.48553 ], [ 12.167857, -70.514583 ], [ 12.107799, -70.530086 ], [ 12.087779, -70.545345 ], [ 12.091441, -70.603206 ], [ 12.074474, -70.651424 ], [ 12.081676, -70.674007 ], [ 12.032237, -70.685848 ], [ 12.005504, -70.720882 ], [ 11.89442, -70.744441 ], [ 11.853526, -70.781551 ], [ 11.822887, -70.783138 ], [ 11.641368, -70.77325 ], [ 11.351573, -70.736629 ], [ 11.237559, -70.757015 ], [ 11.158702, -70.728938 ], [ 11.1067, -70.697078 ], [ 11.067393, -70.701228 ], [ 10.968883, -70.688777 ], [ 10.809581, -70.646663 ], [ 10.722667, -70.636897 ], [ 10.656749, -70.611629 ], [ 10.599986, -70.604671 ], [ 10.53297, -70.578304 ], [ 10.476817, -70.5722 ], [ 10.392833, -70.539607 ], [ 10.322765, -70.5368 ], [ 9.979259, -70.453548 ], [ 9.867198, -70.392024 ], [ 9.765025, -70.348689 ], [ 9.71339, -70.338924 ], [ 9.656505, -70.343074 ], [ 9.671886, -70.267879 ], [ 9.655772, -70.247981 ], [ 9.592906, -70.22906 ], [ 9.531016, -70.186214 ], [ 9.450694, -70.156673 ], [ 9.415416, -70.109187 ], [ 9.337291, -70.088924 ], [ 9.383189, -70.08636 ], [ 9.645518, -70.021053 ], [ 9.703502, -70.012996 ], [ 9.871104, -70.027766 ], [ 9.841685, -70.015804 ], [ 9.880626, -70.001033 ], [ 9.862682, -69.985042 ], [ 9.889537, -69.984554 ], [ 9.905162, -69.971248 ], [ 10.144542, -69.918514 ], [ 10.226695, -69.911189 ], [ 10.337169, -69.916805 ] ] ] } },
{ "type": "Feature", "properties": { "type": "ice_shelf" }, "geometry": { "type": "Polygon", "coordinates": [ [ [ 8.823619, -69.960262 ], [ 8.934215, -69.982112 ], [ 9.017711, -69.985652 ], [ 9.070811, -70.009944 ], [ 9.007823, -70.01678 ], [ 9.043346, -70.041072 ], [ 9.08607, -70.049739 ], [ 8.984019, -70.072322 ], [ 9.011974, -70.089778 ], [ 9.086681, -70.087581 ], [ 8.898448, -70.185481 ], [ 8.887462, -70.215511 ], [ 8.938243, -70.246761 ], [ 9.019786, -70.270931 ], [ 9.101329, -70.276546 ], [ 9.151378, -70.290338 ], [ 9.167857, -70.30804 ], [ 9.168834, -70.334163 ], [ 9.157481, -70.359554 ], [ 9.136729, -70.375423 ], [ 9.115611, -70.375911 ], [ 9.03773, -70.356868 ], [ 8.971812, -70.372493 ], [ 8.837169, -70.353938 ], [ 8.832042, -70.383479 ], [ 8.812755, -70.404842 ], [ 8.784679, -70.417537 ], [ 8.693858, -70.421077 ], [ 8.654552, -70.448055 ], [ 8.549693, -70.472347 ], [ 8.443126, -70.482356 ], [ 8.328746, -70.46783 ], [ 8.254771, -70.49261 ], [ 8.22523, -70.494441 ], [ 8.105235, -70.475276 ], [ 7.930431, -70.472347 ], [ 7.879039, -70.447688 ], [ 7.844981, -70.39825 ], [ 7.834117, -70.366267 ], [ 7.836925, -70.340022 ], [ 7.87733, -70.325374 ], [ 7.895763, -70.309993 ], [ 7.925182, -70.217098 ], [ 7.917125, -70.194026 ], [ 7.893565, -70.177425 ], [ 7.839976, -70.164729 ], [ 7.908092, -70.151302 ], [ 7.961925, -70.114192 ], [ 7.995982, -70.049617 ], [ 8.016734, -70.04034 ], [ 8.002086, -70.028621 ], [ 8.046031, -70.007259 ], [ 8.014293, -69.986263 ], [ 8.090343, -69.979183 ], [ 8.049205, -69.958553 ], [ 8.137462, -69.949886 ], [ 8.081798, -69.942439 ], [ 8.122813, -69.92242 ], [ 8.125987, -69.896785 ], [ 8.153087, -69.88055 ], [ 8.21815, -69.875911 ], [ 8.354991, -69.98553 ], [ 8.51234, -70.024837 ], [ 8.490977, -70.007259 ], [ 8.407848, -69.978084 ], [ 8.428111, -69.885555 ], [ 8.479259, -69.866145 ], [ 8.536143, -69.876399 ], [ 8.647838, -69.917293 ], [ 8.729991, -69.927791 ], [ 8.823619, -69.960262 ] ] ] } },
{ "type": "Feature", "properties": { "type": "ice_shelf" }, "geometry": { "type": "Polygon", "coordinates": [ [ [ 38.244029, -69.771785 ], [ 38.271495, -69.775691 ], [ 38.221934, -69.833186 ], [ 38.234752, -69.846858 ], [ 38.347789, -69.890071 ], [ 38.38795, -69.914607 ], [ 38.406749, -69.912044 ], [ 38.45106, -69.869441 ], [ 38.5265, -69.827205 ], [ 38.618785, -69.818294 ], [ 38.714, -69.832454 ], [ 38.798717, -69.859065 ], [ 38.791148, -69.868343 ], [ 38.807262, -69.875179 ], [ 38.758678, -69.916683 ], [ 38.738902, -69.941951 ], [ 38.730235, -69.972469 ], [ 38.736339, -70.000789 ], [ 38.753917, -70.025569 ], [ 38.779307, -70.04449 ], [ 38.921031, -70.108577 ], [ 39.065929, -70.146173 ], [ 39.075328, -70.154598 ], [ 39.076427, -70.172664 ], [ 39.01588, -70.198299 ], [ 38.940318, -70.204646 ], [ 38.789195, -70.187923 ], [ 38.714122, -70.188777 ], [ 38.711192, -70.163509 ], [ 38.685069, -70.149837 ], [ 38.562755, -70.120418 ], [ 38.537974, -70.108577 ], [ 38.469859, -70.052181 ], [ 38.418712, -70.024715 ], [ 38.385997, -70.018489 ], [ 38.295909, -70.033992 ], [ 38.219737, -70.023982 ], [ 38.261729, -69.977474 ], [ 38.265269, -69.96722 ], [ 38.25587, -69.949153 ], [ 38.139293, -69.881404 ], [ 38.042979, -69.862727 ], [ 38.020152, -69.849422 ], [ 38.119151, -69.81866 ], [ 38.24464, -69.795711 ], [ 38.250255, -69.781673 ], [ 38.244029, -69.771785 ] ] ] } },
{ "type": "Feature", "properties": { "type": "ice_shelf" }, "geometry": { "type": "Polygon", "coordinates": [ [ [ 34.485484, -68.785335 ], [ 34.688975, -68.818782 ], [ 34.703746, -68.843929 ], [ 34.763438, -68.87701 ], [ 34.843394, -68.881404 ], [ 34.806041, -68.903011 ], [ 34.844493, -68.915096 ], [ 34.844493, -68.943294 ], [ 34.858409, -68.949641 ], [ 34.855968, -68.977107 ], [ 34.904063, -69.028865 ], [ 34.87794, -69.049251 ], [ 34.929576, -69.071712 ], [ 35.023082, -69.072566 ], [ 35.045787, -69.057185 ], [ 35.058482, -69.037288 ], [ 35.078502, -69.034358 ], [ 35.132945, -69.042415 ], [ 35.238414, -69.074886 ], [ 35.452647, -69.09637 ], [ 35.591319, -69.18597 ], [ 35.639293, -69.203182 ], [ 35.668468, -69.204646 ], [ 35.644298, -69.191463 ], [ 35.65089, -69.17657 ], [ 35.69752, -69.156062 ], [ 35.762828, -69.161678 ], [ 35.797008, -69.149104 ], [ 35.844737, -69.149349 ], [ 36.179942, -69.24969 ], [ 36.515147, -69.30157 ], [ 36.655284, -69.359798 ], [ 36.70338, -69.389949 ], [ 36.710826, -69.417781 ], [ 36.666881, -69.436946 ], [ 36.605601, -69.435725 ], [ 36.223765, -69.356258 ], [ 36.164195, -69.359676 ], [ 36.223033, -69.361507 ], [ 36.392345, -69.412776 ], [ 36.376475, -69.418147 ], [ 36.424449, -69.45428 ], [ 36.485118, -69.471858 ], [ 36.499766, -69.49908 ], [ 36.500011, -69.530086 ], [ 36.523448, -69.547298 ], [ 36.621104, -69.578304 ], [ 36.723277, -69.583675 ], [ 36.819835, -69.602962 ], [ 36.804698, -69.616023 ], [ 36.809459, -69.619563 ], [ 36.861827, -69.612361 ], [ 36.982432, -69.635799 ], [ 37.024791, -69.651424 ], [ 37.060802, -69.67889 ], [ 37.072032, -69.676448 ], [ 37.107677, -69.606746 ], [ 37.641246, -69.329891 ], [ 37.953136, -69.277522 ], [ 38.009654, -69.275081 ], [ 38.062633, -69.285457 ], [ 38.046519, -69.304012 ], [ 37.994517, -69.322322 ], [ 37.894664, -69.341731 ], [ 37.900279, -69.351497 ], [ 37.845103, -69.363704 ], [ 37.827769, -69.371272 ], [ 37.84254, -69.374324 ], [ 37.691539, -69.442317 ], [ 37.58253, -69.472224 ], [ 37.555553, -69.491756 ], [ 37.56776, -69.49554 ], [ 37.554454, -69.507015 ], [ 37.380015, -69.595516 ], [ 37.334361, -69.642268 ], [ 37.29005, -69.662532 ], [ 37.297862, -69.671687 ], [ 37.286388, -69.676326 ], [ 37.266246, -69.712093 ], [ 37.286021, -69.72906 ], [ 37.192515, -69.782161 ], [ 37.237804, -69.816219 ], [ 37.240489, -69.831844 ], [ 37.130748, -69.863094 ], [ 37.076549, -69.867854 ], [ 37.036265, -69.886653 ], [ 37.006358, -69.88055 ], [ 36.9817, -69.862361 ], [ 36.968883, -69.838313 ], [ 36.971934, -69.81451 ], [ 36.995128, -69.797298 ], [ 36.973765, -69.790584 ], [ 36.91566, -69.750423 ], [ 36.783824, -69.704158 ], [ 36.769176, -69.694026 ], [ 36.757335, -69.6701 ], [ 36.756602, -69.642268 ], [ 36.705699, -69.629817 ], [ 36.504039, -69.621516 ], [ 36.370372, -69.605647 ], [ 36.33253, -69.619197 ], [ 36.370616, -69.658138 ], [ 36.160777, -69.704646 ], [ 36.14564, -69.70074 ], [ 36.101573, -69.644954 ], [ 36.0796, -69.636653 ], [ 35.904552, -69.667293 ], [ 35.708385, -69.666072 ], [ 35.559581, -69.699519 ], [ 35.483409, -69.70135 ], [ 35.31776, -69.734187 ], [ 35.244151, -69.735652 ], [ 35.123302, -69.699397 ], [ 35.079356, -69.670589 ], [ 35.073497, -69.631892 ], [ 35.108165, -69.605769 ], [ 35.204112, -69.579768 ], [ 35.22877, -69.536678 ], [ 35.13795, -69.508113 ], [ 35.104747, -69.459651 ], [ 35.154918, -69.426082 ], [ 35.167613, -69.400447 ], [ 35.146983, -69.340389 ], [ 35.154918, -69.323787 ], [ 35.19984, -69.294124 ], [ 35.125499, -69.259578 ], [ 35.011851, -69.228816 ], [ 34.838878, -69.142268 ], [ 34.73463, -69.113216 ], [ 34.650767, -69.111507 ], [ 34.610484, -69.091243 ], [ 34.652599, -69.083553 ], [ 34.620006, -69.070735 ], [ 34.587291, -69.066829 ], [ 34.467906, -69.081599 ], [ 34.388072, -69.127132 ], [ 34.361461, -69.132869 ], [ 33.921641, -69.122249 ], [ 33.865855, -69.112605 ], [ 33.811168, -69.091365 ], [ 33.771251, -69.053523 ], [ 33.628184, -69.06097 ], [ 33.603648, -69.052425 ], [ 33.830577, -69.009334 ], [ 34.00941, -68.927547 ], [ 34.049083, -68.887019 ], [ 34.07606, -68.886287 ], [ 34.091197, -68.852474 ], [ 34.371226, -68.806331 ], [ 34.384776, -68.794002 ], [ 34.414806, -68.799983 ], [ 34.485484, -68.785335 ] ] ] } },
{ "type": "Feature", "properties": { "type": "ice_shelf" }, "geometry": { "type": "Polygon", "coordinates": [ [ [ 40.780772, -68.734676 ], [ 40.75233, -68.750667 ], [ 40.702403, -68.727107 ], [ 40.761363, -68.706964 ], [ 40.84315, -68.720149 ], [ 40.780772, -68.734676 ] ] ] } },
{ "type": "Feature", "properties": { "type": "ice_shelf" }, "geometry": { "type": "Polygon", "coordinates": [ [ [ 49.114513, -67.171443 ], [ 49.087535, -67.194148 ], [ 49.257335, -67.173517 ], [ 49.349742, -67.18243 ], [ 49.405284, -67.223323 ], [ 49.312999, -67.222347 ], [ 49.289806, -67.237849 ], [ 49.328502, -67.288875 ], [ 49.256114, -67.298396 ], [ 49.221812, -67.312801 ], [ 49.000865, -67.293758 ], [ 48.940929, -67.302058 ], [ 48.844859, -67.29034 ], [ 48.786265, -67.299129 ], [ 48.765391, -67.292537 ], [ 48.742931, -67.264583 ], [ 48.795665, -67.241267 ], [ 48.779552, -67.226619 ], [ 48.747203, -67.217464 ], [ 49.044688, -67.152034 ], [ 49.090221, -67.156673 ], [ 49.114513, -67.171443 ] ] ] } },
{ "type": "Feature", "properties": { "type": "ice_shelf" }, "geometry": { "type": "Polygon", "coordinates": [ [ [ 49.345348, -66.951839 ], [ 49.385631, -66.978206 ], [ 49.516124, -67.023372 ], [ 49.311534, -67.046199 ], [ 49.277721, -67.042415 ], [ 49.226695, -67.001521 ], [ 49.159923, -67.000911 ], [ 49.345348, -66.951839 ] ] ] } },
{ "type": "Feature", "properties": { "type": "ice_shelf" }, "geometry": { "type": "Polygon", "coordinates": [ [ [ 61.388072, -67.509578 ], [ 61.379893, -67.53387 ], [ 61.346934, -67.545711 ], [ 61.448741, -67.56512 ], [ 61.273204, -67.593196 ], [ 61.243175, -67.590511 ], [ 61.18568, -67.555721 ], [ 61.152232, -67.556453 ], [ 61.129283, -67.541438 ], [ 61.155406, -67.530818 ], [ 61.164928, -67.505306 ], [ 61.234874, -67.481014 ], [ 61.283092, -67.509578 ], [ 61.343028, -67.47906 ], [ 61.374644, -67.486751 ], [ 61.388072, -67.509578 ] ] ] } },
{ "type": "Feature", "properties": { "type": "ice_shelf" }, "geometry": { "type": "Polygon", "coordinates": [ [ [ 60.86378, -67.420833 ], [ 60.884288, -67.458553 ], [ 60.903575, -67.465511 ], [ 60.853404, -67.469661 ], [ 60.79359, -67.44366 ], [ 60.820811, -67.420223 ], [ 60.850597, -67.417537 ], [ 60.86378, -67.420833 ] ] ] } },
{ "type": "Feature", "properties": { "type": "ice_shelf" }, "geometry": { "type": "Polygon", "coordinates": [ [ [ 70.235728, -68.513973 ], [ 70.266368, -68.559139 ], [ 70.287852, -68.62408 ], [ 70.331554, -68.68011 ], [ 70.351207, -68.695857 ], [ 70.399425, -68.712703 ], [ 70.474498, -68.708308 ], [ 70.608775, -68.716853 ], [ 70.684093, -68.705501 ], [ 70.714854, -68.675105 ], [ 70.780284, -68.648372 ], [ 70.83839, -68.60406 ], [ 70.864513, -68.607723 ], [ 71.078868, -68.701228 ], [ 71.150157, -68.692806 ], [ 71.243907, -68.699275 ], [ 71.254893, -68.6701 ], [ 71.273814, -68.650447 ], [ 71.363902, -68.609432 ], [ 71.412852, -68.601375 ], [ 71.461192, -68.607478 ], [ 71.607066, -68.650081 ], [ 71.654063, -68.650081 ], [ 71.890391, -68.594539 ], [ 72.199718, -68.591487 ], [ 72.418101, -68.628841 ], [ 72.565074, -68.619197 ], [ 72.704112, -68.632991 ], [ 72.746715, -68.646541 ], [ 72.774303, -68.674007 ], [ 72.768321, -68.710262 ], [ 72.78065, -68.715633 ], [ 72.860484, -68.717708 ], [ 72.934337, -68.732845 ], [ 73.098643, -68.739314 ], [ 73.154674, -68.74908 ], [ 73.344493, -68.837215 ], [ 73.486583, -68.879085 ], [ 73.526012, -68.910091 ], [ 73.504771, -68.91241 ], [ 73.523692, -68.931087 ], [ 73.592906, -68.947933 ], [ 73.618663, -68.961849 ], [ 73.714488, -69.029109 ], [ 73.807872, -69.115779 ], [ 73.904307, -69.138728 ], [ 74.181163, -69.300227 ], [ 74.254405, -69.333675 ], [ 74.272227, -69.354427 ], [ 74.193614, -69.350154 ], [ 74.241099, -69.378597 ], [ 74.276866, -69.418636 ], [ 74.192027, -69.424861 ], [ 74.024547, -69.418514 ], [ 73.940684, -69.426692 ], [ 74.038707, -69.448177 ], [ 74.083018, -69.476863 ], [ 74.160411, -69.497493 ], [ 74.110728, -69.518123 ], [ 74.121715, -69.524959 ], [ 74.09547, -69.537044 ], [ 74.067393, -69.542781 ], [ 74.042125, -69.53326 ], [ 74.012706, -69.548885 ], [ 73.959361, -69.541194 ], [ 73.922862, -69.559261 ], [ 73.90565, -69.557796 ], [ 73.909923, -69.56866 ], [ 73.746471, -69.592586 ], [ 73.72169, -69.605037 ], [ 73.685313, -69.650447 ], [ 73.718272, -69.70367 ], [ 73.715709, -69.726863 ], [ 73.684459, -69.738826 ], [ 73.702525, -69.754329 ], [ 73.731334, -69.757869 ], [ 73.886974, -69.744808 ], [ 73.812877, -69.802791 ], [ 73.704845, -69.862483 ], [ 73.608897, -69.851253 ], [ 73.580455, -69.815486 ], [ 73.560557, -69.806453 ], [ 73.513927, -69.803401 ], [ 73.473033, -69.78094 ], [ 73.438975, -69.795223 ], [ 73.405528, -69.797664 ], [ 73.367808, -69.829891 ], [ 73.248912, -69.858577 ], [ 73.233165, -69.910335 ], [ 73.208018, -69.942439 ], [ 73.230724, -69.978938 ], [ 73.158336, -69.993709 ], [ 73.109386, -69.982356 ], [ 73.056163, -70.014583 ], [ 73.008556, -69.998958 ], [ 72.969493, -70.025447 ], [ 72.906383, -70.026912 ], [ 72.755382, -70.073787 ], [ 72.729015, -70.109187 ], [ 72.639537, -70.160213 ], [ 72.625621, -70.179134 ], [ 72.627452, -70.194637 ], [ 72.694347, -70.26324 ], [ 72.78004, -70.311336 ], [ 72.812877, -70.348201 ], [ 72.821544, -70.378841 ], [ 72.844005, -70.389461 ], [ 72.866222, -70.41595 ], [ 72.86964, -70.433406 ], [ 72.852794, -70.444759 ], [ 72.765514, -70.469173 ], [ 72.645885, -70.467708 ], [ 72.626475, -70.477474 ], [ 72.612071, -70.511653 ], [ 72.477428, -70.546321 ], [ 72.495006, -70.55743 ], [ 72.437389, -70.570125 ], [ 72.441051, -70.603816 ], [ 72.402476, -70.646053 ], [ 72.345958, -70.675472 ], [ 72.252818, -70.655574 ], [ 72.192393, -70.652889 ], [ 72.148448, -70.667537 ], [ 72.155528, -70.704891 ], [ 72.043712, -70.664485 ], [ 72.013438, -70.661433 ], [ 71.983287, -70.666316 ], [ 71.940074, -70.688777 ], [ 71.850352, -70.698543 ], [ 71.796275, -70.716365 ], [ 71.726817, -70.774104 ], [ 71.781261, -70.799983 ], [ 71.859386, -70.809627 ], [ 71.848155, -70.844783 ], [ 71.827647, -70.866756 ], [ 71.799327, -70.876521 ], [ 71.748912, -70.874934 ], [ 71.714366, -70.890682 ], [ 71.698131, -70.908504 ], [ 71.652354, -70.912166 ], [ 71.686046, -70.95367 ], [ 71.583873, -70.951106 ], [ 71.541759, -70.96014 ], [ 71.395152, -71.118099 ], [ 71.392345, -71.150813 ], [ 71.360728, -71.157039 ], [ 71.341563, -71.182063 ], [ 71.429454, -71.200374 ], [ 71.533824, -71.204402 ], [ 71.555797, -71.215877 ], [ 71.526012, -71.226863 ], [ 71.535899, -71.24554 ], [ 71.493785, -71.25323 ], [ 71.435557, -71.276912 ], [ 71.30067, -71.286311 ], [ 71.247813, -71.323543 ], [ 71.202525, -71.335017 ], [ 71.224376, -71.365047 ], [ 71.253429, -71.387996 ], [ 71.199474, -71.433528 ], [ 71.158214, -71.456111 ], [ 71.159557, -71.472591 ], [ 71.180431, -71.492244 ], [ 71.312755, -71.533504 ], [ 71.368175, -71.539607 ], [ 71.413707, -71.568538 ], [ 71.539806, -71.610286 ], [ 71.410533, -71.639339 ], [ 71.219005, -71.607478 ], [ 71.16212, -71.627254 ], [ 71.095592, -71.621394 ], [ 71.077891, -71.627254 ], [ 71.065807, -71.659969 ], [ 71.053477, -71.670955 ], [ 71.134654, -71.697566 ], [ 71.278209, -71.728328 ], [ 71.212413, -71.753841 ], [ 71.18275, -71.752742 ], [ 71.149669, -71.735408 ], [ 71.121226, -71.730525 ], [ 70.971202, -71.751399 ], [ 70.849132, -71.803523 ], [ 70.687266, -71.831599 ], [ 70.44691, -71.830257 ], [ 70.432506, -71.839046 ], [ 70.432872, -71.85638 ], [ 70.442393, -71.862239 ], [ 70.566905, -71.874568 ], [ 70.643077, -71.905452 ], [ 70.733409, -71.912044 ], [ 70.705455, -71.923152 ], [ 70.729503, -71.946101 ], [ 70.654552, -71.995418 ], [ 70.53004, -72.04803 ], [ 70.364757, -72.054622 ], [ 70.27003, -72.072078 ], [ 70.172008, -72.062557 ], [ 69.954112, -72.077205 ], [ 69.923839, -72.112972 ], [ 69.890391, -72.109798 ], [ 69.856944, -72.119319 ], [ 69.835338, -72.13409 ], [ 69.804942, -72.187679 ], [ 69.916026, -72.199886 ], [ 69.940196, -72.219905 ], [ 69.95045, -72.258113 ], [ 69.930919, -72.265682 ], [ 69.844615, -72.254817 ], [ 69.797374, -72.275447 ], [ 69.73817, -72.282039 ], [ 69.668834, -72.303157 ], [ 69.610973, -72.344417 ], [ 69.636607, -72.355647 ], [ 69.62025, -72.359676 ], [ 69.589854, -72.397151 ], [ 69.631847, -72.430721 ], [ 69.559215, -72.463924 ], [ 69.517711, -72.469539 ], [ 69.480724, -72.462947 ], [ 69.515147, -72.431941 ], [ 69.347179, -72.416438 ], [ 69.15504, -72.42596 ], [ 69.083873, -72.416316 ], [ 68.708507, -72.498103 ], [ 68.621837, -72.482234 ], [ 68.494273, -72.475032 ], [ 68.413585, -72.481624 ], [ 68.332774, -72.507503 ], [ 68.178233, -72.576717 ], [ 68.201915, -72.58929 ], [ 68.041148, -72.624446 ], [ 68.014781, -72.646663 ], [ 67.921031, -72.69305 ], [ 67.91859, -72.711238 ], [ 67.960704, -72.739192 ], [ 67.969127, -72.75323 ], [ 67.953624, -72.80511 ], [ 67.959727, -72.827327 ], [ 67.999644, -72.855769 ], [ 68.07484, -72.876277 ], [ 68.082286, -72.904964 ], [ 68.107677, -72.929256 ], [ 68.11732, -72.952693 ], [ 68.102794, -73.000545 ], [ 68.089854, -73.01385 ], [ 68.044322, -73.031429 ], [ 68.055675, -73.057063 ], [ 68.022349, -73.146785 ], [ 67.959117, -73.146541 ], [ 67.876964, -73.179134 ], [ 67.821788, -73.183772 ], [ 67.34193, -73.302303 ], [ 67.223277, -73.312434 ], [ 67.16566, -73.301692 ], [ 67.163219, -73.265926 ], [ 67.049937, -73.284602 ], [ 67.01649, -73.271053 ], [ 67.07899, -73.243953 ], [ 67.101939, -73.224544 ], [ 67.100597, -73.19781 ], [ 67.02296, -73.217586 ], [ 66.973399, -73.20135 ], [ 66.918101, -73.197688 ], [ 66.733897, -73.244685 ], [ 66.686534, -73.242 ], [ 66.653453, -73.221614 ], [ 66.55836, -73.231624 ], [ 66.430553, -73.220393 ], [ 66.385387, -73.201839 ], [ 66.361949, -73.156429 ], [ 66.325938, -73.131526 ], [ 66.482921, -73.090511 ], [ 66.557262, -73.036556 ], [ 66.694224, -72.998103 ], [ 66.861095, -72.975765 ], [ 66.942393, -72.94781 ], [ 66.999766, -72.903499 ], [ 67.032481, -72.838558 ], [ 67.048106, -72.77325 ], [ 67.078746, -72.719661 ], [ 67.090465, -72.680232 ], [ 67.083873, -72.63409 ], [ 67.171886, -72.539119 ], [ 67.202403, -72.473811 ], [ 67.230601, -72.450252 ], [ 67.213267, -72.439388 ], [ 67.293101, -72.367122 ], [ 67.315074, -72.328059 ], [ 67.304942, -72.303279 ], [ 67.315196, -72.263973 ], [ 67.315562, -72.216243 ], [ 67.337169, -72.172664 ], [ 67.326793, -72.148372 ], [ 67.331798, -72.129207 ], [ 67.271983, -72.120418 ], [ 67.251964, -72.107112 ], [ 67.26234, -72.081355 ], [ 67.283824, -72.071712 ], [ 67.369884, -72.071956 ], [ 67.398692, -72.063777 ], [ 67.426524, -72.051936 ], [ 67.447642, -72.027278 ], [ 67.507091, -71.993343 ], [ 67.516856, -71.955745 ], [ 67.531871, -71.945491 ], [ 67.449107, -71.895931 ], [ 67.472667, -71.872371 ], [ 67.611217, -71.826839 ], [ 67.566417, -71.824153 ], [ 67.547862, -71.81573 ], [ 67.533336, -71.79742 ], [ 67.709361, -71.767513 ], [ 67.76295, -71.748103 ], [ 67.788829, -71.715877 ], [ 67.870616, -71.682308 ], [ 67.882457, -71.66534 ], [ 67.876353, -71.649349 ], [ 67.848033, -71.636653 ], [ 67.879039, -71.630061 ], [ 67.894176, -71.603816 ], [ 67.854869, -71.602962 ], [ 67.819224, -71.590389 ], [ 67.844615, -71.578304 ], [ 67.860118, -71.555721 ], [ 67.835704, -71.551814 ], [ 67.83253, -71.538509 ], [ 67.862315, -71.509334 ], [ 67.923228, -71.480525 ], [ 68.083263, -71.365413 ], [ 68.055064, -71.354671 ], [ 68.25941, -71.327083 ], [ 68.323131, -71.309261 ], [ 68.312389, -71.280086 ], [ 68.319224, -71.264461 ], [ 68.339122, -71.257503 ], [ 68.522349, -71.247737 ], [ 68.669688, -71.20367 ], [ 68.590465, -71.198177 ], [ 68.547862, -71.180965 ], [ 68.587535, -71.149471 ], [ 68.810069, -71.079646 ], [ 68.896495, -71.036189 ], [ 68.854503, -71.024837 ], [ 69.007701, -70.942195 ], [ 69.026622, -70.918636 ], [ 69.016246, -70.894466 ], [ 69.017589, -70.873714 ], [ 69.029063, -70.855769 ], [ 69.091685, -70.812068 ], [ 69.099742, -70.793269 ], [ 69.079234, -70.777278 ], [ 69.192149, -70.710872 ], [ 69.205455, -70.693172 ], [ 69.25648, -70.461116 ], [ 69.257579, -70.431575 ], [ 69.248424, -70.406917 ], [ 69.167979, -70.316707 ], [ 69.146373, -70.308894 ], [ 68.923473, -70.304622 ], [ 68.748424, -70.334407 ], [ 68.687999, -70.353816 ], [ 68.65089, -70.388606 ], [ 68.632701, -70.448787 ], [ 68.58839, -70.466975 ], [ 68.536388, -70.472347 ], [ 68.486949, -70.452327 ], [ 68.443858, -70.412288 ], [ 68.42213, -70.401912 ], [ 68.149425, -70.433894 ], [ 68.099742, -70.451717 ], [ 68.076671, -70.453548 ], [ 68.034679, -70.440852 ], [ 67.992442, -70.453792 ], [ 67.960948, -70.452083 ], [ 67.908092, -70.431941 ], [ 67.870372, -70.391658 ], [ 67.777721, -70.39825 ], [ 67.762462, -70.392513 ], [ 67.750255, -70.356746 ], [ 67.677867, -70.34576 ], [ 67.657848, -70.323299 ], [ 67.728892, -70.300105 ], [ 67.74586, -70.287044 ], [ 67.712779, -70.275447 ], [ 67.229137, -70.304622 ], [ 67.21693, -70.280696 ], [ 67.22462, -70.25262 ], [ 67.478648, -70.201839 ], [ 67.481944, -70.136409 ], [ 67.506358, -70.115901 ], [ 67.566173, -70.096614 ], [ 67.55836, -70.039729 ], [ 67.5713, -70.024471 ], [ 67.605479, -70.014827 ], [ 67.865367, -70.00201 ], [ 67.913585, -69.97906 ], [ 67.910533, -69.923885 ], [ 68.009044, -69.908992 ], [ 68.05714, -69.893733 ], [ 68.123424, -69.848567 ], [ 68.135265, -69.735652 ], [ 68.147594, -69.725032 ], [ 68.177013, -69.719661 ], [ 68.202403, -69.726009 ], [ 68.280772, -69.84637 ], [ 68.361461, -69.896053 ], [ 68.499522, -69.956722 ], [ 68.496593, -69.978206 ], [ 68.528575, -70.002254 ], [ 68.606334, -70.026912 ], [ 68.758067, -70.018489 ], [ 68.892589, -69.993831 ], [ 69.022227, -69.948543 ], [ 69.155284, -69.875667 ], [ 69.204845, -69.823177 ], [ 69.207042, -69.797908 ], [ 69.173961, -69.786189 ], [ 69.026622, -69.773494 ], [ 68.882701, -69.740901 ], [ 68.930064, -69.712581 ], [ 69.000621, -69.70428 ], [ 69.136363, -69.710506 ], [ 69.201671, -69.705623 ], [ 69.25648, -69.688167 ], [ 69.355235, -69.617122 ], [ 69.046153, -69.557308 ], [ 68.88795, -69.543514 ], [ 68.733409, -69.550838 ], [ 68.733409, -69.50262 ], [ 68.747081, -69.492488 ], [ 68.897716, -69.454646 ], [ 68.861705, -69.433894 ], [ 68.778453, -69.40826 ], [ 68.742076, -69.389217 ], [ 68.811168, -69.373714 ], [ 68.872569, -69.327449 ], [ 68.920665, -69.309016 ], [ 68.970592, -69.309261 ], [ 69.213878, -69.367366 ], [ 69.259532, -69.367976 ], [ 69.343761, -69.321834 ], [ 69.397349, -69.321468 ], [ 69.551524, -69.353206 ], [ 69.604503, -69.351985 ], [ 69.705577, -69.327327 ], [ 69.740245, -69.296077 ], [ 69.761607, -69.246394 ], [ 69.760142, -69.19781 ], [ 69.726451, -69.169856 ], [ 69.386607, -69.101985 ], [ 69.335704, -69.099666 ], [ 69.37086, -69.057063 ], [ 69.303844, -69.047298 ], [ 69.661021, -68.984309 ], [ 69.719615, -68.967098 ], [ 69.769054, -68.94305 ], [ 69.712047, -68.938045 ], [ 69.82545, -68.894954 ], [ 69.857555, -68.872493 ], [ 69.718028, -68.862361 ], [ 69.385875, -68.884944 ], [ 69.292003, -68.865413 ], [ 69.308238, -68.849666 ], [ 69.271129, -68.850642 ], [ 69.281261, -68.831355 ], [ 69.361339, -68.813045 ], [ 69.436046, -68.782405 ], [ 69.621104, -68.73553 ], [ 69.672008, -68.71368 ], [ 69.604747, -68.718807 ], [ 69.626353, -68.702327 ], [ 69.651744, -68.65118 ], [ 69.675426, -68.633479 ], [ 69.573131, -68.622005 ], [ 69.600352, -68.610164 ], [ 69.672252, -68.600276 ], [ 69.631602, -68.58868 ], [ 69.663219, -68.578914 ], [ 69.793834, -68.573787 ], [ 69.894176, -68.580623 ], [ 69.970225, -68.561702 ], [ 70.054088, -68.519832 ], [ 70.090343, -68.521175 ], [ 70.178599, -68.495174 ], [ 70.20399, -68.496028 ], [ 70.235728, -68.513973 ] ], [ [ 72.598155, -69.987972 ], [ 72.526622, -70.043758 ], [ 72.4817, -70.058894 ], [ 72.471934, -70.050838 ], [ 72.456065, -70.051814 ], [ 72.41212, -70.074764 ], [ 72.459361, -70.108699 ], [ 72.56068, -70.090266 ], [ 72.73109, -70.022517 ], [ 72.730235, -70.004817 ], [ 72.71815, -70.000911 ], [ 72.661265, -70.006526 ], [ 72.639903, -69.995662 ], [ 72.637096, -69.969783 ], [ 72.598155, -69.987972 ] ], [ [ 71.761241, -70.263606 ], [ 71.714732, -70.279109 ], [ 71.676158, -70.304378 ], [ 71.623302, -70.354793 ], [ 71.636974, -70.453059 ], [ 71.660533, -70.503108 ], [ 71.786998, -70.607845 ], [ 71.826915, -70.625057 ], [ 72.084483, -70.653987 ], [ 72.164561, -70.651058 ], [ 72.220225, -70.630428 ], [ 72.197398, -70.60052 ], [ 72.214, -70.563289 ], [ 72.200816, -70.541194 ], [ 72.088145, -70.533138 ], [ 72.073009, -70.522762 ], [ 72.049327, -70.476619 ], [ 72.035411, -70.466121 ], [ 71.9817, -70.457698 ], [ 71.913341, -70.429988 ], [ 71.862071, -70.389461 ], [ 71.847545, -70.361751 ], [ 71.847911, -70.329036 ], [ 71.829845, -70.314388 ], [ 71.819102, -70.276912 ], [ 71.80836, -70.265926 ], [ 71.761241, -70.263606 ] ], [ [ 69.759532, -72.060115 ], [ 69.804942, -72.047054 ], [ 69.796153, -72.042293 ], [ 69.806163, -72.024349 ], [ 69.899913, -71.948299 ], [ 69.924449, -71.908992 ], [ 69.862071, -71.890193 ], [ 69.793468, -71.891414 ], [ 69.774058, -71.896663 ], [ 69.724742, -71.931941 ], [ 69.725841, -71.948543 ], [ 69.68275, -71.975032 ], [ 69.703136, -71.988094 ], [ 69.749156, -72.041438 ], [ 69.726939, -72.056453 ], [ 69.759532, -72.060115 ] ], [ [ 68.417613, -72.312557 ], [ 68.451915, -72.314266 ], [ 68.742076, -72.264583 ], [ 68.831676, -72.227962 ], [ 68.852428, -72.212581 ], [ 68.862559, -72.193416 ], [ 68.839976, -72.15533 ], [ 68.804942, -72.128841 ], [ 68.760997, -72.108821 ], [ 68.751842, -72.090389 ], [ 68.684947, -72.096492 ], [ 68.631969, -72.122005 ], [ 68.626109, -72.149715 ], [ 68.604991, -72.171687 ], [ 68.449962, -72.24969 ], [ 68.394664, -72.297054 ], [ 68.417613, -72.312557 ] ] ] } },
{ "type": "Feature", "properties": { "type": "ice_shelf" }, "geometry": { "type": "Polygon", "coordinates": [ [ [ 76.406016, -69.475154 ], [ 76.38441, -69.47784 ], [ 76.360606, -69.46722 ], [ 76.357188, -69.449641 ], [ 76.37794, -69.405696 ], [ 76.442393, -69.392513 ], [ 76.522227, -69.401302 ], [ 76.457774, -69.450496 ], [ 76.406016, -69.475154 ] ] ] } },
{ "type": "Feature", "properties": { "type": "ice_shelf" }, "geometry": { "type": "Polygon", "coordinates": [ [ [ 75.807994, -69.567195 ], [ 75.799449, -69.596736 ], [ 75.753917, -69.621761 ], [ 75.777476, -69.63531 ], [ 75.798595, -69.661189 ], [ 75.822032, -69.716487 ], [ 75.835338, -69.730647 ], [ 75.91627, -69.782771 ], [ 75.883311, -69.778865 ], [ 75.813975, -69.834895 ], [ 75.760753, -69.831722 ], [ 75.718028, -69.849788 ], [ 75.638194, -69.868465 ], [ 75.603038, -69.894954 ], [ 75.556529, -69.893245 ], [ 75.417003, -69.941951 ], [ 75.394664, -69.922786 ], [ 75.386241, -69.892635 ], [ 75.342052, -69.880183 ], [ 75.317882, -69.832454 ], [ 75.301646, -69.817928 ], [ 75.275279, -69.810481 ], [ 75.224132, -69.822566 ], [ 75.210582, -69.841243 ], [ 75.217296, -69.867854 ], [ 75.179942, -69.877376 ], [ 75.123546, -69.924495 ], [ 75.091075, -69.937068 ], [ 75.06068, -69.93011 ], [ 74.972057, -69.868343 ], [ 74.940318, -69.856746 ], [ 74.867198, -69.868587 ], [ 74.77589, -69.90887 ], [ 74.720225, -69.880061 ], [ 74.771983, -69.84222 ], [ 74.717418, -69.835384 ], [ 74.670177, -69.848445 ], [ 74.574962, -69.893611 ], [ 74.467052, -69.925227 ], [ 74.412242, -69.927913 ], [ 74.403209, -69.897395 ], [ 74.302745, -69.919734 ], [ 74.274547, -69.907405 ], [ 74.328258, -69.819759 ], [ 74.253307, -69.765559 ], [ 74.23524, -69.737605 ], [ 74.206432, -69.731502 ], [ 74.321056, -69.719173 ], [ 74.3838, -69.743831 ], [ 74.427989, -69.734676 ], [ 74.48231, -69.735164 ], [ 74.509532, -69.742244 ], [ 74.52711, -69.757015 ], [ 74.548839, -69.654109 ], [ 74.569102, -69.633479 ], [ 74.738902, -69.60052 ], [ 74.781261, -69.607723 ], [ 74.794688, -69.61639 ], [ 74.804942, -69.641658 ], [ 74.848277, -69.667171 ], [ 74.875865, -69.670711 ], [ 74.938853, -69.646785 ], [ 75.001231, -69.65179 ], [ 75.049327, -69.643001 ], [ 75.097789, -69.618709 ], [ 75.035411, -69.59222 ], [ 75.122935, -69.561214 ], [ 75.142589, -69.559627 ], [ 75.168712, -69.574153 ], [ 75.234996, -69.566707 ], [ 75.319102, -69.585872 ], [ 75.461558, -69.587459 ], [ 75.494762, -69.59991 ], [ 75.55189, -69.59576 ], [ 75.566295, -69.565608 ], [ 75.597057, -69.554378 ], [ 75.763438, -69.542293 ], [ 75.82545, -69.560725 ], [ 75.807994, -69.567195 ] ] ] } },
{ "type": "Feature", "properties": { "type": "ice_shelf" }, "geometry": { "type": "Polygon", "coordinates": [ [ [ 3.000011, -70.886653 ], [ 3.000011, -70.605403 ], [ 3.157848, -70.562801 ], [ 3.210948, -70.531307 ], [ 3.252574, -70.486751 ], [ 3.26234, -70.437557 ], [ 3.219859, -70.392513 ], [ 3.139171, -70.373958 ], [ 3.000011, -70.39886 ], [ 3.004161, -70.093807 ], [ 3.030528, -70.093562 ], [ 3.05128, -70.107967 ], [ 3.021495, -70.127376 ], [ 3.046764, -70.12762 ], [ 3.122691, -70.102107 ], [ 3.313487, -70.107112 ], [ 3.393077, -70.065608 ], [ 3.477916, -70.067073 ], [ 3.628062, -70.053279 ], [ 3.769054, -70.079891 ], [ 3.758922, -70.093562 ], [ 3.768809, -70.112361 ], [ 3.756114, -70.113826 ], [ 3.800792, -70.123836 ], [ 3.865611, -70.118953 ], [ 3.979137, -70.094661 ], [ 4.050059, -70.117122 ], [ 4.105846, -70.116512 ], [ 4.12025, -70.122371 ], [ 4.118175, -70.13531 ], [ 4.08839, -70.176326 ], [ 4.053477, -70.253963 ], [ 4.071544, -70.267635 ], [ 4.101817, -70.273372 ], [ 4.048839, -70.303035 ], [ 4.104625, -70.400813 ], [ 4.204845, -70.469539 ], [ 4.331432, -70.504451 ], [ 4.466807, -70.501277 ], [ 4.545665, -70.472591 ], [ 4.604747, -70.420589 ], [ 4.621837, -70.352718 ], [ 4.574351, -70.276302 ], [ 4.47401, -70.246272 ], [ 4.506602, -70.233699 ], [ 4.496349, -70.213191 ], [ 4.873057, -70.190486 ], [ 5.214854, -70.132625 ], [ 5.234996, -70.115657 ], [ 5.298473, -70.104671 ], [ 5.331798, -70.104305 ], [ 5.351329, -70.116145 ], [ 5.383311, -70.171443 ], [ 5.434947, -70.211971 ], [ 5.488536, -70.234309 ], [ 5.526012, -70.238704 ], [ 5.465587, -70.255306 ], [ 5.539928, -70.293147 ], [ 5.642955, -70.329524 ], [ 5.747325, -70.340999 ], [ 5.825816, -70.304012 ], [ 5.532603, -70.118587 ], [ 5.524669, -70.090633 ], [ 5.597789, -70.052669 ], [ 5.62025, -70.020931 ], [ 5.641978, -70.009456 ], [ 6.297252, -70.002254 ], [ 6.492076, -70.042659 ], [ 7.193248, -69.998225 ], [ 7.231456, -70.006038 ], [ 7.23585, -70.034358 ], [ 7.259288, -70.044856 ], [ 7.279796, -70.063899 ], [ 7.26649, -70.063289 ], [ 7.350108, -70.131892 ], [ 7.398204, -70.140437 ], [ 7.41273, -70.153377 ], [ 7.391734, -70.193172 ], [ 7.428233, -70.203182 ], [ 7.414195, -70.221492 ], [ 7.41505, -70.253597 ], [ 7.427501, -70.31219 ], [ 7.455333, -70.358699 ], [ 7.475108, -70.376888 ], [ 7.656993, -70.473567 ], [ 7.666148, -70.487848 ], [ 7.668346, -70.518123 ], [ 7.611827, -70.486018 ], [ 7.553844, -70.528499 ], [ 7.514415, -70.520931 ], [ 7.448863, -70.521785 ], [ 7.402965, -70.51031 ], [ 7.33546, -70.526424 ], [ 7.250255, -70.51617 ], [ 7.250499, -70.534724 ], [ 7.242442, -70.544124 ], [ 7.172252, -70.541927 ], [ 7.153209, -70.560725 ], [ 7.001842, -70.523982 ], [ 6.968028, -70.526302 ], [ 6.898814, -70.560481 ], [ 6.837657, -70.533748 ], [ 6.810191, -70.539851 ], [ 6.795909, -70.557918 ], [ 6.807872, -70.583064 ], [ 6.78065, -70.599422 ], [ 6.705333, -70.593684 ], [ 6.64564, -70.602107 ], [ 6.536388, -70.575252 ], [ 6.483897, -70.588313 ], [ 6.429088, -70.581233 ], [ 6.364879, -70.589046 ], [ 6.334972, -70.615535 ], [ 6.297374, -70.620052 ], [ 6.224132, -70.601985 ], [ 6.188365, -70.60284 ], [ 6.203136, -70.627132 ], [ 6.18336, -70.617366 ], [ 6.113414, -70.608699 ], [ 6.060435, -70.625423 ], [ 5.974498, -70.60992 ], [ 5.801158, -70.633601 ], [ 5.770763, -70.632015 ], [ 5.73585, -70.613094 ], [ 5.67982, -70.612972 ], [ 5.587779, -70.649226 ], [ 5.441783, -70.629817 ], [ 5.314708, -70.649715 ], [ 5.234874, -70.642391 ], [ 5.209727, -70.650325 ], [ 5.073741, -70.633724 ], [ 5.020763, -70.637019 ], [ 5.006114, -70.642635 ], [ 4.991832, -70.675349 ], [ 4.962901, -70.688655 ], [ 4.853038, -70.684627 ], [ 4.624766, -70.72076 ], [ 4.507823, -70.717952 ], [ 4.46339, -70.724056 ], [ 4.397594, -70.710872 ], [ 4.399791, -70.727474 ], [ 4.357555, -70.733821 ], [ 4.31898, -70.76263 ], [ 4.22401, -70.783748 ], [ 4.096568, -70.775203 ], [ 4.010753, -70.782893 ], [ 3.907359, -70.803767 ], [ 3.827891, -70.798396 ], [ 3.808238, -70.802058 ], [ 3.821666, -70.817439 ], [ 3.775645, -70.815974 ], [ 3.692271, -70.837337 ], [ 3.574718, -70.852229 ], [ 3.327159, -70.856502 ], [ 3.260875, -70.866512 ], [ 3.222667, -70.859676 ], [ 3.074229, -70.89471 ], [ 3.000011, -70.886653 ] ], [ [ 6.343272, -70.122981 ], [ 6.272716, -70.122737 ], [ 6.294566, -70.14764 ], [ 6.329112, -70.169246 ], [ 6.432506, -70.214534 ], [ 6.503673, -70.222591 ], [ 6.53651, -70.207208 ], [ 6.53651, -70.164974 ], [ 6.451793, -70.137019 ], [ 6.343272, -70.122981 ] ] ] } },
{ "type": "Feature", "properties": { "type": "ice_shelf" }, "geometry": { "type": "Polygon", "coordinates": [ [ [ 3.000011, -70.095149 ], [ 3.000011, -70.39886 ], [ 2.648448, -70.493709 ], [ 2.580821, -70.524349 ], [ 2.59608, -70.569515 ], [ 2.631602, -70.60284 ], [ 2.682506, -70.623103 ], [ 2.743663, -70.629329 ], [ 3.000011, -70.605403 ], [ 3.000011, -70.886653 ], [ 2.755382, -70.88531 ], [ 2.691417, -70.896297 ], [ 2.632579, -70.893489 ], [ 2.562022, -70.911189 ], [ 2.519664, -70.900569 ], [ 2.458385, -70.920345 ], [ 2.198741, -70.954402 ], [ 2.150157, -70.978328 ], [ 1.948619, -70.991145 ], [ 1.868785, -71.018123 ], [ 1.726695, -71.033382 ], [ 1.638805, -71.060848 ], [ 1.567393, -71.069515 ], [ 1.531871, -71.090999 ], [ 1.484141, -71.09222 ], [ 1.451915, -71.118221 ], [ 0.933726, -71.179378 ], [ 0.796397, -71.212825 ], [ 0.710948, -71.218196 ], [ 0.635509, -71.25555 ], [ 0.54713, -71.261775 ], [ 0.437755, -71.319759 ], [ 0.232188, -71.34991 ], [ 0.078746, -71.420223 ], [ 0.015514, -71.490535 ], [ -0.469289, -71.754085 ], [ -0.518422, -71.765193 ], [ -0.560964, -71.736751 ], [ -0.599233, -71.694392 ], [ -0.621938, -71.685359 ], [ -0.756032, -71.656551 ], [ -0.836049, -71.663387 ], [ -0.876088, -71.640559 ], [ -0.952138, -71.623714 ], [ -0.870717, -71.545223 ], [ -0.845204, -71.50323 ], [ -0.865468, -71.449031 ], [ -0.817677, -71.43658 ], [ -0.80602, -71.421565 ], [ -0.804189, -71.394832 ], [ -0.812795, -71.377498 ], [ -0.95403, -71.300472 ], [ -1.137563, -71.255306 ], [ -1.186025, -71.255428 ], [ -1.230397, -71.268001 ], [ -1.310719, -71.319637 ], [ -1.324574, -71.340022 ], [ -1.32488, -71.359309 ], [ -1.306203, -71.402766 ], [ -1.395375, -71.443416 ], [ -1.489247, -71.458797 ], [ -1.560109, -71.426448 ], [ -1.615529, -71.441463 ], [ -1.761769, -71.414729 ], [ -1.880055, -71.449031 ], [ -1.972035, -71.422542 ], [ -1.986684, -71.425227 ], [ -2.039479, -71.467952 ], [ -2.106801, -71.48553 ], [ -2.154408, -71.473201 ], [ -2.196584, -71.446101 ], [ -2.236684, -71.387264 ], [ -2.252553, -71.37762 ], [ -2.33672, -71.390071 ], [ -2.436391, -71.382381 ], [ -2.48528, -71.369563 ], [ -2.650502, -71.288142 ], [ -2.677541, -71.257381 ], [ -2.727651, -71.283992 ], [ -2.749989, -71.284358 ], [ -2.749989, -71.170345 ], [ -2.56432, -71.132625 ], [ -2.303822, -71.016414 ], [ -2.293141, -71.005183 ], [ -2.297963, -70.988704 ], [ -2.290517, -70.96844 ], [ -2.250844, -70.919734 ], [ -2.196645, -70.887752 ], [ -2.131764, -70.866756 ], [ -2.0808, -70.825618 ], [ -2.126943, -70.810725 ], [ -2.298451, -70.792781 ], [ -2.611562, -70.840877 ], [ -2.717702, -70.820247 ], [ -2.734303, -70.792537 ], [ -2.568288, -70.757625 ], [ -2.504628, -70.731502 ], [ -2.618031, -70.697688 ], [ -2.999989, -70.677547 ], [ -2.999989, -70.527889 ], [ -2.829884, -70.523738 ], [ -2.74706, -70.511775 ], [ -2.711232, -70.497249 ], [ -2.685048, -70.472347 ], [ -2.676137, -70.43597 ], [ -2.680653, -70.388484 ], [ -2.695973, -70.343318 ], [ -2.719411, -70.313899 ], [ -2.793813, -70.292781 ], [ -2.314443, -70.175594 ], [ -2.157704, -70.188777 ], [ -1.901357, -70.167049 ], [ -1.796437, -70.111018 ], [ -1.291371, -70.051204 ], [ -1.313771, -70.037654 ], [ -1.435964, -70.034602 ], [ -1.473805, -70.022884 ], [ -1.477406, -69.997127 ], [ -1.462636, -69.93365 ], [ -1.547231, -69.940364 ], [ -1.631947, -69.935481 ], [ -1.586903, -69.910823 ], [ -1.508901, -69.888728 ], [ -1.452565, -69.841121 ], [ -1.488271, -69.835506 ], [ -1.500478, -69.826717 ], [ -1.505055, -69.808162 ], [ -1.398183, -69.768123 ], [ -1.317494, -69.720882 ], [ -1.286549, -69.712581 ], [ -1.174855, -69.707454 ], [ -1.063954, -69.721126 ], [ -1.10497, -69.705257 ], [ -1.091298, -69.672054 ], [ -0.963185, -69.641048 ], [ -0.576222, -69.65118 ], [ 0.029979, -69.583919 ], [ 0.07838, -69.591487 ], [ 0.105968, -69.613216 ], [ 0.115794, -69.64764 ], [ 0.110484, -69.693294 ], [ 0.127696, -69.709895 ], [ 0.146251, -69.752498 ], [ 0.169566, -69.839412 ], [ 0.19337, -69.854427 ], [ 0.196178, -69.924007 ], [ 0.209483, -69.935481 ], [ 0.209849, -69.90179 ], [ 0.225108, -69.860774 ], [ 0.25172, -69.830379 ], [ 0.285899, -69.828182 ], [ 0.300548, -69.850398 ], [ 0.2671, -69.889095 ], [ 0.255138, -69.949886 ], [ 0.32484, -69.900935 ], [ 0.355601, -69.892146 ], [ 0.378062, -69.897151 ], [ 0.405772, -69.935359 ], [ 0.398204, -69.970027 ], [ 0.355846, -70.009212 ], [ 0.350352, -70.02679 ], [ 0.27711, -70.122005 ], [ 0.453136, -70.021541 ], [ 0.768443, -69.924983 ], [ 0.838756, -69.895442 ], [ 0.852916, -69.922298 ], [ 0.862193, -69.897517 ], [ 0.88148, -69.899226 ], [ 0.921275, -69.921932 ], [ 1.025157, -69.9201 ], [ 1.139049, -69.946468 ], [ 1.191661, -69.971248 ], [ 1.243419, -70.028499 ], [ 1.042491, -70.046077 ], [ 0.979503, -70.065608 ], [ 0.939708, -70.105037 ], [ 0.956798, -70.191707 ], [ 1.001598, -70.236629 ], [ 1.060435, -70.268855 ], [ 1.119273, -70.317439 ], [ 1.163829, -70.417049 ], [ 1.197765, -70.406429 ], [ 1.223521, -70.379207 ], [ 1.275767, -70.27386 ], [ 1.369884, -70.203182 ], [ 1.464976, -70.150447 ], [ 1.435435, -70.064388 ], [ 1.418834, -70.04803 ], [ 1.463756, -70.056209 ], [ 1.64442, -69.976619 ], [ 1.702403, -69.969539 ], [ 1.749889, -69.948177 ], [ 1.933604, -69.951717 ], [ 2.020763, -69.970149 ], [ 2.103282, -70.01031 ], [ 2.109752, -70.028499 ], [ 2.097911, -70.055843 ], [ 2.102061, -70.062679 ], [ 2.182384, -70.026424 ], [ 2.228282, -70.029353 ], [ 2.271251, -70.045467 ], [ 2.304454, -70.070613 ], [ 2.273204, -70.084529 ], [ 2.356212, -70.137019 ], [ 2.455455, -70.155574 ], [ 2.658702, -70.143611 ], [ 2.758067, -70.125301 ], [ 2.932628, -70.117854 ], [ 3.000011, -70.095149 ] ], [ [ 2.115733, -70.675592 ], [ 2.145152, -70.650081 ], [ 2.122813, -70.61761 ], [ 2.065318, -70.601009 ], [ 1.9994, -70.597469 ], [ 1.951305, -70.604305 ], [ 1.95045, -70.628963 ], [ 1.98939, -70.654475 ], [ 2.054088, -70.673641 ], [ 2.115733, -70.675592 ] ] ] } },
{ "type": "Feature", "properties": { "type": "ice_shelf" }, "geometry": { "type": "Polygon", "coordinates": [ [ [ -7.722401, -70.678157 ], [ -7.739613, -70.812801 ], [ -7.855763, -70.825984 ], [ -7.912221, -70.843684 ], [ -7.961903, -70.873103 ], [ -7.892506, -70.970638 ], [ -7.853383, -71.006038 ], [ -7.80425, -71.029475 ], [ -7.688649, -71.063167 ], [ -7.594594, -71.113704 ], [ -7.564198, -71.150569 ], [ -7.559316, -71.20135 ], [ -7.568532, -71.334651 ], [ -7.635426, -71.355525 ], [ -7.765126, -71.428401 ], [ -7.773793, -71.446834 ], [ -7.775685, -71.516658 ], [ -7.75829, -71.536067 ], [ -7.709767, -71.562923 ], [ -7.596547, -71.594051 ], [ -7.588612, -71.611995 ], [ -7.603932, -71.633968 ], [ -7.651357, -71.657893 ], [ -7.739369, -71.647395 ], [ -7.816762, -71.671932 ], [ -8.091176, -71.657649 ], [ -8.071645, -71.632137 ], [ -8.072255, -71.611141 ], [ -8.11797, -71.581477 ], [ -8.162526, -71.576595 ], [ -8.310109, -71.634822 ], [ -8.382253, -71.68243 ], [ -8.388478, -71.692073 ], [ -8.382497, -71.709163 ], [ -8.392873, -71.723811 ], [ -8.409718, -71.729915 ], [ -8.566762, -71.712459 ], [ -8.614125, -71.699886 ], [ -8.746449, -71.700862 ], [ -8.694447, -71.66888 ], [ -8.684865, -71.656184 ], [ -8.687123, -71.640071 ], [ -8.715443, -71.58575 ], [ -8.73528, -71.566585 ], [ -8.829762, -71.53326 ], [ -8.750722, -71.473567 ], [ -8.824208, -71.427547 ], [ -8.853383, -71.420833 ], [ -8.9688, -71.428279 ], [ -9.046132, -71.418269 ], [ -9.101674, -71.426936 ], [ -9.113881, -71.425227 ], [ -9.13445, -71.405696 ], [ -9.140065, -71.367854 ], [ -9.066029, -71.322688 ], [ -9.02953, -71.309871 ], [ -8.987904, -71.276546 ], [ -8.991444, -71.25909 ], [ -9.011159, -71.236873 ], [ -9.054433, -71.206722 ], [ -9.105092, -71.185359 ], [ -9.45165, -71.099178 ], [ -9.833608, -71.09283 ], [ -9.885243, -71.084163 ], [ -9.939504, -71.062434 ], [ -9.975819, -71.028621 ], [ -9.981313, -70.987849 ], [ -9.943166, -70.944515 ], [ -10.00005, -70.920589 ], [ -9.810292, -70.870174 ], [ -9.788991, -70.856624 ], [ -9.73821, -70.774349 ], [ -9.694203, -70.748348 ], [ -9.288564, -70.642146 ], [ -9.067677, -70.611263 ], [ -9.035634, -70.601741 ], [ -9.027333, -70.583186 ], [ -9.014027, -70.579036 ], [ -8.754018, -70.530818 ], [ -8.720815, -70.528499 ], [ -8.570668, -70.553035 ], [ -8.523183, -70.532649 ], [ -8.395375, -70.513118 ], [ -8.318837, -70.519222 ], [ -8.197255, -70.505916 ], [ -8.211598, -70.539119 ], [ -8.158254, -70.528133 ], [ -8.139577, -70.541438 ], [ -8.133778, -70.571101 ], [ -8.149526, -70.62347 ], [ -8.100148, -70.658016 ], [ -8.047841, -70.675349 ], [ -7.753835, -70.685115 ], [ -7.722401, -70.678157 ] ] ] } },
{ "type": "Feature", "properties": { "type": "ice_shelf" }, "geometry": { "type": "Polygon", "coordinates": [ [ [ -6.096242, -70.607234 ], [ -5.979115, -70.685115 ], [ -6.0136, -70.679744 ], [ -6.31786, -70.707942 ], [ -6.429738, -70.737849 ], [ -6.553334, -70.814998 ], [ -6.572072, -70.837581 ], [ -6.604298, -70.914241 ], [ -6.618276, -70.924007 ], [ -7.284291, -70.791194 ], [ -7.492055, -70.784847 ], [ -7.739613, -70.812801 ], [ -7.722401, -70.678157 ], [ -7.454457, -70.619197 ], [ -7.439809, -70.611629 ], [ -7.447072, -70.567439 ], [ -7.429067, -70.564754 ], [ -7.42748, -70.528621 ], [ -7.388173, -70.506526 ], [ -7.289052, -70.482845 ], [ -7.284596, -70.456844 ], [ -7.24352, -70.44073 ], [ -7.062734, -70.423885 ], [ -6.790334, -70.445735 ], [ -6.734731, -70.459529 ], [ -6.645619, -70.455135 ], [ -6.656484, -70.437801 ], [ -6.618153, -70.414485 ], [ -6.465566, -70.429378 ], [ -6.414906, -70.45013 ], [ -6.453786, -70.444392 ], [ -6.416249, -70.471736 ], [ -6.179128, -70.57159 ], [ -6.193105, -70.583431 ], [ -6.174367, -70.606014 ], [ -6.150136, -70.614803 ], [ -6.096242, -70.607234 ] ] ] } },
{ "type": "Feature", "properties": { "type": "ice_shelf" }, "geometry": { "type": "Polygon", "coordinates": [ [ [ -2.999989, -70.527889 ], [ -2.999989, -70.677547 ], [ -3.180776, -70.668025 ], [ -3.410695, -70.692439 ], [ -3.525685, -70.681575 ], [ -3.571034, -70.692806 ], [ -3.585561, -70.738338 ], [ -3.440358, -70.751888 ], [ -3.187734, -70.824641 ], [ -2.987294, -70.856014 ], [ -2.948598, -70.879207 ], [ -2.94286, -70.899471 ], [ -2.948415, -70.919368 ], [ -2.963246, -70.933284 ], [ -2.984975, -70.935848 ], [ -2.667226, -70.993709 ], [ -2.752797, -71.011287 ], [ -2.843556, -71.055599 ], [ -2.862172, -71.053523 ], [ -2.840871, -71.080013 ], [ -2.843556, -71.112117 ], [ -2.822316, -71.126643 ], [ -2.817799, -71.156184 ], [ -2.800038, -71.167781 ], [ -2.749989, -71.170345 ], [ -2.749989, -71.284358 ], [ -2.887074, -71.268001 ], [ -2.99236, -71.28094 ], [ -3.016103, -71.297176 ], [ -2.991139, -71.361141 ], [ -3.132802, -71.356624 ], [ -3.171498, -71.343318 ], [ -3.263295, -71.292293 ], [ -3.308888, -71.29034 ], [ -3.334584, -71.324886 ], [ -3.337758, -71.425227 ], [ -3.352651, -71.439632 ], [ -3.375356, -71.445613 ], [ -3.446217, -71.434871 ], [ -3.468984, -71.437679 ], [ -3.48943, -71.450984 ], [ -3.499074, -71.468562 ], [ -3.495961, -71.484798 ], [ -3.470937, -71.521175 ], [ -3.571584, -71.510066 ], [ -3.621877, -71.471492 ], [ -3.707082, -71.457088 ], [ -3.714711, -71.430721 ], [ -3.706471, -71.399226 ], [ -3.71819, -71.378597 ], [ -3.888295, -71.306575 ], [ -3.937245, -71.294124 ], [ -3.981984, -71.296077 ], [ -3.990346, -71.315608 ], [ -3.972279, -71.34283 ], [ -3.93755, -71.367488 ], [ -4.075917, -71.357723 ], [ -4.140309, -71.34222 ], [ -4.169667, -71.345149 ], [ -4.173695, -71.370052 ], [ -4.345448, -71.326106 ], [ -4.387257, -71.322933 ], [ -4.599599, -71.345027 ], [ -4.709096, -71.334773 ], [ -4.795888, -71.344905 ], [ -5.193837, -71.330867 ], [ -5.270619, -71.354183 ], [ -5.29839, -71.355159 ], [ -5.41161, -71.3399 ], [ -5.496083, -71.348689 ], [ -5.539662, -71.3399 ], [ -5.592519, -71.353084 ], [ -5.820058, -71.341121 ], [ -5.892934, -71.361141 ], [ -6.068166, -71.347347 ], [ -6.14977, -71.366267 ], [ -6.281056, -71.310603 ], [ -6.23644, -71.305965 ], [ -6.193898, -71.291438 ], [ -6.057973, -71.219173 ], [ -6.042836, -71.201717 ], [ -6.0454, -71.188167 ], [ -6.099721, -71.156795 ], [ -6.043691, -71.118221 ], [ -5.721791, -71.029964 ], [ -5.68694, -70.958064 ], [ -5.63036, -70.894222 ], [ -5.577504, -70.861629 ], [ -5.56664, -70.841731 ], [ -5.56432, -70.820491 ], [ -5.574757, -70.803767 ], [ -5.675282, -70.732723 ], [ -5.979115, -70.685115 ], [ -6.096242, -70.607234 ], [ -5.921681, -70.564998 ], [ -5.884877, -70.549373 ], [ -5.965993, -70.49847 ], [ -5.978383, -70.465144 ], [ -5.941213, -70.424129 ], [ -5.88091, -70.445857 ], [ -5.824696, -70.485042 ], [ -5.82665, -70.451106 ], [ -5.741567, -70.437679 ], [ -5.705861, -70.419368 ], [ -5.698537, -70.393245 ], [ -5.678456, -70.373714 ], [ -5.618153, -70.3493 ], [ -5.569936, -70.351253 ], [ -5.550343, -70.362727 ], [ -5.600209, -70.3847 ], [ -5.567738, -70.396907 ], [ -5.115102, -70.37823 ], [ -5.008901, -70.356746 ], [ -3.527028, -70.416072 ], [ -3.44164, -70.448665 ], [ -3.492482, -70.481014 ], [ -3.509938, -70.514583 ], [ -3.476186, -70.530452 ], [ -3.430409, -70.538509 ], [ -2.999989, -70.527889 ] ], [ [ -3.373525, -71.094051 ], [ -3.389516, -71.114558 ], [ -3.415028, -71.129939 ], [ -3.370839, -71.172054 ], [ -3.304189, -71.208553 ], [ -3.224477, -71.228938 ], [ -3.132619, -71.238582 ], [ -3.036549, -71.237361 ], [ -2.944569, -71.225032 ], [ -2.98644, -71.184383 ], [ -3.179067, -71.110164 ], [ -3.228078, -71.052791 ], [ -3.368031, -71.052913 ], [ -3.409291, -71.066585 ], [ -3.373525, -71.094051 ] ] ] } },
{ "type": "Feature", "properties": { "type": "ice_shelf" }, "geometry": { "type": "Polygon", "coordinates": [ [ [ 56.432994, -66.928035 ], [ 56.601207, -66.943416 ], [ 56.658214, -66.933284 ], [ 56.702037, -66.903621 ], [ 56.740367, -66.920589 ], [ 56.814586, -66.897273 ], [ 56.915294, -66.903987 ], [ 56.934337, -66.922786 ], [ 56.983165, -66.912044 ], [ 57.02003, -66.914119 ], [ 57.090465, -66.942561 ], [ 57.099864, -66.955623 ], [ 57.047374, -66.976497 ], [ 56.964366, -66.977718 ], [ 56.983531, -66.990657 ], [ 56.942149, -67.026668 ], [ 56.93336, -67.04742 ], [ 56.906627, -67.053401 ], [ 56.884776, -67.068172 ], [ 56.838512, -67.057063 ], [ 56.681407, -67.074153 ], [ 56.558482, -67.10992 ], [ 56.445567, -67.164729 ], [ 56.33961, -67.23199 ], [ 56.308238, -67.267146 ], [ 56.209972, -67.336726 ], [ 56.179332, -67.381282 ], [ 56.170665, -67.408992 ], [ 56.118785, -67.387019 ], [ 56.08839, -67.348567 ], [ 56.153453, -67.196101 ], [ 55.732188, -67.263606 ], [ 55.762218, -67.207576 ], [ 55.855479, -67.170345 ], [ 56.208751, -67.082942 ], [ 56.289561, -67.052791 ], [ 56.367198, -67.010188 ], [ 56.342174, -67.001155 ], [ 56.256724, -66.998592 ], [ 56.308849, -66.977474 ], [ 56.272716, -66.965022 ], [ 56.154063, -66.951839 ], [ 56.194347, -66.933894 ], [ 56.292735, -66.9295 ], [ 56.322032, -66.90887 ], [ 56.271617, -66.875667 ], [ 56.36317, -66.883968 ], [ 56.432994, -66.928035 ] ] ] } },
{ "type": "Feature", "properties": { "type": "ice_shelf" }, "geometry": { "type": "Polygon", "coordinates": [ [ [ 49.911998, -67.143123 ], [ 49.980601, -67.143977 ], [ 50.006969, -67.1618 ], [ 49.982188, -67.173763 ], [ 49.934581, -67.22552 ], [ 49.90089, -67.236385 ], [ 49.821544, -67.241023 ], [ 49.733165, -67.286433 ], [ 49.69752, -67.288509 ], [ 49.66566, -67.278377 ], [ 49.782848, -67.21844 ], [ 49.884654, -67.117854 ], [ 49.89564, -67.135066 ], [ 49.911998, -67.143123 ] ] ] } },
{ "type": "Feature", "properties": { "type": "ice_shelf" }, "geometry": { "type": "Polygon", "coordinates": [ [ [ 56.298106, -66.394099 ], [ 56.379771, -66.398494 ], [ 56.447032, -66.397273 ], [ 56.424571, -66.408016 ], [ 56.409679, -66.428279 ], [ 56.399058, -66.462703 ], [ 56.298106, -66.394099 ] ] ] } },
{ "type": "Feature", "properties": { "type": "ice_shelf" }, "geometry": { "type": "Polygon", "coordinates": [ [ [ 58.548839, -67.230281 ], [ 58.582164, -67.23211 ], [ 58.723033, -67.274837 ], [ 58.952891, -67.305476 ], [ 58.837657, -67.346858 ], [ 58.842296, -67.352962 ], [ 58.757823, -67.336849 ], [ 58.681041, -67.343074 ], [ 58.672374, -67.325862 ], [ 58.593761, -67.298518 ], [ 58.568614, -67.274715 ], [ 58.548839, -67.230281 ] ] ] } },
{ "type": "Feature", "properties": { "type": "ice_shelf" }, "geometry": { "type": "Polygon", "coordinates": [ [ [ 58.277599, -67.128596 ], [ 58.294078, -67.148128 ], [ 58.270274, -67.148006 ], [ 58.069957, -67.220516 ], [ 58.046886, -67.225032 ], [ 58.020274, -67.218929 ], [ 58.038097, -67.196224 ], [ 58.149913, -67.14117 ], [ 58.151744, -67.125911 ], [ 58.136485, -67.098445 ], [ 58.081432, -67.094051 ], [ 58.084605, -67.061458 ], [ 58.104503, -67.051204 ], [ 58.250499, -67.054744 ], [ 58.278819, -67.062434 ], [ 58.251353, -67.081966 ], [ 58.292369, -67.091731 ], [ 58.277599, -67.128596 ] ] ] } },
{ "type": "Feature", "properties": { "type": "ice_shelf" }, "geometry": { "type": "Polygon", "coordinates": [ [ [ 76.751231, -69.248958 ], [ 76.80421, -69.257869 ], [ 76.840709, -69.282771 ], [ 76.827525, -69.289851 ], [ 76.828258, -69.351985 ], [ 76.795665, -69.364314 ], [ 76.733165, -69.350765 ], [ 76.682994, -69.353084 ], [ 76.57252, -69.376033 ], [ 76.58961, -69.348445 ], [ 76.625377, -69.342464 ], [ 76.713267, -69.296565 ], [ 76.69752, -69.262141 ], [ 76.751231, -69.248958 ] ] ] } },
{ "type": "Feature", "properties": { "type": "ice_shelf" }, "geometry": { "type": "Polygon", "coordinates": [ [ [ 56.056407, -66.573909 ], [ 56.19337, -66.582942 ], [ 56.277721, -66.620418 ], [ 56.377208, -66.632015 ], [ 56.496593, -66.685725 ], [ 56.514659, -66.632991 ], [ 56.531749, -66.620418 ], [ 56.564708, -66.612849 ], [ 56.565318, -66.6524 ], [ 56.622203, -66.681331 ], [ 56.782481, -66.713313 ], [ 56.807872, -66.746272 ], [ 56.769054, -66.768245 ], [ 56.644176, -66.796321 ], [ 56.688731, -66.860408 ], [ 56.620006, -66.848201 ], [ 56.500865, -66.861507 ], [ 56.466319, -66.858455 ], [ 56.3921, -66.832332 ], [ 56.542491, -66.791683 ], [ 56.389781, -66.807918 ], [ 56.380504, -66.806087 ], [ 56.357066, -66.775569 ], [ 56.48463, -66.758479 ], [ 56.509532, -66.743831 ], [ 56.417369, -66.743099 ], [ 56.358653, -66.723201 ], [ 56.226451, -66.700862 ], [ 56.170177, -66.710994 ], [ 56.134532, -66.679622 ], [ 56.012706, -66.660945 ], [ 56.065807, -66.646785 ], [ 56.087413, -66.632869 ], [ 56.087901, -66.611139 ], [ 56.071178, -66.600398 ], [ 55.991832, -66.58575 ], [ 56.056407, -66.573909 ] ] ] } }
]
}
