{
"type": "FeatureCollection",
"name": "out_visitor_sites",
"crs": { "type": "name", "properties": { "name": "urn:ogc:def:crs:OGC:1.3:CRS84" } },
"features": [
{ "type": "Feature", "properties": { "name": "Débarquement Rock", "activity_type": "visitor_site", "duration": "transient", "year": 2023, "id": "1", "region": "C", "site": "Geologie Archipelago", "total_visits_5yr": 139, "23_24_vi": 0, "22_23_vi": 139, "21_22_vi": 0, "20_21_vi": 0, "19_20_vi": 0 }, "geometry": { "type": "Point", "coordinates": [ 140.066667, -66.59999999999981 ] } },
{ "type": "Feature", "properties": { "name": "Cape Denison", "activity_type": "visitor_site", "duration": "transient", "year": 2020, "id": "16", "region": "C", "site": "Commonwealth Bay", "total_visits_5yr": 0, "23_24_vi": 0, "22_23_vi": 0, "21_22_vi": 0, "20_21_vi": 0, "19_20_vi": 0 }, "geometry": { "type": "Point", "coordinates": [ 142.666667, -66.999999999999858 ] } },
{ "type": "Feature", "properties": { "name": "Mertz Glacier Tongue", "activity_type": "visitor_site", "duration": "transient", "year": 2023, "id": "18", "region": "C", "site": "George V Coast", "total_visits_5yr": 104, "23_24_vi": 0, "22_23_vi": 104, "21_22_vi": 0, "20_21_vi": 0, "19_20_vi": 0 }, "geometry": { "type": "Point", "coordinates": [ 145.5, -67.166666999999876 ] } },
{ "type": "Feature", "properties": { "name": "Bay of Whales", "activity_type": "visitor_site", "duration": "transient", "year": 2020, "id": "23", "region": "C", "site": "Ross Ice Shelf", "total_visits_5yr": 129, "23_24_vi": 0, "22_23_vi": 0, "21_22_vi": 0, "20_21_vi": 0, "19_20_vi": 129 }, "geometry": { "type": "Point", "coordinates": [ -164.333333, -78.49999999999855 ] } },
{ "type": "Feature", "properties": { "name": "Ross Ice Shelf", "activity_type": "visitor_site", "duration": "transient", "year": 2024, "id": "24", "region": "C", "site": "Ross Sea", "total_visits_5yr": 313, "23_24_vi": 98, "22_23_vi": 86, "21_22_vi": 0, "20_21_vi": 0, "19_20_vi": 129 }, "geometry": { "type": "Point", "coordinates": [ -175.0, -81.499999999999829 ] } },
{ "type": "Feature", "properties": { "name": "Ross Sea", "activity_type": "visitor_site", "duration": "transient", "year": 2024, "id": "25", "region": "C", "site": "", "total_visits_5yr": 246, "23_24_vi": 92, "22_23_vi": 154, "21_22_vi": 0, "20_21_vi": 0, "19_20_vi": 0 }, "geometry": { "type": "Point", "coordinates": [ -179.0, -74.0 ] } },
{ "type": "Feature", "properties": { "name": "Brownson Islands", "activity_type": "visitor_site", "duration": "transient", "year": 2023, "id": "34", "region": "C", "site": "Amundsen Sea", "total_visits_5yr": 125, "23_24_vi": 0, "22_23_vi": 125, "21_22_vi": 0, "20_21_vi": 0, "19_20_vi": 0 }, "geometry": { "type": "Point", "coordinates": [ -103.6, -74.1667 ] } },
{ "type": "Feature", "properties": { "name": "Siple Island", "activity_type": "visitor_site", "duration": "transient", "year": 2024, "id": "35", "region": "C", "site": "Bakutis Coast", "total_visits_5yr": 357, "23_24_vi": 105, "22_23_vi": 190, "21_22_vi": 62, "20_21_vi": 0, "19_20_vi": 0 }, "geometry": { "type": "Point", "coordinates": [ -125.0, -73.65 ] } },
{ "type": "Feature", "properties": { "name": "Union Glacier", "activity_type": "visitor_site", "duration": "transient", "year": 2020, "id": "37", "region": "C", "site": "Ellsworth Mountains", "total_visits_5yr": 372, "23_24_vi": 0, "22_23_vi": 0, "21_22_vi": 0, "20_21_vi": 0, "19_20_vi": 372 }, "geometry": { "type": "Point", "coordinates": [ -82.5, -79.749999999999346 ] } },
{ "type": "Feature", "properties": { "name": "Cape Colbeck", "activity_type": "visitor_site", "duration": "transient", "year": 2020, "id": "40", "region": "C", "site": "", "total_visits_5yr": 127, "23_24_vi": 0, "22_23_vi": 0, "21_22_vi": 0, "20_21_vi": 0, "19_20_vi": 127 }, "geometry": { "type": "Point", "coordinates": [ -158.416667, -77.083333 ] } },
{ "type": "Feature", "properties": { "name": "Amundsen Sea", "activity_type": "visitor_site", "duration": "transient", "year": 2023, "id": "42", "region": "C", "site": "", "total_visits_5yr": 87, "23_24_vi": 0, "22_23_vi": 87, "21_22_vi": 0, "20_21_vi": 0, "19_20_vi": 0 }, "geometry": { "type": "Point", "coordinates": [ -112.0, -73.0 ] } },
{ "type": "Feature", "properties": { "name": "Peter I Island", "activity_type": "visitor_site", "duration": "transient", "year": 2024, "id": "43", "region": "C", "site": "Bellinghausen Sea", "total_visits_5yr": 317, "23_24_vi": 110, "22_23_vi": 155, "21_22_vi": 52, "20_21_vi": 0, "19_20_vi": 0 }, "geometry": { "type": "Point", "coordinates": [ -90.583333, -68.783333 ] } },
{ "type": "Feature", "properties": { "name": "Sabrina Island", "activity_type": "visitor_site", "duration": "transient", "year": 2020, "id": "46", "region": "C", "site": "Oates Coast", "total_visits_5yr": 1, "23_24_vi": 0, "22_23_vi": 0, "21_22_vi": 0, "20_21_vi": 0, "19_20_vi": 1 }, "geometry": { "type": "Point", "coordinates": [ 163.2833, -66.949999999999847 ] } },
{ "type": "Feature", "properties": { "name": "Wolfs Fang Runway", "activity_type": "visitor_site", "duration": "transient", "year": 2022, "id": "67", "region": "C", "site": "Princess Astrid Coast", "total_visits_5yr": 317, "23_24_vi": 0, "22_23_vi": 0, "21_22_vi": 158, "20_21_vi": 0, "19_20_vi": 159 }, "geometry": { "type": "Point", "coordinates": [ 8.796464, -71.521739 ] } },
{ "type": "Feature", "properties": { "name": "Novolazarevskaya Aerodrome", "activity_type": "visitor_site", "duration": "transient", "year": 2020, "id": "68", "region": "C", "site": "Princess Astrid Coast", "total_visits_5yr": 60, "23_24_vi": 0, "22_23_vi": 0, "21_22_vi": 0, "20_21_vi": 0, "19_20_vi": 60 }, "geometry": { "type": "Point", "coordinates": [ 11.864722, -70.773611 ] } },
{ "type": "Feature", "properties": { "name": "Canada Glacier", "activity_type": "visitor_site", "duration": "transient", "year": 2023, "id": "81", "region": "C", "site": "McMurdo Dry Valleys", "total_visits_5yr": 360, "23_24_vi": 0, "22_23_vi": 167, "21_22_vi": 0, "20_21_vi": 0, "19_20_vi": 193 }, "geometry": { "type": "Point", "coordinates": [ 163.054, -77.627 ] } },
{ "type": "Feature", "properties": { "name": "Hut Point", "activity_type": "visitor_site", "duration": "transient", "year": 2024, "id": "88", "region": "C", "site": "Ross Island", "total_visits_5yr": 995, "23_24_vi": 222, "22_23_vi": 485, "21_22_vi": 44, "20_21_vi": 0, "19_20_vi": 244 }, "geometry": { "type": "Point", "coordinates": [ 166.633333, -77.85 ] } },
{ "type": "Feature", "properties": { "name": "Cape Royds", "activity_type": "visitor_site", "duration": "transient", "year": 2024, "id": "91", "region": "C", "site": "Ross Island", "total_visits_5yr": 1696, "23_24_vi": 856, "22_23_vi": 544, "21_22_vi": 29, "20_21_vi": 0, "19_20_vi": 267 }, "geometry": { "type": "Point", "coordinates": [ 166.166667, -77.55 ] } },
{ "type": "Feature", "properties": { "name": "Scott Base", "activity_type": "visitor_site", "duration": "transient", "year": 2020, "id": "92", "region": "C", "site": "Ross Island", "total_visits_5yr": 158, "23_24_vi": 0, "22_23_vi": 0, "21_22_vi": 0, "20_21_vi": 0, "19_20_vi": 158 }, "geometry": { "type": "Point", "coordinates": [ 166.767281, -77.849437 ] } },
{ "type": "Feature", "properties": { "name": "Cape Evans", "activity_type": "visitor_site", "duration": "transient", "year": 2024, "id": "93", "region": "C", "site": "Ross Island", "total_visits_5yr": 2405, "23_24_vi": 1168, "22_23_vi": 864, "21_22_vi": 39, "20_21_vi": 0, "19_20_vi": 334 }, "geometry": { "type": "Point", "coordinates": [ 166.4, -77.633333 ] } },
{ "type": "Feature", "properties": { "name": "Cape Crozier", "activity_type": "visitor_site", "duration": "transient", "year": 2022, "id": "95", "region": "C", "site": "Ross Island", "total_visits_5yr": 44, "23_24_vi": 0, "22_23_vi": 0, "21_22_vi": 44, "20_21_vi": 0, "19_20_vi": 0 }, "geometry": { "type": "Point", "coordinates": [ 169.4, -77.5167 ] } },
{ "type": "Feature", "properties": { "name": "Cape Bird", "activity_type": "visitor_site", "duration": "transient", "year": 2024, "id": "96", "region": "C", "site": "Ross Island", "total_visits_5yr": 676, "23_24_vi": 207, "22_23_vi": 370, "21_22_vi": 0, "20_21_vi": 0, "19_20_vi": 99 }, "geometry": { "type": "Point", "coordinates": [ 166.683333, -77.166667 ] } },
{ "type": "Feature", "properties": { "name": "Cape Adare", "activity_type": "visitor_site", "duration": "transient", "year": 2024, "id": "97", "region": "C", "site": "Ross Sea", "total_visits_5yr": 1363, "23_24_vi": 305, "22_23_vi": 696, "21_22_vi": 44, "20_21_vi": 0, "19_20_vi": 318 }, "geometry": { "type": "Point", "coordinates": [ 170.1, -71.283333 ] } },
{ "type": "Feature", "properties": { "name": "Moubray Bay", "activity_type": "visitor_site", "duration": "transient", "year": 2023, "id": "99", "region": "C", "site": "Ross Sea", "total_visits_5yr": 119, "23_24_vi": 0, "22_23_vi": 119, "21_22_vi": 0, "20_21_vi": 0, "19_20_vi": 0 }, "geometry": { "type": "Point", "coordinates": [ 170.25, -72.183333 ] } },
{ "type": "Feature", "properties": { "name": "Terra Nova Bay", "activity_type": "visitor_site", "duration": "transient", "year": 2020, "id": "100", "region": "C", "site": "Ross Sea", "total_visits_5yr": 47, "23_24_vi": 0, "22_23_vi": 0, "21_22_vi": 0, "20_21_vi": 0, "19_20_vi": 47 }, "geometry": { "type": "Point", "coordinates": [ 164.5, -74.833333 ] } },
{ "type": "Feature", "properties": { "name": "McMurdo Sound", "activity_type": "visitor_site", "duration": "transient", "year": 2024, "id": "101", "region": "C", "site": "Ross Sea", "total_visits_5yr": 138, "23_24_vi": 138, "22_23_vi": 0, "21_22_vi": 0, "20_21_vi": 0, "19_20_vi": 0 }, "geometry": { "type": "Point", "coordinates": [ 165.0, -77.5 ] } },
{ "type": "Feature", "properties": { "name": "Foyn Island", "activity_type": "visitor_site", "duration": "transient", "year": 2024, "id": "105", "region": "C", "site": "Ross Sea", "total_visits_5yr": 497, "23_24_vi": 391, "22_23_vi": 106, "21_22_vi": 0, "20_21_vi": 0, "19_20_vi": 0 }, "geometry": { "type": "Point", "coordinates": [ 171.066667, -71.933333 ] } },
{ "type": "Feature", "properties": { "name": "Possession Island", "activity_type": "visitor_site", "duration": "transient", "year": 2024, "id": "106", "region": "C", "site": "Ross Sea", "total_visits_5yr": 464, "23_24_vi": 128, "22_23_vi": 129, "21_22_vi": 42, "20_21_vi": 0, "19_20_vi": 165 }, "geometry": { "type": "Point", "coordinates": [ 171.2, -71.866667 ] } },
{ "type": "Feature", "properties": { "name": "Franklin Island", "activity_type": "visitor_site", "duration": "transient", "year": 2024, "id": "107", "region": "C", "site": "Ross Sea", "total_visits_5yr": 445, "23_24_vi": 163, "22_23_vi": 0, "21_22_vi": 0, "20_21_vi": 0, "19_20_vi": 282 }, "geometry": { "type": "Point", "coordinates": [ 168.316667, -76.083333 ] } },
{ "type": "Feature", "properties": { "name": "Coulman Island", "activity_type": "visitor_site", "duration": "transient", "year": 2020, "id": "108", "region": "C", "site": "Ross Sea", "total_visits_5yr": 108, "23_24_vi": 0, "22_23_vi": 0, "21_22_vi": 0, "20_21_vi": 0, "19_20_vi": 108 }, "geometry": { "type": "Point", "coordinates": [ 169.95, -73.416667 ] } },
{ "type": "Feature", "properties": { "name": "Inexpressible Island", "activity_type": "visitor_site", "duration": "transient", "year": 2024, "id": "109", "region": "C", "site": "Terra Nova Bay", "total_visits_5yr": 419, "23_24_vi": 304, "22_23_vi": 0, "21_22_vi": 0, "20_21_vi": 0, "19_20_vi": 115 }, "geometry": { "type": "Point", "coordinates": [ 163.616667, -75.016667 ] } },
{ "type": "Feature", "properties": { "name": "Mario Zucchelli (Terra Nova) Station", "activity_type": "visitor_site", "duration": "transient", "year": 2020, "id": "110", "region": "C", "site": "Terra Nova Bay", "total_visits_5yr": 161, "23_24_vi": 0, "22_23_vi": 0, "21_22_vi": 0, "20_21_vi": 0, "19_20_vi": 161 }, "geometry": { "type": "Point", "coordinates": [ 164.113268, -74.694807 ] } },
{ "type": "Feature", "properties": { "name": "Gondwana Station", "activity_type": "visitor_site", "duration": "transient", "year": 2024, "id": "111", "region": "C", "site": "Terra Nova Bay", "total_visits_5yr": 279, "23_24_vi": 151, "22_23_vi": 0, "21_22_vi": 42, "20_21_vi": 0, "19_20_vi": 86 }, "geometry": { "type": "Point", "coordinates": [ 164.221215, -74.635501 ] } },
{ "type": "Feature", "properties": { "name": "Cape Hallett", "activity_type": "visitor_site", "duration": "transient", "year": 2024, "id": "116", "region": "C", "site": "", "total_visits_5yr": 255, "23_24_vi": 160, "22_23_vi": 93, "21_22_vi": 0, "20_21_vi": 0, "19_20_vi": 2 }, "geometry": { "type": "Point", "coordinates": [ 170.266667, -72.316667 ] } },
{ "type": "Feature", "properties": { "name": "Duke of York Island", "activity_type": "visitor_site", "duration": "transient", "year": 2020, "id": "119", "region": "C", "site": "", "total_visits_5yr": 10, "23_24_vi": 0, "22_23_vi": 0, "21_22_vi": 0, "20_21_vi": 0, "19_20_vi": 10 }, "geometry": { "type": "Point", "coordinates": [ 170.0667, -71.6333 ] } },
{ "type": "Feature", "properties": { "name": "Colbeck Bay", "activity_type": "visitor_site", "duration": "transient", "year": 2023, "id": "120", "region": "C", "site": "", "total_visits_5yr": 74, "23_24_vi": 0, "22_23_vi": 74, "21_22_vi": 0, "20_21_vi": 0, "19_20_vi": 0 }, "geometry": { "type": "Point", "coordinates": [ 170.0833, -71.6333 ] } },
{ "type": "Feature", "properties": { "name": "Sandefjord Bay", "activity_type": "visitor_site", "duration": "transient", "year": 2024, "id": "128", "region": "I", "site": "South Orkney Islands", "total_visits_5yr": 194, "23_24_vi": 113, "22_23_vi": 0, "21_22_vi": 81, "20_21_vi": 0, "19_20_vi": 0 }, "geometry": { "type": "Point", "coordinates": [ -46.033333, -60.616666999998849 ] } },
{ "type": "Feature", "properties": { "name": "Shingle Cove", "activity_type": "visitor_site", "duration": "transient", "year": 2024, "id": "131", "region": "I", "site": "South Orkney Islands", "total_visits_5yr": 4249, "23_24_vi": 1819, "22_23_vi": 1271, "21_22_vi": 918, "20_21_vi": 0, "19_20_vi": 241 }, "geometry": { "type": "Point", "coordinates": [ -45.55, -60.649999999998876 ] } },
{ "type": "Feature", "properties": { "name": "Gibbon Bay", "activity_type": "visitor_site", "duration": "transient", "year": 2023, "id": "132", "region": "I", "site": "South Orkney Islands", "total_visits_5yr": 189, "23_24_vi": 0, "22_23_vi": 189, "21_22_vi": 0, "20_21_vi": 0, "19_20_vi": 0 }, "geometry": { "type": "Point", "coordinates": [ -45.15, -60.649999999998876 ] } },
{ "type": "Feature", "properties": { "name": "Orcadas Station", "activity_type": "visitor_site", "duration": "transient", "year": 2020, "id": "137", "region": "I", "site": "South Orkney Islands", "total_visits_5yr": 1870, "23_24_vi": 0, "22_23_vi": 0, "21_22_vi": 0, "20_21_vi": 0, "19_20_vi": 1870 }, "geometry": { "type": "Point", "coordinates": [ -44.737387, -60.737591999998891 ] } },
{ "type": "Feature", "properties": { "name": "Matthews Island", "activity_type": "visitor_site", "duration": "transient", "year": 2023, "id": "140", "region": "I", "site": "South Orkney Islands", "total_visits_5yr": 4, "23_24_vi": 0, "22_23_vi": 4, "21_22_vi": 0, "20_21_vi": 0, "19_20_vi": 0 }, "geometry": { "type": "Point", "coordinates": [ -45.166667, -60.749999999998906 ] } },
{ "type": "Feature", "properties": { "name": "Signy Island Station", "activity_type": "visitor_site", "duration": "transient", "year": 2024, "id": "141", "region": "I", "site": "South Orkney Islands", "total_visits_5yr": 331, "23_24_vi": 170, "22_23_vi": 4, "21_22_vi": 0, "20_21_vi": 0, "19_20_vi": 157 }, "geometry": { "type": "Point", "coordinates": [ -45.6, -60.7166669999989 ] } },
{ "type": "Feature", "properties": { "name": "Stygian Cove", "activity_type": "visitor_site", "duration": "transient", "year": 2023, "id": "142", "region": "I", "site": "South Orkney Islands", "total_visits_5yr": 212, "23_24_vi": 0, "22_23_vi": 170, "21_22_vi": 42, "20_21_vi": 0, "19_20_vi": 0 }, "geometry": { "type": "Point", "coordinates": [ -45.6083, -60.68329999999888 ] } },
{ "type": "Feature", "properties": { "name": "Laurie Island", "activity_type": "visitor_site", "duration": "transient", "year": 2024, "id": "144", "region": "I", "site": "South Orkney Islands", "total_visits_5yr": 180, "23_24_vi": 71, "22_23_vi": 0, "21_22_vi": 0, "20_21_vi": 0, "19_20_vi": 109 }, "geometry": { "type": "Point", "coordinates": [ -44.583333, -60.733332999998908 ] } },
{ "type": "Feature", "properties": { "name": "South Orkney Islands", "activity_type": "visitor_site", "duration": "transient", "year": 2024, "id": "148", "region": "I", "site": "South Orkney Islands", "total_visits_5yr": 112, "23_24_vi": 112, "22_23_vi": 0, "21_22_vi": 0, "20_21_vi": 0, "19_20_vi": 0 }, "geometry": { "type": "Point", "coordinates": [ -45.5, -60.583332999998866 ] } },
{ "type": "Feature", "properties": { "name": "Carroll Inlet", "activity_type": "visitor_site", "duration": "transient", "year": 2023, "id": "149", "region": "P", "site": "", "total_visits_5yr": 80, "23_24_vi": 0, "22_23_vi": 47, "21_22_vi": 33, "20_21_vi": 0, "19_20_vi": 0 }, "geometry": { "type": "Point", "coordinates": [ -78.5, -73.3 ] } },
{ "type": "Feature", "properties": { "name": "Sims Island", "activity_type": "visitor_site", "duration": "transient", "year": 2024, "id": "150", "region": "P", "site": "", "total_visits_5yr": 605, "23_24_vi": 255, "22_23_vi": 172, "21_22_vi": 178, "20_21_vi": 0, "19_20_vi": 0 }, "geometry": { "type": "Point", "coordinates": [ -78.3167, -73.35 ] } },
{ "type": "Feature", "properties": { "name": "The Gullet", "activity_type": "visitor_site", "duration": "transient", "year": 2024, "id": "151", "region": "P", "site": "Adelaide Island", "total_visits_5yr": 467, "23_24_vi": 114, "22_23_vi": 0, "21_22_vi": 353, "20_21_vi": 0, "19_20_vi": 0 }, "geometry": { "type": "Point", "coordinates": [ -67.633333, -67.166666999999876 ] } },
{ "type": "Feature", "properties": { "name": "Jenny Island", "activity_type": "visitor_site", "duration": "transient", "year": 2024, "id": "155", "region": "P", "site": "Adelaide Island", "total_visits_5yr": 2914, "23_24_vi": 917, "22_23_vi": 981, "21_22_vi": 285, "20_21_vi": 0, "19_20_vi": 731 }, "geometry": { "type": "Point", "coordinates": [ -68.4, -67.733332999999888 ] } },
{ "type": "Feature", "properties": { "name": "Rothera Station", "activity_type": "visitor_site", "duration": "transient", "year": 2024, "id": "156", "region": "P", "site": "Adelaide Island", "total_visits_5yr": 7, "23_24_vi": 7, "22_23_vi": 0, "21_22_vi": 0, "20_21_vi": 0, "19_20_vi": 0 }, "geometry": { "type": "Point", "coordinates": [ -68.124888, -67.569528999999875 ] } },
{ "type": "Feature", "properties": { "name": "Neko Harbor", "activity_type": "visitor_site", "duration": "transient", "year": 2024, "id": "162", "region": "P", "site": "Arctowski Peninsula", "total_visits_5yr": 76214, "23_24_vi": 23719, "22_23_vi": 21035, "21_22_vi": 7457, "20_21_vi": 0, "19_20_vi": 24003 }, "geometry": { "type": "Point", "coordinates": [ -62.55, -64.833332999999683 ] } },
{ "type": "Feature", "properties": { "name": "Duthiers Point", "activity_type": "visitor_site", "duration": "transient", "year": 2024, "id": "163", "region": "P", "site": "Arctowski Peninsula", "total_visits_5yr": 493, "23_24_vi": 278, "22_23_vi": 51, "21_22_vi": 114, "20_21_vi": 0, "19_20_vi": 50 }, "geometry": { "type": "Point", "coordinates": [ -62.816667, -64.79999999999967 ] } },
{ "type": "Feature", "properties": { "name": "Sable Pinnacles", "activity_type": "visitor_site", "duration": "transient", "year": 2023, "id": "164", "region": "P", "site": "Arctowski Peninsula", "total_visits_5yr": 46, "23_24_vi": 0, "22_23_vi": 46, "21_22_vi": 0, "20_21_vi": 0, "19_20_vi": 0 }, "geometry": { "type": "Point", "coordinates": [ -62.566667, -64.666666999999649 ] } },
{ "type": "Feature", "properties": { "name": "Ronge Island Ketley Point", "activity_type": "visitor_site", "duration": "transient", "year": 2022, "id": "166", "region": "P", "site": "Arctowski Peninsula", "total_visits_5yr": 115, "23_24_vi": 0, "22_23_vi": 0, "21_22_vi": 4, "20_21_vi": 0, "19_20_vi": 111 }, "geometry": { "type": "Point", "coordinates": [ -62.766667, -64.699999999999662 ] } },
{ "type": "Feature", "properties": { "name": "Ronge Island Kerr Point", "activity_type": "visitor_site", "duration": "transient", "year": 2024, "id": "167", "region": "P", "site": "Arctowski Peninsula", "total_visits_5yr": 576, "23_24_vi": 91, "22_23_vi": 376, "21_22_vi": 0, "20_21_vi": 0, "19_20_vi": 109 }, "geometry": { "type": "Point", "coordinates": [ -62.633333, -64.699999999999662 ] } },
{ "type": "Feature", "properties": { "name": "Ronge Island Georges Point", "activity_type": "visitor_site", "duration": "transient", "year": 2024, "id": "169", "region": "P", "site": "Arctowski Peninsula", "total_visits_5yr": 6824, "23_24_vi": 978, "22_23_vi": 2475, "21_22_vi": 356, "20_21_vi": 0, "19_20_vi": 3015 }, "geometry": { "type": "Point", "coordinates": [ -62.666667, -64.666666999999649 ] } },
{ "type": "Feature", "properties": { "name": "Orne Islands", "activity_type": "visitor_site", "duration": "transient", "year": 2024, "id": "170", "region": "P", "site": "", "total_visits_5yr": 5435, "23_24_vi": 1354, "22_23_vi": 796, "21_22_vi": 1482, "20_21_vi": 0, "19_20_vi": 1803 }, "geometry": { "type": "Point", "coordinates": [ -62.666667, -64.666666999999649 ] } },
{ "type": "Feature", "properties": { "name": "Vernadsky (Faraday) Station", "activity_type": "visitor_site", "duration": "transient", "year": 2024, "id": "171", "region": "P", "site": "Argentine Islands", "total_visits_5yr": 2574, "23_24_vi": 497, "22_23_vi": 14, "21_22_vi": 0, "20_21_vi": 0, "19_20_vi": 2063 }, "geometry": { "type": "Point", "coordinates": [ -64.257481, -65.245742999999734 ] } },
{ "type": "Feature", "properties": { "name": "Wordie Hut (House)", "activity_type": "visitor_site", "duration": "transient", "year": 2024, "id": "172", "region": "P", "site": "Argentine Islands", "total_visits_5yr": 8138, "23_24_vi": 2116, "22_23_vi": 4381, "21_22_vi": 114, "20_21_vi": 0, "19_20_vi": 1527 }, "geometry": { "type": "Point", "coordinates": [ -64.266667, -65.249999999999702 ] } },
{ "type": "Feature", "properties": { "name": "Crystal Sound", "activity_type": "visitor_site", "duration": "transient", "year": 2024, "id": "176", "region": "P", "site": "Biscoe Islands", "total_visits_5yr": 405, "23_24_vi": 277, "22_23_vi": 128, "21_22_vi": 0, "20_21_vi": 0, "19_20_vi": 0 }, "geometry": { "type": "Point", "coordinates": [ -66.5, -66.383332999999794 ] } },
{ "type": "Feature", "properties": { "name": "Skog Bay", "activity_type": "visitor_site", "duration": "transient", "year": 2023, "id": "187", "region": "P", "site": "Crystal Sound", "total_visits_5yr": 1, "23_24_vi": 0, "22_23_vi": 1, "21_22_vi": 0, "20_21_vi": 0, "19_20_vi": 0 }, "geometry": { "type": "Point", "coordinates": [ -66.4667, -66.883299999999849 ] } },
{ "type": "Feature", "properties": { "name": "Beneden Head", "activity_type": "visitor_site", "duration": "transient", "year": 2023, "id": "188", "region": "P", "site": "Danco Coast", "total_visits_5yr": 223, "23_24_vi": 0, "22_23_vi": 223, "21_22_vi": 0, "20_21_vi": 0, "19_20_vi": 0 }, "geometry": { "type": "Point", "coordinates": [ -62.7, -64.766666999999671 ] } },
{ "type": "Feature", "properties": { "name": "Andvord Bay", "activity_type": "visitor_site", "duration": "transient", "year": 2022, "id": "189", "region": "P", "site": "Danco Coast", "total_visits_5yr": 140, "23_24_vi": 0, "22_23_vi": 0, "21_22_vi": 140, "20_21_vi": 0, "19_20_vi": 0 }, "geometry": { "type": "Point", "coordinates": [ -62.616667, -64.833332999999669 ] } },
{ "type": "Feature", "properties": { "name": "Hughes Bay", "activity_type": "visitor_site", "duration": "transient", "year": 2024, "id": "193", "region": "P", "site": "Danco Coast", "total_visits_5yr": 302, "23_24_vi": 175, "22_23_vi": 127, "21_22_vi": 0, "20_21_vi": 0, "19_20_vi": 0 }, "geometry": { "type": "Point", "coordinates": [ -61.333333, -64.216666999999589 ] } },
{ "type": "Feature", "properties": { "name": "Brialmont Cove", "activity_type": "visitor_site", "duration": "transient", "year": 2023, "id": "195", "region": "P", "site": "Danco Coast", "total_visits_5yr": 196, "23_24_vi": 0, "22_23_vi": 196, "21_22_vi": 0, "20_21_vi": 0, "19_20_vi": 0 }, "geometry": { "type": "Point", "coordinates": [ -60.983333, -64.266666999999615 ] } },
{ "type": "Feature", "properties": { "name": "Spring Point", "activity_type": "visitor_site", "duration": "transient", "year": 2024, "id": "196", "region": "P", "site": "Danco Coast", "total_visits_5yr": 88, "23_24_vi": 88, "22_23_vi": 0, "21_22_vi": 0, "20_21_vi": 0, "19_20_vi": 0 }, "geometry": { "type": "Point", "coordinates": [ -61.05, -64.299999999999613 ] } },
{ "type": "Feature", "properties": { "name": "Charles Point", "activity_type": "visitor_site", "duration": "transient", "year": 2020, "id": "197", "region": "P", "site": "Danco Coast", "total_visits_5yr": 12, "23_24_vi": 0, "22_23_vi": 0, "21_22_vi": 0, "20_21_vi": 0, "19_20_vi": 12 }, "geometry": { "type": "Point", "coordinates": [ -61.0, -64.233332999999604 ] } },
{ "type": "Feature", "properties": { "name": "Meusnier Point", "activity_type": "visitor_site", "duration": "transient", "year": 2024, "id": "199", "region": "P", "site": "Danco Coast", "total_visits_5yr": 1054, "23_24_vi": 834, "22_23_vi": 220, "21_22_vi": 0, "20_21_vi": 0, "19_20_vi": 0 }, "geometry": { "type": "Point", "coordinates": [ -61.6167, -64.533299999999642 ] } },
{ "type": "Feature", "properties": { "name": "Lagarrigue Cove (Selvick Cove)", "activity_type": "visitor_site", "duration": "transient", "year": 2023, "id": "200", "region": "P", "site": "Danco Coast", "total_visits_5yr": 85, "23_24_vi": 0, "22_23_vi": 10, "21_22_vi": 0, "20_21_vi": 0, "19_20_vi": 75 }, "geometry": { "type": "Point", "coordinates": [ -62.566667, -64.649999999999665 ] } },
{ "type": "Feature", "properties": { "name": "Stony Point", "activity_type": "visitor_site", "duration": "transient", "year": 2024, "id": "201", "region": "P", "site": "Danco Coast", "total_visits_5yr": 1790, "23_24_vi": 568, "22_23_vi": 636, "21_22_vi": 115, "20_21_vi": 0, "19_20_vi": 471 }, "geometry": { "type": "Point", "coordinates": [ -62.933333, -64.916666999999691 ] } },
{ "type": "Feature", "properties": { "name": "Santos Peak", "activity_type": "visitor_site", "duration": "transient", "year": 2020, "id": "203", "region": "P", "site": "Danco Coast", "total_visits_5yr": 2, "23_24_vi": 0, "22_23_vi": 0, "21_22_vi": 0, "20_21_vi": 0, "19_20_vi": 2 }, "geometry": { "type": "Point", "coordinates": [ -61.5333, -64.416699999999636 ] } },
{ "type": "Feature", "properties": { "name": "Bluff Island", "activity_type": "visitor_site", "duration": "transient", "year": 2022, "id": "204", "region": "P", "site": "Danco Coast", "total_visits_5yr": 133, "23_24_vi": 0, "22_23_vi": 0, "21_22_vi": 12, "20_21_vi": 0, "19_20_vi": 121 }, "geometry": { "type": "Point", "coordinates": [ -61.566667, -64.366666999999623 ] } },
{ "type": "Feature", "properties": { "name": "Alcock Island", "activity_type": "visitor_site", "duration": "transient", "year": 2024, "id": "205", "region": "P", "site": "Danco Coast", "total_visits_5yr": 8, "23_24_vi": 8, "22_23_vi": 0, "21_22_vi": 0, "20_21_vi": 0, "19_20_vi": 0 }, "geometry": { "type": "Point", "coordinates": [ -61.133333, -64.233332999999604 ] } },
{ "type": "Feature", "properties": { "name": "Cierva Cove", "activity_type": "visitor_site", "duration": "transient", "year": 2024, "id": "207", "region": "P", "site": "Danco Coast", "total_visits_5yr": 1141, "23_24_vi": 553, "22_23_vi": 502, "21_22_vi": 86, "20_21_vi": 0, "19_20_vi": 0 }, "geometry": { "type": "Point", "coordinates": [ -60.883333, -64.149999999999594 ] } },
{ "type": "Feature", "properties": { "name": "Cape Herschel", "activity_type": "visitor_site", "duration": "transient", "year": 2020, "id": "208", "region": "P", "site": "Danco Coast", "total_visits_5yr": 5, "23_24_vi": 0, "22_23_vi": 0, "21_22_vi": 0, "20_21_vi": 0, "19_20_vi": 5 }, "geometry": { "type": "Point", "coordinates": [ -61.033333, -64.066666999999583 ] } },
{ "type": "Feature", "properties": { "name": "Bancroft Bay", "activity_type": "visitor_site", "duration": "transient", "year": 2024, "id": "213", "region": "P", "site": "Danco Coast", "total_visits_5yr": 191, "23_24_vi": 169, "22_23_vi": 7, "21_22_vi": 0, "20_21_vi": 0, "19_20_vi": 15 }, "geometry": { "type": "Point", "coordinates": [ -61.866667, -64.566666999999654 ] } },
{ "type": "Feature", "properties": { "name": "Ferguson Channel", "activity_type": "visitor_site", "duration": "transient", "year": 2020, "id": "216", "region": "P", "site": "Danco Coast", "total_visits_5yr": 4, "23_24_vi": 0, "22_23_vi": 0, "21_22_vi": 0, "20_21_vi": 0, "19_20_vi": 4 }, "geometry": { "type": "Point", "coordinates": [ -63.0, -64.899999999999693 ] } },
{ "type": "Feature", "properties": { "name": "Lemaire Island", "activity_type": "visitor_site", "duration": "transient", "year": 2024, "id": "217", "region": "P", "site": "Danco Coast", "total_visits_5yr": 22, "23_24_vi": 6, "22_23_vi": 0, "21_22_vi": 0, "20_21_vi": 0, "19_20_vi": 16 }, "geometry": { "type": "Point", "coordinates": [ -62.95, -64.816666999999669 ] } },
{ "type": "Feature", "properties": { "name": "Danger Islands", "activity_type": "visitor_site", "duration": "transient", "year": 2024, "id": "221", "region": "P", "site": "Danger Islands", "total_visits_5yr": 698, "23_24_vi": 164, "22_23_vi": 97, "21_22_vi": 0, "20_21_vi": 0, "19_20_vi": 437 }, "geometry": { "type": "Point", "coordinates": [ -54.683333, -63.416666999999492 ] } },
{ "type": "Feature", "properties": { "name": "Beagle Island", "activity_type": "visitor_site", "duration": "transient", "year": 2020, "id": "222", "region": "P", "site": "Danger Islands", "total_visits_5yr": 67, "23_24_vi": 0, "22_23_vi": 0, "21_22_vi": 0, "20_21_vi": 0, "19_20_vi": 67 }, "geometry": { "type": "Point", "coordinates": [ -54.666667, -63.416666999999492 ] } },
{ "type": "Feature", "properties": { "name": "Heroína Island", "activity_type": "visitor_site", "duration": "transient", "year": 2023, "id": "224", "region": "P", "site": "Danger Islands", "total_visits_5yr": 504, "23_24_vi": 0, "22_23_vi": 6, "21_22_vi": 237, "20_21_vi": 0, "19_20_vi": 261 }, "geometry": { "type": "Point", "coordinates": [ -54.6, -63.399999999999494 ] } },
{ "type": "Feature", "properties": { "name": "Errera Channel", "activity_type": "visitor_site", "duration": "transient", "year": 2020, "id": "225", "region": "P", "site": "Errera Channel", "total_visits_5yr": 6, "23_24_vi": 0, "22_23_vi": 0, "21_22_vi": 0, "20_21_vi": 0, "19_20_vi": 6 }, "geometry": { "type": "Point", "coordinates": [ -62.6, -64.71666699999966 ] } },
{ "type": "Feature", "properties": { "name": "Terra Firma Islands", "activity_type": "visitor_site", "duration": "transient", "year": 2020, "id": "228", "region": "P", "site": "Fallières Coast", "total_visits_5yr": 169, "23_24_vi": 0, "22_23_vi": 0, "21_22_vi": 0, "20_21_vi": 0, "19_20_vi": 169 }, "geometry": { "type": "Point", "coordinates": [ -67.5333, -68.7 ] } },
{ "type": "Feature", "properties": { "name": "Marguerite Bay", "activity_type": "visitor_site", "duration": "transient", "year": 2024, "id": "230", "region": "P", "site": "Fallières Coast", "total_visits_5yr": 251, "23_24_vi": 168, "22_23_vi": 0, "21_22_vi": 83, "20_21_vi": 0, "19_20_vi": 0 }, "geometry": { "type": "Point", "coordinates": [ -68.5, -68.5 ] } },
{ "type": "Feature", "properties": { "name": "Symington Islands", "activity_type": "visitor_site", "duration": "transient", "year": 2020, "id": "231", "region": "P", "site": "Graham Coast", "total_visits_5yr": 6, "23_24_vi": 0, "22_23_vi": 0, "21_22_vi": 0, "20_21_vi": 0, "19_20_vi": 6 }, "geometry": { "type": "Point", "coordinates": [ -64.95, -65.449999999999733 ] } },
{ "type": "Feature", "properties": { "name": "Pitt Islands", "activity_type": "visitor_site", "duration": "transient", "year": 2024, "id": "232", "region": "P", "site": "Graham Coast", "total_visits_5yr": 23, "23_24_vi": 7, "22_23_vi": 0, "21_22_vi": 8, "20_21_vi": 0, "19_20_vi": 8 }, "geometry": { "type": "Point", "coordinates": [ -65.5, -65.433332999999735 ] } },
{ "type": "Feature", "properties": { "name": "Fish Islands", "activity_type": "visitor_site", "duration": "transient", "year": 2024, "id": "237", "region": "P", "site": "Holtedahl Bay", "total_visits_5yr": 888, "23_24_vi": 12, "22_23_vi": 550, "21_22_vi": 64, "20_21_vi": 0, "19_20_vi": 262 }, "geometry": { "type": "Point", "coordinates": [ -65.4, -66.016666999999785 ] } },
{ "type": "Feature", "properties": { "name": "St. Martha Cove", "activity_type": "visitor_site", "duration": "transient", "year": 2020, "id": "241", "region": "P", "site": "James Ross Island", "total_visits_5yr": 5, "23_24_vi": 0, "22_23_vi": 0, "21_22_vi": 0, "20_21_vi": 0, "19_20_vi": 5 }, "geometry": { "type": "Point", "coordinates": [ -57.816667, -63.924999999999564 ] } },
{ "type": "Feature", "properties": { "name": "The Naze", "activity_type": "visitor_site", "duration": "transient", "year": 2024, "id": "242", "region": "P", "site": "James Ross Island", "total_visits_5yr": 2570, "23_24_vi": 925, "22_23_vi": 1409, "21_22_vi": 203, "20_21_vi": 0, "19_20_vi": 33 }, "geometry": { "type": "Point", "coordinates": [ -57.533333, -63.949999999999569 ] } },
{ "type": "Feature", "properties": { "name": "Persson Island", "activity_type": "visitor_site", "duration": "transient", "year": 2022, "id": "243", "region": "P", "site": "James Ross Island", "total_visits_5yr": 116, "23_24_vi": 0, "22_23_vi": 0, "21_22_vi": 116, "20_21_vi": 0, "19_20_vi": 0 }, "geometry": { "type": "Point", "coordinates": [ -58.4, -64.216666999999589 ] } },
{ "type": "Feature", "properties": { "name": "Comb Ridge", "activity_type": "visitor_site", "duration": "transient", "year": 2024, "id": "244", "region": "P", "site": "James Ross Island", "total_visits_5yr": 622, "23_24_vi": 211, "22_23_vi": 328, "21_22_vi": 0, "20_21_vi": 0, "19_20_vi": 83 }, "geometry": { "type": "Point", "coordinates": [ -57.466667, -63.916666999999549 ] } },
{ "type": "Feature", "properties": { "name": "Cape Lachman", "activity_type": "visitor_site", "duration": "transient", "year": 2022, "id": "246", "region": "P", "site": "James Ross Island", "total_visits_5yr": 91, "23_24_vi": 0, "22_23_vi": 0, "21_22_vi": 91, "20_21_vi": 0, "19_20_vi": 0 }, "geometry": { "type": "Point", "coordinates": [ -57.783333, -63.783332999999544 ] } },
{ "type": "Feature", "properties": { "name": "Cockburn Island", "activity_type": "visitor_site", "duration": "transient", "year": 2023, "id": "247", "region": "P", "site": "James Ross Islands", "total_visits_5yr": 1020, "23_24_vi": 0, "22_23_vi": 290, "21_22_vi": 0, "20_21_vi": 0, "19_20_vi": 730 }, "geometry": { "type": "Point", "coordinates": [ -56.85, -64.199999999999605 ] } },
{ "type": "Feature", "properties": { "name": "Admiralty Sound", "activity_type": "visitor_site", "duration": "transient", "year": 2024, "id": "249", "region": "P", "site": "James Ross Islands", "total_visits_5yr": 424, "23_24_vi": 201, "22_23_vi": 219, "21_22_vi": 0, "20_21_vi": 0, "19_20_vi": 4 }, "geometry": { "type": "Point", "coordinates": [ -57.166667, -64.333332999999612 ] } },
{ "type": "Feature", "properties": { "name": "False Island Point", "activity_type": "visitor_site", "duration": "transient", "year": 2024, "id": "250", "region": "P", "site": "James Ross Islands", "total_visits_5yr": 828, "23_24_vi": 473, "22_23_vi": 290, "21_22_vi": 29, "20_21_vi": 0, "19_20_vi": 36 }, "geometry": { "type": "Point", "coordinates": [ -57.333333, -63.916666999999563 ] } },
{ "type": "Feature", "properties": { "name": "Vega Island", "activity_type": "visitor_site", "duration": "transient", "year": 2024, "id": "251", "region": "P", "site": "James Ross Islands", "total_visits_5yr": 1118, "23_24_vi": 488, "22_23_vi": 588, "21_22_vi": 42, "20_21_vi": 0, "19_20_vi": 0 }, "geometry": { "type": "Point", "coordinates": [ -57.416667, -63.833332999999563 ] } },
{ "type": "Feature", "properties": { "name": "Devil Island", "activity_type": "visitor_site", "duration": "transient", "year": 2024, "id": "252", "region": "P", "site": "", "total_visits_5yr": 7213, "23_24_vi": 1742, "22_23_vi": 2894, "21_22_vi": 1047, "20_21_vi": 0, "19_20_vi": 1530 }, "geometry": { "type": "Point", "coordinates": [ -57.283333, -63.799999999999542 ] } },
{ "type": "Feature", "properties": { "name": "Carlsson Bay", "activity_type": "visitor_site", "duration": "transient", "year": 2024, "id": "253", "region": "P", "site": "James Ross Islands", "total_visits_5yr": 313, "23_24_vi": 74, "22_23_vi": 239, "21_22_vi": 0, "20_21_vi": 0, "19_20_vi": 0 }, "geometry": { "type": "Point", "coordinates": [ -58.0667, -64.399999999999636 ] } },
{ "type": "Feature", "properties": { "name": "Swift Bay", "activity_type": "visitor_site", "duration": "transient", "year": 2024, "id": "254", "region": "P", "site": "James Ross Islands", "total_visits_5yr": 624, "23_24_vi": 304, "22_23_vi": 320, "21_22_vi": 0, "20_21_vi": 0, "19_20_vi": 0 }, "geometry": { "type": "Point", "coordinates": [ -57.7703, -64.374999999999616 ] } },
{ "type": "Feature", "properties": { "name": "Rabot Point", "activity_type": "visitor_site", "duration": "transient", "year": 2024, "id": "255", "region": "P", "site": "James Ross Islands", "total_visits_5yr": 448, "23_24_vi": 186, "22_23_vi": 137, "21_22_vi": 125, "20_21_vi": 0, "19_20_vi": 0 }, "geometry": { "type": "Point", "coordinates": [ -57.3333, -64.283299999999613 ] } },
{ "type": "Feature", "properties": { "name": "Cape Obelisk", "activity_type": "visitor_site", "duration": "transient", "year": 2024, "id": "256", "region": "P", "site": "James Ross Islands", "total_visits_5yr": 123, "23_24_vi": 79, "22_23_vi": 0, "21_22_vi": 44, "20_21_vi": 0, "19_20_vi": 0 }, "geometry": { "type": "Point", "coordinates": [ -58.45, -64.133299999999593 ] } },
{ "type": "Feature", "properties": { "name": "Croft Bay", "activity_type": "visitor_site", "duration": "transient", "year": 2024, "id": "259", "region": "P", "site": "James Ross Islands", "total_visits_5yr": 588, "23_24_vi": 478, "22_23_vi": 110, "21_22_vi": 0, "20_21_vi": 0, "19_20_vi": 0 }, "geometry": { "type": "Point", "coordinates": [ -57.75, -63.999999999999581 ] } },
{ "type": "Feature", "properties": { "name": "James Ross Island", "activity_type": "visitor_site", "duration": "transient", "year": 2024, "id": "261", "region": "P", "site": "James Ross Islands", "total_visits_5yr": 1222, "23_24_vi": 415, "22_23_vi": 604, "21_22_vi": 164, "20_21_vi": 0, "19_20_vi": 39 }, "geometry": { "type": "Point", "coordinates": [ -57.75, -64.166666999999592 ] } },
{ "type": "Feature", "properties": { "name": "Madder Cliffs", "activity_type": "visitor_site", "duration": "transient", "year": 2024, "id": "264", "region": "P", "site": "Joinville Island", "total_visits_5yr": 626, "23_24_vi": 207, "22_23_vi": 141, "21_22_vi": 186, "20_21_vi": 0, "19_20_vi": 92 }, "geometry": { "type": "Point", "coordinates": [ -56.483333, -63.299999999999471 ] } },
{ "type": "Feature", "properties": { "name": "D'Urville Monument", "activity_type": "visitor_site", "duration": "transient", "year": 2023, "id": "265", "region": "P", "site": "Joinville Island", "total_visits_5yr": 559, "23_24_vi": 0, "22_23_vi": 316, "21_22_vi": 98, "20_21_vi": 0, "19_20_vi": 145 }, "geometry": { "type": "Point", "coordinates": [ -56.3, -63.416666999999492 ] } },
{ "type": "Feature", "properties": { "name": "Paulet Island", "activity_type": "visitor_site", "duration": "transient", "year": 2024, "id": "273", "region": "P", "site": "", "total_visits_5yr": 17936, "23_24_vi": 3709, "22_23_vi": 5899, "21_22_vi": 2619, "20_21_vi": 5, "19_20_vi": 5704 }, "geometry": { "type": "Point", "coordinates": [ -55.766667, -63.58333299999952 ] } },
{ "type": "Feature", "properties": { "name": "Blaiklock Island", "activity_type": "visitor_site", "duration": "transient", "year": 2023, "id": "275", "region": "P", "site": "Jones Channel", "total_visits_5yr": 246, "23_24_vi": 0, "22_23_vi": 245, "21_22_vi": 0, "20_21_vi": 0, "19_20_vi": 1 }, "geometry": { "type": "Point", "coordinates": [ -67.066667, -67.549999999999869 ] } },
{ "type": "Feature", "properties": { "name": "Lagoon Island", "activity_type": "visitor_site", "duration": "transient", "year": 2024, "id": "278", "region": "P", "site": "Léonie Islands", "total_visits_5yr": 682, "23_24_vi": 378, "22_23_vi": 296, "21_22_vi": 0, "20_21_vi": 0, "19_20_vi": 8 }, "geometry": { "type": "Point", "coordinates": [ -68.266667, -67.583332999999868 ] } },
{ "type": "Feature", "properties": { "name": "Stefan Ice Piedmont", "activity_type": "visitor_site", "duration": "transient", "year": 2023, "id": "280", "region": "P", "site": "Loubet Coast", "total_visits_5yr": 23, "23_24_vi": 0, "22_23_vi": 23, "21_22_vi": 0, "20_21_vi": 0, "19_20_vi": 0 }, "geometry": { "type": "Point", "coordinates": [ -66.5, -66.666699999999821 ] } },
{ "type": "Feature", "properties": { "name": "Stonington Island", "activity_type": "visitor_site", "duration": "transient", "year": 2024, "id": "285", "region": "P", "site": "Marguerite Bay", "total_visits_5yr": 10734, "23_24_vi": 3607, "22_23_vi": 4183, "21_22_vi": 1149, "20_21_vi": 0, "19_20_vi": 1795 }, "geometry": { "type": "Point", "coordinates": [ -67.0, -68.183333 ] } },
{ "type": "Feature", "properties": { "name": "Melchior Station", "activity_type": "visitor_site", "duration": "transient", "year": 2024, "id": "287", "region": "P", "site": "Melchior Islands, Palmer Archipelago", "total_visits_5yr": 21, "23_24_vi": 2, "22_23_vi": 0, "21_22_vi": 16, "20_21_vi": 0, "19_20_vi": 3 }, "geometry": { "type": "Point", "coordinates": [ -62.976329, -64.325704999999616 ] } },
{ "type": "Feature", "properties": { "name": "Larsen Inlet", "activity_type": "visitor_site", "duration": "transient", "year": 2023, "id": "288", "region": "P", "site": "Nordenskjöld Coast", "total_visits_5yr": 588, "23_24_vi": 0, "22_23_vi": 552, "21_22_vi": 36, "20_21_vi": 0, "19_20_vi": 0 }, "geometry": { "type": "Point", "coordinates": [ -59.4667, -64.433299999999633 ] } },
{ "type": "Feature", "properties": { "name": "Cape Sobral", "activity_type": "visitor_site", "duration": "transient", "year": 2024, "id": "289", "region": "P", "site": "Nordenskjöld Coast", "total_visits_5yr": 95, "23_24_vi": 80, "22_23_vi": 15, "21_22_vi": 0, "20_21_vi": 0, "19_20_vi": 0 }, "geometry": { "type": "Point", "coordinates": [ -59.5919, -64.596999999999639 ] } },
{ "type": "Feature", "properties": { "name": "Spigot Peak", "activity_type": "visitor_site", "duration": "transient", "year": 2023, "id": "290", "region": "P", "site": "Orne Harbour", "total_visits_5yr": 212, "23_24_vi": 0, "22_23_vi": 128, "21_22_vi": 8, "20_21_vi": 0, "19_20_vi": 76 }, "geometry": { "type": "Point", "coordinates": [ -62.566667, -64.633332999999652 ] } },
{ "type": "Feature", "properties": { "name": "Cape Lancaster", "activity_type": "visitor_site", "duration": "transient", "year": 2020, "id": "292", "region": "P", "site": "Palmer Archipelago", "total_visits_5yr": 3, "23_24_vi": 0, "22_23_vi": 0, "21_22_vi": 0, "20_21_vi": 0, "19_20_vi": 3 }, "geometry": { "type": "Point", "coordinates": [ -63.7333, -64.849999999999682 ] } },
{ "type": "Feature", "properties": { "name": "Access Point", "activity_type": "visitor_site", "duration": "transient", "year": 2020, "id": "293", "region": "P", "site": "Palmer Archipelago", "total_visits_5yr": 11, "23_24_vi": 0, "22_23_vi": 0, "21_22_vi": 0, "20_21_vi": 0, "19_20_vi": 11 }, "geometry": { "type": "Point", "coordinates": [ -63.783333, -64.816666999999669 ] } },
{ "type": "Feature", "properties": { "name": "Palmer Station", "activity_type": "visitor_site", "duration": "transient", "year": 2024, "id": "296", "region": "P", "site": "Palmer Archipelago", "total_visits_5yr": 509, "23_24_vi": 212, "22_23_vi": 0, "21_22_vi": 0, "20_21_vi": 0, "19_20_vi": 297 }, "geometry": { "type": "Point", "coordinates": [ -64.053334, -64.774260999999669 ] } },
{ "type": "Feature", "properties": { "name": "Canty Point", "activity_type": "visitor_site", "duration": "transient", "year": 2020, "id": "297", "region": "P", "site": "Palmer Archipelago", "total_visits_5yr": 3, "23_24_vi": 0, "22_23_vi": 0, "21_22_vi": 0, "20_21_vi": 0, "19_20_vi": 3 }, "geometry": { "type": "Point", "coordinates": [ -63.533333, -64.749999999999673 ] } },
{ "type": "Feature", "properties": { "name": "Börgen Bay", "activity_type": "visitor_site", "duration": "transient", "year": 2023, "id": "298", "region": "P", "site": "Palmer Archipelago", "total_visits_5yr": 250, "23_24_vi": 0, "22_23_vi": 158, "21_22_vi": 0, "20_21_vi": 0, "19_20_vi": 92 }, "geometry": { "type": "Point", "coordinates": [ -63.516667, -64.749999999999659 ] } },
{ "type": "Feature", "properties": { "name": "Fournier Bay", "activity_type": "visitor_site", "duration": "transient", "year": 2023, "id": "302", "region": "P", "site": "Palmer Archipelago", "total_visits_5yr": 334, "23_24_vi": 0, "22_23_vi": 230, "21_22_vi": 0, "20_21_vi": 0, "19_20_vi": 104 }, "geometry": { "type": "Point", "coordinates": [ -63.1, -64.516666999999643 ] } },
{ "type": "Feature", "properties": { "name": "Patagonia Bay", "activity_type": "visitor_site", "duration": "transient", "year": 2020, "id": "303", "region": "P", "site": "Palmer Archipelago", "total_visits_5yr": 79, "23_24_vi": 0, "22_23_vi": 0, "21_22_vi": 0, "20_21_vi": 0, "19_20_vi": 79 }, "geometry": { "type": "Point", "coordinates": [ -63.2, -64.449999999999633 ] } },
{ "type": "Feature", "properties": { "name": "Chiriguano Bay", "activity_type": "visitor_site", "duration": "transient", "year": 2023, "id": "307", "region": "P", "site": "Palmer Archipelago", "total_visits_5yr": 442, "23_24_vi": 0, "22_23_vi": 154, "21_22_vi": 0, "20_21_vi": 0, "19_20_vi": 288 }, "geometry": { "type": "Point", "coordinates": [ -62.516667, -64.466666999999632 ] } },
{ "type": "Feature", "properties": { "name": "Buls Bay", "activity_type": "visitor_site", "duration": "transient", "year": 2023, "id": "310", "region": "P", "site": "Palmer Archipelago", "total_visits_5yr": 9, "23_24_vi": 0, "22_23_vi": 9, "21_22_vi": 0, "20_21_vi": 0, "19_20_vi": 0 }, "geometry": { "type": "Point", "coordinates": [ -62.316667, -64.38333299999961 ] } },
{ "type": "Feature", "properties": { "name": "Terrada Point", "activity_type": "visitor_site", "duration": "transient", "year": 2020, "id": "311", "region": "P", "site": "Palmer Archipelago", "total_visits_5yr": 14, "23_24_vi": 0, "22_23_vi": 0, "21_22_vi": 0, "20_21_vi": 0, "19_20_vi": 14 }, "geometry": { "type": "Point", "coordinates": [ -62.233333, -64.38333299999961 ] } },
{ "type": "Feature", "properties": { "name": "Neumayer Channel", "activity_type": "visitor_site", "duration": "transient", "year": 2024, "id": "313", "region": "P", "site": "Palmer Archipelago", "total_visits_5yr": 405, "23_24_vi": 336, "22_23_vi": 60, "21_22_vi": 9, "20_21_vi": 0, "19_20_vi": 0 }, "geometry": { "type": "Point", "coordinates": [ -63.5, -64.783332999999658 ] } },
{ "type": "Feature", "properties": { "name": "Guepratte Island", "activity_type": "visitor_site", "duration": "transient", "year": 2023, "id": "314", "region": "P", "site": "Palmer Archipelago", "total_visits_5yr": 6, "23_24_vi": 0, "22_23_vi": 6, "21_22_vi": 0, "20_21_vi": 0, "19_20_vi": 0 }, "geometry": { "type": "Point", "coordinates": [ -63.0, -64.499999999999631 ] } },
{ "type": "Feature", "properties": { "name": "Peltier Channel", "activity_type": "visitor_site", "duration": "transient", "year": 2024, "id": "317", "region": "P", "site": "Palmer Archipelago", "total_visits_5yr": 6, "23_24_vi": 6, "22_23_vi": 0, "21_22_vi": 0, "20_21_vi": 0, "19_20_vi": 0 }, "geometry": { "type": "Point", "coordinates": [ -63.533333, -64.86666699999968 ] } },
{ "type": "Feature", "properties": { "name": "Melchior Islands", "activity_type": "visitor_site", "duration": "transient", "year": 2024, "id": "320", "region": "P", "site": "Palmer Archipelago", "total_visits_5yr": 242, "23_24_vi": 8, "22_23_vi": 81, "21_22_vi": 57, "20_21_vi": 0, "19_20_vi": 96 }, "geometry": { "type": "Point", "coordinates": [ -62.95, -64.316666999999612 ] } },
{ "type": "Feature", "properties": { "name": "Lefèvre-Utile Point", "activity_type": "visitor_site", "duration": "transient", "year": 2024, "id": "323", "region": "P", "site": "Palmer Archipelago", "total_visits_5yr": 84, "23_24_vi": 84, "22_23_vi": 0, "21_22_vi": 0, "20_21_vi": 0, "19_20_vi": 0 }, "geometry": { "type": "Point", "coordinates": [ -63.516667, -64.833332999999683 ] } },
{ "type": "Feature", "properties": { "name": "Hydrurga Rocks", "activity_type": "visitor_site", "duration": "transient", "year": 2024, "id": "324", "region": "P", "site": "Palmer Archipelago", "total_visits_5yr": 10324, "23_24_vi": 3819, "22_23_vi": 3235, "21_22_vi": 896, "20_21_vi": 0, "19_20_vi": 2374 }, "geometry": { "type": "Point", "coordinates": [ -61.616667, -64.133332999999581 ] } },
{ "type": "Feature", "properties": { "name": "Bruce Island", "activity_type": "visitor_site", "duration": "transient", "year": 2022, "id": "325", "region": "P", "site": "Palmer Archipelago", "total_visits_5yr": 10, "23_24_vi": 0, "22_23_vi": 0, "21_22_vi": 7, "20_21_vi": 0, "19_20_vi": 3 }, "geometry": { "type": "Point", "coordinates": [ -63.133333, -64.899999999999693 ] } },
{ "type": "Feature", "properties": { "name": "Bryde Island", "activity_type": "visitor_site", "duration": "transient", "year": 2020, "id": "327", "region": "P", "site": "Palmer Archipelago", "total_visits_5yr": 6, "23_24_vi": 0, "22_23_vi": 0, "21_22_vi": 0, "20_21_vi": 0, "19_20_vi": 6 }, "geometry": { "type": "Point", "coordinates": [ -63.033333, -64.866666999999694 ] } },
{ "type": "Feature", "properties": { "name": "Lautaro Island", "activity_type": "visitor_site", "duration": "transient", "year": 2024, "id": "328", "region": "P", "site": "Palmer Archipelago", "total_visits_5yr": 88, "23_24_vi": 88, "22_23_vi": 0, "21_22_vi": 0, "20_21_vi": 0, "19_20_vi": 0 }, "geometry": { "type": "Point", "coordinates": [ -63.1, -64.816666999999669 ] } },
{ "type": "Feature", "properties": { "name": "Omega Island", "activity_type": "visitor_site", "duration": "transient", "year": 2022, "id": "331", "region": "P", "site": "Palmer Archipelago", "total_visits_5yr": 20, "23_24_vi": 0, "22_23_vi": 0, "21_22_vi": 20, "20_21_vi": 0, "19_20_vi": 0 }, "geometry": { "type": "Point", "coordinates": [ -62.9333, -64.333299999999625 ] } },
{ "type": "Feature", "properties": { "name": "Torgersen Island", "activity_type": "visitor_site", "duration": "transient", "year": 2020, "id": "333", "region": "P", "site": "Palmer Archipelago", "total_visits_5yr": 114, "23_24_vi": 0, "22_23_vi": 0, "21_22_vi": 0, "20_21_vi": 0, "19_20_vi": 114 }, "geometry": { "type": "Point", "coordinates": [ -64.083333, -64.766666999999671 ] } },
{ "type": "Feature", "properties": { "name": "Dobrowolski Island", "activity_type": "visitor_site", "duration": "transient", "year": 2020, "id": "335", "region": "P", "site": "Palmer Archipelago", "total_visits_5yr": 122, "23_24_vi": 0, "22_23_vi": 0, "21_22_vi": 0, "20_21_vi": 0, "19_20_vi": 122 }, "geometry": { "type": "Point", "coordinates": [ -62.916667, -64.599999999999639 ] } },
{ "type": "Feature", "properties": { "name": "Rosenthal Islands", "activity_type": "visitor_site", "duration": "transient", "year": 2022, "id": "336", "region": "P", "site": "Palmer Archipelago", "total_visits_5yr": 9, "23_24_vi": 0, "22_23_vi": 0, "21_22_vi": 9, "20_21_vi": 0, "19_20_vi": 0 }, "geometry": { "type": "Point", "coordinates": [ -64.2833, -64.599999999999639 ] } },
{ "type": "Feature", "properties": { "name": "Hunt Island", "activity_type": "visitor_site", "duration": "transient", "year": 2023, "id": "337", "region": "P", "site": "Palmer Archipelago", "total_visits_5yr": 165, "23_24_vi": 0, "22_23_vi": 165, "21_22_vi": 0, "20_21_vi": 0, "19_20_vi": 0 }, "geometry": { "type": "Point", "coordinates": [ -62.15, -64.333332999999612 ] } },
{ "type": "Feature", "properties": { "name": "Spert Island", "activity_type": "visitor_site", "duration": "transient", "year": 2024, "id": "340", "region": "P", "site": "Palmer Archipelago", "total_visits_5yr": 100, "23_24_vi": 81, "22_23_vi": 19, "21_22_vi": 0, "20_21_vi": 0, "19_20_vi": 0 }, "geometry": { "type": "Point", "coordinates": [ -60.95, -63.849999999999554 ] } },
{ "type": "Feature", "properties": { "name": "Truant Island", "activity_type": "visitor_site", "duration": "transient", "year": 2024, "id": "342", "region": "P", "site": "Palmer Archipelago", "total_visits_5yr": 753, "23_24_vi": 753, "22_23_vi": 0, "21_22_vi": 0, "20_21_vi": 0, "19_20_vi": 0 }, "geometry": { "type": "Point", "coordinates": [ -63.416667, -64.916666999999691 ] } },
{ "type": "Feature", "properties": { "name": "Breakwater Island", "activity_type": "visitor_site", "duration": "transient", "year": 2023, "id": "343", "region": "P", "site": "Palmer Archipelago", "total_visits_5yr": 582, "23_24_vi": 0, "22_23_vi": 582, "21_22_vi": 0, "20_21_vi": 0, "19_20_vi": 0 }, "geometry": { "type": "Point", "coordinates": [ -63.2167, -64.78329999999967 ] } },
{ "type": "Feature", "properties": { "name": "Skottsberg Point", "activity_type": "visitor_site", "duration": "transient", "year": 2023, "id": "346", "region": "P", "site": "Palmer Archipelago", "total_visits_5yr": 34, "23_24_vi": 0, "22_23_vi": 7, "21_22_vi": 5, "20_21_vi": 0, "19_20_vi": 22 }, "geometry": { "type": "Point", "coordinates": [ -60.816667, -63.916666999999549 ] } },
{ "type": "Feature", "properties": { "name": "Mikkelsen Harbour", "activity_type": "visitor_site", "duration": "transient", "year": 2023, "id": "347", "region": "P", "site": "Palmer Archipelago", "total_visits_5yr": 28344, "23_24_vi": 0, "22_23_vi": 14405, "21_22_vi": 4066, "20_21_vi": 0, "19_20_vi": 9873 }, "geometry": { "type": "Point", "coordinates": [ -60.783333, -63.899999999999565 ] } },
{ "type": "Feature", "properties": { "name": "D'Hainaut Island (Mikkelsen Harbour)", "activity_type": "visitor_site", "duration": "transient", "year": 2024, "id": "348", "region": "P", "site": "Palmer Archipelago", "total_visits_5yr": 18491, "23_24_vi": 18491, "22_23_vi": 0, "21_22_vi": 0, "20_21_vi": 0, "19_20_vi": 0 }, "geometry": { "type": "Point", "coordinates": [ -60.783333, -63.899999999999565 ] } },
{ "type": "Feature", "properties": { "name": "Palaver Point", "activity_type": "visitor_site", "duration": "transient", "year": 2024, "id": "350", "region": "P", "site": "Palmer Archipelago", "total_visits_5yr": 11730, "23_24_vi": 8056, "22_23_vi": 2205, "21_22_vi": 236, "20_21_vi": 0, "19_20_vi": 1233 }, "geometry": { "type": "Point", "coordinates": [ -61.766667, -64.149999999999594 ] } },
{ "type": "Feature", "properties": { "name": "Jougla Point", "activity_type": "visitor_site", "duration": "transient", "year": 2024, "id": "354", "region": "P", "site": "Palmer Archipelago", "total_visits_5yr": 20189, "23_24_vi": 4213, "22_23_vi": 6364, "21_22_vi": 2548, "20_21_vi": 0, "19_20_vi": 7064 }, "geometry": { "type": "Point", "coordinates": [ -63.5, -64.833332999999683 ] } },
{ "type": "Feature", "properties": { "name": "Goudier Island (Port Lockroy)", "activity_type": "visitor_site", "duration": "transient", "year": 2024, "id": "355", "region": "P", "site": "Palmer Archipelago", "total_visits_5yr": 27673, "23_24_vi": 975, "22_23_vi": 12974, "21_22_vi": 1225, "20_21_vi": 6, "19_20_vi": 12493 }, "geometry": { "type": "Point", "coordinates": [ -63.49359, -64.825144999999665 ] } },
{ "type": "Feature", "properties": { "name": "Damoy Point (Dorian Bay)", "activity_type": "visitor_site", "duration": "transient", "year": 2024, "id": "356", "region": "P", "site": "Palmer Archipelago", "total_visits_5yr": 52855, "23_24_vi": 21533, "22_23_vi": 17352, "21_22_vi": 4604, "20_21_vi": 3, "19_20_vi": 9363 }, "geometry": { "type": "Point", "coordinates": [ -63.533333, -64.816666999999669 ] } },
{ "type": "Feature", "properties": { "name": "Jabet Peak", "activity_type": "visitor_site", "duration": "transient", "year": 2024, "id": "357", "region": "P", "site": "Palmer Archipelago", "total_visits_5yr": 16, "23_24_vi": 12, "22_23_vi": 3, "21_22_vi": 0, "20_21_vi": 0, "19_20_vi": 1 }, "geometry": { "type": "Point", "coordinates": [ -63.460278, -64.812499999999673 ] } },
{ "type": "Feature", "properties": { "name": "Lockley Point", "activity_type": "visitor_site", "duration": "transient", "year": 2020, "id": "358", "region": "P", "site": "Palmer Archipelago", "total_visits_5yr": 28, "23_24_vi": 0, "22_23_vi": 0, "21_22_vi": 0, "20_21_vi": 0, "19_20_vi": 28 }, "geometry": { "type": "Point", "coordinates": [ -63.383333, -64.783332999999672 ] } },
{ "type": "Feature", "properties": { "name": "Doumer Island", "activity_type": "visitor_site", "duration": "transient", "year": 2024, "id": "359", "region": "P", "site": "Palmer Archipelago", "total_visits_5yr": 31, "23_24_vi": 6, "22_23_vi": 7, "21_22_vi": 8, "20_21_vi": 0, "19_20_vi": 10 }, "geometry": { "type": "Point", "coordinates": [ -63.566667, -64.849999999999667 ] } },
{ "type": "Feature", "properties": { "name": "Joubin Islands", "activity_type": "visitor_site", "duration": "transient", "year": 2022, "id": "362", "region": "P", "site": "Palmer Archipelago", "total_visits_5yr": 16, "23_24_vi": 0, "22_23_vi": 0, "21_22_vi": 9, "20_21_vi": 0, "19_20_vi": 7 }, "geometry": { "type": "Point", "coordinates": [ -64.45, -64.783332999999672 ] } },
{ "type": "Feature", "properties": { "name": "Gerlache Strait", "activity_type": "visitor_site", "duration": "transient", "year": 2023, "id": "363", "region": "P", "site": "Palmer Archipelago", "total_visits_5yr": 101, "23_24_vi": 0, "22_23_vi": 101, "21_22_vi": 0, "20_21_vi": 0, "19_20_vi": 0 }, "geometry": { "type": "Point", "coordinates": [ -62.333333, -64.499999999999631 ] } },
{ "type": "Feature", "properties": { "name": "Brabant Island", "activity_type": "visitor_site", "duration": "transient", "year": 2023, "id": "364", "region": "P", "site": "Palmer Archipelago", "total_visits_5yr": 2, "23_24_vi": 0, "22_23_vi": 2, "21_22_vi": 0, "20_21_vi": 0, "19_20_vi": 0 }, "geometry": { "type": "Point", "coordinates": [ -62.333333, -64.249999999999602 ] } },
{ "type": "Feature", "properties": { "name": "Two Hummock Island", "activity_type": "visitor_site", "duration": "transient", "year": 2024, "id": "366", "region": "P", "site": "Palmer Archipelago", "total_visits_5yr": 425, "23_24_vi": 313, "22_23_vi": 91, "21_22_vi": 8, "20_21_vi": 0, "19_20_vi": 13 }, "geometry": { "type": "Point", "coordinates": [ -61.716667, -64.133332999999581 ] } },
{ "type": "Feature", "properties": { "name": "Trinity Island", "activity_type": "visitor_site", "duration": "transient", "year": 2022, "id": "370", "region": "P", "site": "Palmer Archipelago", "total_visits_5yr": 36, "23_24_vi": 0, "22_23_vi": 0, "21_22_vi": 11, "20_21_vi": 0, "19_20_vi": 25 }, "geometry": { "type": "Point", "coordinates": [ -60.75, -63.799999999999542 ] } },
{ "type": "Feature", "properties": { "name": "González Videla Station (Waterboat Point)", "activity_type": "visitor_site", "duration": "transient", "year": 2024, "id": "372", "region": "P", "site": "Paradise Bay", "total_visits_5yr": 7617, "23_24_vi": 8, "22_23_vi": 114, "21_22_vi": 16, "20_21_vi": 0, "19_20_vi": 7479 }, "geometry": { "type": "Point", "coordinates": [ -62.857499, -64.823861999999679 ] } },
{ "type": "Feature", "properties": { "name": "Conesa Point", "activity_type": "visitor_site", "duration": "transient", "year": 2023, "id": "373", "region": "P", "site": "Paradise Harbour", "total_visits_5yr": 12, "23_24_vi": 0, "22_23_vi": 12, "21_22_vi": 0, "20_21_vi": 0, "19_20_vi": 0 }, "geometry": { "type": "Point", "coordinates": [ -62.85, -64.866666999999694 ] } },
{ "type": "Feature", "properties": { "name": "Leith Cove", "activity_type": "visitor_site", "duration": "transient", "year": 2024, "id": "374", "region": "P", "site": "Paradise Harbour", "total_visits_5yr": 478, "23_24_vi": 302, "22_23_vi": 9, "21_22_vi": 161, "20_21_vi": 0, "19_20_vi": 6 }, "geometry": { "type": "Point", "coordinates": [ -62.833333, -64.86666699999968 ] } },
{ "type": "Feature", "properties": { "name": "Barrientos Island", "activity_type": "visitor_site", "duration": "transient", "year": 2024, "id": "376", "region": "P", "site": "South Shetland Islands", "total_visits_5yr": 16809, "23_24_vi": 5258, "22_23_vi": 4572, "21_22_vi": 1736, "20_21_vi": 0, "19_20_vi": 5243 }, "geometry": { "type": "Point", "coordinates": [ -59.75, -62.404166999999312 ] } },
{ "type": "Feature", "properties": { "name": "Aitcho Islands Other", "activity_type": "visitor_site", "duration": "transient", "year": 2020, "id": "377", "region": "P", "site": "South Shetland Islands", "total_visits_5yr": 457, "23_24_vi": 0, "22_23_vi": 0, "21_22_vi": 0, "20_21_vi": 0, "19_20_vi": 457 }, "geometry": { "type": "Point", "coordinates": [ -59.783333, -62.399999999999309 ] } },
{ "type": "Feature", "properties": { "name": "McFarlane Strait", "activity_type": "visitor_site", "duration": "transient", "year": 2021, "id": "379", "region": "P", "site": "South Shetland Islands", "total_visits_5yr": 4, "23_24_vi": 0, "22_23_vi": 0, "21_22_vi": 0, "20_21_vi": 4, "19_20_vi": 0 }, "geometry": { "type": "Point", "coordinates": [ -59.933333, -62.516666999999345 ] } },
{ "type": "Feature", "properties": { "name": "Whalers Bay", "activity_type": "visitor_site", "duration": "transient", "year": 2024, "id": "383", "region": "P", "site": "South Shetland Islands", "total_visits_5yr": 63014, "23_24_vi": 22294, "22_23_vi": 17547, "21_22_vi": 7050, "20_21_vi": 6, "19_20_vi": 16117 }, "geometry": { "type": "Point", "coordinates": [ -60.566667, -62.983332999999426 ] } },
{ "type": "Feature", "properties": { "name": "Gabriel de Castilla Station", "activity_type": "visitor_site", "duration": "transient", "year": 2023, "id": "384", "region": "P", "site": "South Shetland Islands", "total_visits_5yr": 5, "23_24_vi": 0, "22_23_vi": 5, "21_22_vi": 0, "20_21_vi": 0, "19_20_vi": 0 }, "geometry": { "type": "Point", "coordinates": [ -60.675745, -62.977196999999414 ] } },
{ "type": "Feature", "properties": { "name": "Decepción Station", "activity_type": "visitor_site", "duration": "transient", "year": 2020, "id": "385", "region": "P", "site": "South Shetland Islands", "total_visits_5yr": 90, "23_24_vi": 0, "22_23_vi": 0, "21_22_vi": 0, "20_21_vi": 0, "19_20_vi": 90 }, "geometry": { "type": "Point", "coordinates": [ -60.700695, -62.976759999999416 ] } },
{ "type": "Feature", "properties": { "name": "Fumarole Bay", "activity_type": "visitor_site", "duration": "transient", "year": 2024, "id": "386", "region": "P", "site": "South Shetland Islands", "total_visits_5yr": 155, "23_24_vi": 143, "22_23_vi": 0, "21_22_vi": 6, "20_21_vi": 0, "19_20_vi": 6 }, "geometry": { "type": "Point", "coordinates": [ -60.7, -62.966666999999418 ] } },
{ "type": "Feature", "properties": { "name": "Baily Head", "activity_type": "visitor_site", "duration": "transient", "year": 2024, "id": "388", "region": "P", "site": "South Shetland Islands", "total_visits_5yr": 2290, "23_24_vi": 780, "22_23_vi": 385, "21_22_vi": 473, "20_21_vi": 0, "19_20_vi": 652 }, "geometry": { "type": "Point", "coordinates": [ -60.5, -62.966666999999418 ] } },
{ "type": "Feature", "properties": { "name": "Deception Island", "activity_type": "visitor_site", "duration": "transient", "year": 2024, "id": "391", "region": "P", "site": "South Shetland Islands", "total_visits_5yr": 2525, "23_24_vi": 444, "22_23_vi": 965, "21_22_vi": 70, "20_21_vi": 0, "19_20_vi": 1046 }, "geometry": { "type": "Point", "coordinates": [ -60.633333, -62.94999999999942 ] } },
{ "type": "Feature", "properties": { "name": "Telefon Bay", "activity_type": "visitor_site", "duration": "transient", "year": 2024, "id": "393", "region": "P", "site": "South Shetland Islands", "total_visits_5yr": 28001, "23_24_vi": 9499, "22_23_vi": 9399, "21_22_vi": 2583, "20_21_vi": 0, "19_20_vi": 6520 }, "geometry": { "type": "Point", "coordinates": [ -60.666667, -62.933332999999415 ] } },
{ "type": "Feature", "properties": { "name": "Pendulum Cove", "activity_type": "visitor_site", "duration": "transient", "year": 2024, "id": "394", "region": "P", "site": "South Shetland Islands", "total_visits_5yr": 9880, "23_24_vi": 2287, "22_23_vi": 1293, "21_22_vi": 713, "20_21_vi": 6, "19_20_vi": 5581 }, "geometry": { "type": "Point", "coordinates": [ -60.6, -62.933332999999415 ] } },
{ "type": "Feature", "properties": { "name": "Macaroni Point", "activity_type": "visitor_site", "duration": "transient", "year": 2020, "id": "395", "region": "P", "site": "South Shetland Islands", "total_visits_5yr": 6, "23_24_vi": 0, "22_23_vi": 0, "21_22_vi": 0, "20_21_vi": 0, "19_20_vi": 6 }, "geometry": { "type": "Point", "coordinates": [ -60.533333, -62.899999999999409 ] } },
{ "type": "Feature", "properties": { "name": "Cape Lookout", "activity_type": "visitor_site", "duration": "transient", "year": 2024, "id": "397", "region": "P", "site": "South Shetland Islands", "total_visits_5yr": 320, "23_24_vi": 157, "22_23_vi": 0, "21_22_vi": 163, "20_21_vi": 0, "19_20_vi": 0 }, "geometry": { "type": "Point", "coordinates": [ -55.216667, -61.283332999999061 ] } },
{ "type": "Feature", "properties": { "name": "Elephant Island", "activity_type": "visitor_site", "duration": "transient", "year": 2024, "id": "398", "region": "P", "site": "South Shetland Islands", "total_visits_5yr": 551, "23_24_vi": 210, "22_23_vi": 165, "21_22_vi": 0, "20_21_vi": 0, "19_20_vi": 176 }, "geometry": { "type": "Point", "coordinates": [ -55.233333, -61.166666999999023 ] } },
{ "type": "Feature", "properties": { "name": "Muckle Bluff", "activity_type": "visitor_site", "duration": "transient", "year": 2020, "id": "399", "region": "P", "site": "South Shetland Islands", "total_visits_5yr": 51, "23_24_vi": 0, "22_23_vi": 0, "21_22_vi": 0, "20_21_vi": 0, "19_20_vi": 51 }, "geometry": { "type": "Point", "coordinates": [ -54.866667, -61.149999999999018 ] } },
{ "type": "Feature", "properties": { "name": "Walker Point", "activity_type": "visitor_site", "duration": "transient", "year": 2021, "id": "400", "region": "P", "site": "South Shetland Islands", "total_visits_5yr": 9, "23_24_vi": 0, "22_23_vi": 0, "21_22_vi": 0, "20_21_vi": 9, "19_20_vi": 0 }, "geometry": { "type": "Point", "coordinates": [ -54.7, -61.149999999999018 ] } },
{ "type": "Feature", "properties": { "name": "1/2020 (Elephant Island)", "activity_type": "visitor_site", "duration": "transient", "year": 2020, "id": "401", "region": "P", "site": "South Shetland Islands", "total_visits_5yr": 200, "23_24_vi": 0, "22_23_vi": 0, "21_22_vi": 0, "20_21_vi": 0, "19_20_vi": 200 }, "geometry": { "type": "Point", "coordinates": [ -55.08, -61.129999999999022 ] } },
{ "type": "Feature", "properties": { "name": "Point Wild", "activity_type": "visitor_site", "duration": "transient", "year": 2024, "id": "402", "region": "P", "site": "South Shetland Islands", "total_visits_5yr": 714, "23_24_vi": 267, "22_23_vi": 93, "21_22_vi": 169, "20_21_vi": 4, "19_20_vi": 181 }, "geometry": { "type": "Point", "coordinates": [ -54.866667, -61.099999999999 ] } },
{ "type": "Feature", "properties": { "name": "Gibbs Island", "activity_type": "visitor_site", "duration": "transient", "year": 2020, "id": "405", "region": "P", "site": "South Shetland Islands", "total_visits_5yr": 81, "23_24_vi": 0, "22_23_vi": 0, "21_22_vi": 0, "20_21_vi": 0, "19_20_vi": 81 }, "geometry": { "type": "Point", "coordinates": [ -55.566667, -61.466666999999106 ] } },
{ "type": "Feature", "properties": { "name": "Fort Point", "activity_type": "visitor_site", "duration": "transient", "year": 2024, "id": "406", "region": "P", "site": "South Shetland Islands", "total_visits_5yr": 6113, "23_24_vi": 2600, "22_23_vi": 607, "21_22_vi": 546, "20_21_vi": 0, "19_20_vi": 2360 }, "geometry": { "type": "Point", "coordinates": [ -59.583333, -62.549999999999343 ] } },
{ "type": "Feature", "properties": { "name": "Yankee Harbor", "activity_type": "visitor_site", "duration": "transient", "year": 2024, "id": "407", "region": "P", "site": "South Shetland Islands", "total_visits_5yr": 26423, "23_24_vi": 7361, "22_23_vi": 7740, "21_22_vi": 2746, "20_21_vi": 0, "19_20_vi": 8576 }, "geometry": { "type": "Point", "coordinates": [ -59.783333, -62.533332999999338 ] } },
{ "type": "Feature", "properties": { "name": "Hardy Cove", "activity_type": "visitor_site", "duration": "transient", "year": 2024, "id": "408", "region": "P", "site": "South Shetland Islands", "total_visits_5yr": 702, "23_24_vi": 460, "22_23_vi": 0, "21_22_vi": 0, "20_21_vi": 0, "19_20_vi": 242 }, "geometry": { "type": "Point", "coordinates": [ -59.583333, -62.533332999999338 ] } },
{ "type": "Feature", "properties": { "name": "Triangle Point", "activity_type": "visitor_site", "duration": "transient", "year": 2024, "id": "409", "region": "P", "site": "South Shetland Islands", "total_visits_5yr": 104, "23_24_vi": 18, "22_23_vi": 0, "21_22_vi": 0, "20_21_vi": 0, "19_20_vi": 86 }, "geometry": { "type": "Point", "coordinates": [ -59.85, -62.516666999999345 ] } },
{ "type": "Feature", "properties": { "name": "Discovery Bay", "activity_type": "visitor_site", "duration": "transient", "year": 2023, "id": "411", "region": "P", "site": "South Shetland Islands", "total_visits_5yr": 30, "23_24_vi": 0, "22_23_vi": 30, "21_22_vi": 0, "20_21_vi": 0, "19_20_vi": 0 }, "geometry": { "type": "Point", "coordinates": [ -59.716667, -62.483332999999341 ] } },
{ "type": "Feature", "properties": { "name": "Cámara Station", "activity_type": "visitor_site", "duration": "transient", "year": 2024, "id": "413", "region": "P", "site": "South Shetland Islands", "total_visits_5yr": 3222, "23_24_vi": 1703, "22_23_vi": 756, "21_22_vi": 318, "20_21_vi": 0, "19_20_vi": 445 }, "geometry": { "type": "Point", "coordinates": [ -59.919344, -62.593857999999351 ] } },
{ "type": "Feature", "properties": { "name": "Maxwell Bay", "activity_type": "visitor_site", "duration": "transient", "year": 2024, "id": "414", "region": "P", "site": "South Shetland Islands", "total_visits_5yr": 534, "23_24_vi": 419, "22_23_vi": 80, "21_22_vi": 15, "20_21_vi": 6, "19_20_vi": 14 }, "geometry": { "type": "Point", "coordinates": [ -58.833333, -62.249999999999268 ] } },
{ "type": "Feature", "properties": { "name": "Carlini (Jubany) Station", "activity_type": "visitor_site", "duration": "transient", "year": 2020, "id": "415", "region": "P", "site": "South Shetland Islands", "total_visits_5yr": 14, "23_24_vi": 0, "22_23_vi": 0, "21_22_vi": 0, "20_21_vi": 0, "19_20_vi": 14 }, "geometry": { "type": "Point", "coordinates": [ -58.666842, -62.237899999999279 ] } },
{ "type": "Feature", "properties": { "name": "Potter Cove", "activity_type": "visitor_site", "duration": "transient", "year": 2023, "id": "416", "region": "P", "site": "South Shetland Islands", "total_visits_5yr": 96, "23_24_vi": 0, "22_23_vi": 96, "21_22_vi": 0, "20_21_vi": 0, "19_20_vi": 0 }, "geometry": { "type": "Point", "coordinates": [ -58.7, -62.233332999999284 ] } },
{ "type": "Feature", "properties": { "name": "Great Wall Station", "activity_type": "visitor_site", "duration": "transient", "year": 2024, "id": "418", "region": "P", "site": "South Shetland Islands", "total_visits_5yr": 2766, "23_24_vi": 1014, "22_23_vi": 0, "21_22_vi": 0, "20_21_vi": 0, "19_20_vi": 1752 }, "geometry": { "type": "Point", "coordinates": [ -58.961992, -62.217518999999285 ] } },
{ "type": "Feature", "properties": { "name": "Ardley Island", "activity_type": "visitor_site", "duration": "transient", "year": 2024, "id": "419", "region": "P", "site": "South Shetland Islands", "total_visits_5yr": 654, "23_24_vi": 110, "22_23_vi": 46, "21_22_vi": 275, "20_21_vi": 3, "19_20_vi": 220 }, "geometry": { "type": "Point", "coordinates": [ -58.933333, -62.216666999999276 ] } },
{ "type": "Feature", "properties": { "name": "Frei Station", "activity_type": "visitor_site", "duration": "transient", "year": 2024, "id": "422", "region": "P", "site": "South Shetland Islands", "total_visits_5yr": 4918, "23_24_vi": 719, "22_23_vi": 366, "21_22_vi": 186, "20_21_vi": 21, "19_20_vi": 3626 }, "geometry": { "type": "Point", "coordinates": [ -58.962627, -62.200231999999261 ] } },
{ "type": "Feature", "properties": { "name": "Bellingshausen Station", "activity_type": "visitor_site", "duration": "transient", "year": 2024, "id": "423", "region": "P", "site": "South Shetland Islands", "total_visits_5yr": 824, "23_24_vi": 203, "22_23_vi": 14, "21_22_vi": 0, "20_21_vi": 0, "19_20_vi": 607 }, "geometry": { "type": "Point", "coordinates": [ -58.960609, -62.198183999999259 ] } },
{ "type": "Feature", "properties": { "name": "Fildes Peninsula", "activity_type": "visitor_site", "duration": "transient", "year": 2024, "id": "425", "region": "P", "site": "South Shetland Islands", "total_visits_5yr": 168, "23_24_vi": 43, "22_23_vi": 8, "21_22_vi": 117, "20_21_vi": 0, "19_20_vi": 0 }, "geometry": { "type": "Point", "coordinates": [ -58.95, -62.183332999999259 ] } },
{ "type": "Feature", "properties": { "name": "Ezcurra Inlet", "activity_type": "visitor_site", "duration": "transient", "year": 2024, "id": "426", "region": "P", "site": "South Shetland Islands", "total_visits_5yr": 332, "23_24_vi": 159, "22_23_vi": 173, "21_22_vi": 0, "20_21_vi": 0, "19_20_vi": 0 }, "geometry": { "type": "Point", "coordinates": [ -58.566667, -62.166666999999265 ] } },
{ "type": "Feature", "properties": { "name": "Arctowski Station", "activity_type": "visitor_site", "duration": "transient", "year": 2020, "id": "427", "region": "P", "site": "South Shetland Islands", "total_visits_5yr": 2194, "23_24_vi": 0, "22_23_vi": 0, "21_22_vi": 0, "20_21_vi": 0, "19_20_vi": 2194 }, "geometry": { "type": "Point", "coordinates": [ -58.473322, -62.159772999999269 ] } },
{ "type": "Feature", "properties": { "name": "Admiralty Bay", "activity_type": "visitor_site", "duration": "transient", "year": 2024, "id": "429", "region": "P", "site": "South Shetland Islands", "total_visits_5yr": 404, "23_24_vi": 330, "22_23_vi": 0, "21_22_vi": 12, "20_21_vi": 0, "19_20_vi": 62 }, "geometry": { "type": "Point", "coordinates": [ -58.45, -62.133332999999254 ] } },
{ "type": "Feature", "properties": { "name": "Denais Stack", "activity_type": "visitor_site", "duration": "transient", "year": 2020, "id": "431", "region": "P", "site": "South Shetland Islands", "total_visits_5yr": 51, "23_24_vi": 0, "22_23_vi": 0, "21_22_vi": 0, "20_21_vi": 0, "19_20_vi": 51 }, "geometry": { "type": "Point", "coordinates": [ -58.4818, -62.130299999999252 ] } },
{ "type": "Feature", "properties": { "name": "Admiralen Peak", "activity_type": "visitor_site", "duration": "transient", "year": 2020, "id": "432", "region": "P", "site": "South Shetland Islands", "total_visits_5yr": 49, "23_24_vi": 0, "22_23_vi": 0, "21_22_vi": 0, "20_21_vi": 0, "19_20_vi": 49 }, "geometry": { "type": "Point", "coordinates": [ -58.492, -62.105399999999257 ] } },
{ "type": "Feature", "properties": { "name": "Plaza Point", "activity_type": "visitor_site", "duration": "transient", "year": 2020, "id": "434", "region": "P", "site": "South Shetland Islands", "total_visits_5yr": 14, "23_24_vi": 0, "22_23_vi": 0, "21_22_vi": 0, "20_21_vi": 0, "19_20_vi": 14 }, "geometry": { "type": "Point", "coordinates": [ -58.4053, -62.090899999999252 ] } },
{ "type": "Feature", "properties": { "name": "Ferraz Station", "activity_type": "visitor_site", "duration": "transient", "year": 2024, "id": "435", "region": "P", "site": "South Shetland Islands", "total_visits_5yr": 154, "23_24_vi": 154, "22_23_vi": 0, "21_22_vi": 0, "20_21_vi": 0, "19_20_vi": 0 }, "geometry": { "type": "Point", "coordinates": [ -58.3925, -62.084721999999253 ] } },
{ "type": "Feature", "properties": { "name": "Martel Inlet", "activity_type": "visitor_site", "duration": "transient", "year": 2022, "id": "436", "region": "P", "site": "South Shetland Islands", "total_visits_5yr": 3, "23_24_vi": 0, "22_23_vi": 0, "21_22_vi": 3, "20_21_vi": 0, "19_20_vi": 0 }, "geometry": { "type": "Point", "coordinates": [ -58.366667, -62.083332999999243 ] } },
{ "type": "Feature", "properties": { "name": "Turret Point", "activity_type": "visitor_site", "duration": "transient", "year": 2024, "id": "438", "region": "P", "site": "South Shetland Islands", "total_visits_5yr": 1663, "23_24_vi": 690, "22_23_vi": 168, "21_22_vi": 251, "20_21_vi": 0, "19_20_vi": 554 }, "geometry": { "type": "Point", "coordinates": [ -57.95, -62.083332999999243 ] } },
{ "type": "Feature", "properties": { "name": "False Bay", "activity_type": "visitor_site", "duration": "transient", "year": 2024, "id": "443", "region": "P", "site": "South Shetland Islands", "total_visits_5yr": 248, "23_24_vi": 12, "22_23_vi": 0, "21_22_vi": 0, "20_21_vi": 0, "19_20_vi": 236 }, "geometry": { "type": "Point", "coordinates": [ -60.366667, -62.716666999999383 ] } },
{ "type": "Feature", "properties": { "name": "Sally Rocks", "activity_type": "visitor_site", "duration": "transient", "year": 2020, "id": "444", "region": "P", "site": "South Shetland Islands", "total_visits_5yr": 389, "23_24_vi": 0, "22_23_vi": 0, "21_22_vi": 0, "20_21_vi": 0, "19_20_vi": 389 }, "geometry": { "type": "Point", "coordinates": [ -60.433333, -62.69999999999937 ] } },
{ "type": "Feature", "properties": { "name": "Elephant Point", "activity_type": "visitor_site", "duration": "transient", "year": 2024, "id": "445", "region": "P", "site": "South Shetland Islands", "total_visits_5yr": 6613, "23_24_vi": 363, "22_23_vi": 2674, "21_22_vi": 274, "20_21_vi": 0, "19_20_vi": 3302 }, "geometry": { "type": "Point", "coordinates": [ -60.866667, -62.683332999999358 ] } },
{ "type": "Feature", "properties": { "name": "Hannah Point", "activity_type": "visitor_site", "duration": "transient", "year": 2024, "id": "447", "region": "P", "site": "South Shetland Islands", "total_visits_5yr": 3716, "23_24_vi": 883, "22_23_vi": 1508, "21_22_vi": 636, "20_21_vi": 0, "19_20_vi": 689 }, "geometry": { "type": "Point", "coordinates": [ -60.6, -62.649999999999345 ] } },
{ "type": "Feature", "properties": { "name": "Walker Bay (by Hannah Point)", "activity_type": "visitor_site", "duration": "transient", "year": 2024, "id": "450", "region": "P", "site": "South Shetland Islands", "total_visits_5yr": 6046, "23_24_vi": 1607, "22_23_vi": 1899, "21_22_vi": 616, "20_21_vi": 0, "19_20_vi": 1924 }, "geometry": { "type": "Point", "coordinates": [ -60.7, -62.633332999999361 ] } },
{ "type": "Feature", "properties": { "name": "Livingston Island", "activity_type": "visitor_site", "duration": "transient", "year": 2023, "id": "451", "region": "P", "site": "South Shetland Islands", "total_visits_5yr": 14, "23_24_vi": 0, "22_23_vi": 4, "21_22_vi": 0, "20_21_vi": 0, "19_20_vi": 10 }, "geometry": { "type": "Point", "coordinates": [ -60.5, -62.599999999999348 ] } },
{ "type": "Feature", "properties": { "name": "Edinburgh Hill", "activity_type": "visitor_site", "duration": "transient", "year": 2024, "id": "452", "region": "P", "site": "South Shetland Islands", "total_visits_5yr": 171, "23_24_vi": 171, "22_23_vi": 0, "21_22_vi": 0, "20_21_vi": 0, "19_20_vi": 0 }, "geometry": { "type": "Point", "coordinates": [ -60.016667, -62.549999999999343 ] } },
{ "type": "Feature", "properties": { "name": "Half Moon Island", "activity_type": "visitor_site", "duration": "transient", "year": 2024, "id": "456", "region": "P", "site": "South Shetland Islands", "total_visits_5yr": 56390, "23_24_vi": 14840, "22_23_vi": 14279, "21_22_vi": 6370, "20_21_vi": 0, "19_20_vi": 20901 }, "geometry": { "type": "Point", "coordinates": [ -59.966667, -62.599999999999348 ] } },
{ "type": "Feature", "properties": { "name": "Nelson Island", "activity_type": "visitor_site", "duration": "transient", "year": 2023, "id": "460", "region": "P", "site": "South Shetland Islands", "total_visits_5yr": 59, "23_24_vi": 0, "22_23_vi": 56, "21_22_vi": 1, "20_21_vi": 0, "19_20_vi": 2 }, "geometry": { "type": "Point", "coordinates": [ -59.0, -62.283332999999303 ] } },
{ "type": "Feature", "properties": { "name": "Edgell Bay", "activity_type": "visitor_site", "duration": "transient", "year": 2024, "id": "461", "region": "P", "site": "South Shetland Islands", "total_visits_5yr": 6, "23_24_vi": 6, "22_23_vi": 0, "21_22_vi": 0, "20_21_vi": 0, "19_20_vi": 0 }, "geometry": { "type": "Point", "coordinates": [ -58.966667, -62.266666999999273 ] } },
{ "type": "Feature", "properties": { "name": "Penguin Island", "activity_type": "visitor_site", "duration": "transient", "year": 2024, "id": "464", "region": "P", "site": "South Shetland Islands", "total_visits_5yr": 5392, "23_24_vi": 1894, "22_23_vi": 1213, "21_22_vi": 961, "20_21_vi": 0, "19_20_vi": 1324 }, "geometry": { "type": "Point", "coordinates": [ -57.883333, -62.099999999999255 ] } },
{ "type": "Feature", "properties": { "name": "Snow Island", "activity_type": "visitor_site", "duration": "transient", "year": 2024, "id": "465", "region": "P", "site": "South Shetland Islands", "total_visits_5yr": 871, "23_24_vi": 97, "22_23_vi": 215, "21_22_vi": 94, "20_21_vi": 0, "19_20_vi": 465 }, "geometry": { "type": "Point", "coordinates": [ -61.333333, -62.749999999999382 ] } },
{ "type": "Feature", "properties": { "name": "Edwards Point", "activity_type": "visitor_site", "duration": "transient", "year": 2020, "id": "466", "region": "P", "site": "South Shetland Islands", "total_visits_5yr": 68, "23_24_vi": 0, "22_23_vi": 0, "21_22_vi": 0, "20_21_vi": 0, "19_20_vi": 68 }, "geometry": { "type": "Point", "coordinates": [ -59.5, -62.466666999999319 ] } },
{ "type": "Feature", "properties": { "name": "Robert Point", "activity_type": "visitor_site", "duration": "transient", "year": 2024, "id": "467", "region": "P", "site": "South Shetland Islands", "total_visits_5yr": 3967, "23_24_vi": 1063, "22_23_vi": 765, "21_22_vi": 176, "20_21_vi": 0, "19_20_vi": 1963 }, "geometry": { "type": "Point", "coordinates": [ -59.4, -62.466666999999319 ] } },
{ "type": "Feature", "properties": { "name": "President Head", "activity_type": "visitor_site", "duration": "transient", "year": 2024, "id": "473", "region": "P", "site": "South Shetland Islands", "total_visits_5yr": 5552, "23_24_vi": 2860, "22_23_vi": 1470, "21_22_vi": 473, "20_21_vi": 0, "19_20_vi": 749 }, "geometry": { "type": "Point", "coordinates": [ -61.2, -62.716666999999383 ] } },
{ "type": "Feature", "properties": { "name": "Brown Bluff", "activity_type": "visitor_site", "duration": "transient", "year": 2024, "id": "476", "region": "P", "site": "Tabarin Peninsula", "total_visits_5yr": 40576, "23_24_vi": 13794, "22_23_vi": 9505, "21_22_vi": 5381, "20_21_vi": 0, "19_20_vi": 11896 }, "geometry": { "type": "Point", "coordinates": [ -56.916667, -63.533332999999523 ] } },
{ "type": "Feature", "properties": { "name": "Prince Gustav Channel", "activity_type": "visitor_site", "duration": "transient", "year": 2022, "id": "484", "region": "P", "site": "Trinity Peninsula", "total_visits_5yr": 156, "23_24_vi": 0, "22_23_vi": 0, "21_22_vi": 156, "20_21_vi": 0, "19_20_vi": 0 }, "geometry": { "type": "Point", "coordinates": [ -58.25, -63.833332999999563 ] } },
{ "type": "Feature", "properties": { "name": "Duse Bay", "activity_type": "visitor_site", "duration": "transient", "year": 2024, "id": "486", "region": "P", "site": "Trinity Peninsula", "total_visits_5yr": 1186, "23_24_vi": 550, "22_23_vi": 104, "21_22_vi": 332, "20_21_vi": 0, "19_20_vi": 200 }, "geometry": { "type": "Point", "coordinates": [ -57.333333, -63.49999999999951 ] } },
{ "type": "Feature", "properties": { "name": "Lindblad Cove", "activity_type": "visitor_site", "duration": "transient", "year": 2024, "id": "487", "region": "P", "site": "Trinity Peninsula", "total_visits_5yr": 158, "23_24_vi": 158, "22_23_vi": 0, "21_22_vi": 0, "20_21_vi": 0, "19_20_vi": 0 }, "geometry": { "type": "Point", "coordinates": [ -59.45, -63.849999999999568 ] } },
{ "type": "Feature", "properties": { "name": "View Point", "activity_type": "visitor_site", "duration": "transient", "year": 2024, "id": "490", "region": "P", "site": "Trinity Peninsula", "total_visits_5yr": 1522, "23_24_vi": 828, "22_23_vi": 391, "21_22_vi": 303, "20_21_vi": 0, "19_20_vi": 0 }, "geometry": { "type": "Point", "coordinates": [ -57.283333, -63.549999999999507 ] } },
{ "type": "Feature", "properties": { "name": "Camp Hill", "activity_type": "visitor_site", "duration": "transient", "year": 2024, "id": "491", "region": "P", "site": "Trinity Peninsula", "total_visits_5yr": 180, "23_24_vi": 180, "22_23_vi": 0, "21_22_vi": 0, "20_21_vi": 0, "19_20_vi": 0 }, "geometry": { "type": "Point", "coordinates": [ -57.866667, -63.683332999999521 ] } },
{ "type": "Feature", "properties": { "name": "Esperanza Station", "activity_type": "visitor_site", "duration": "transient", "year": 2020, "id": "492", "region": "P", "site": "Trinity Peninsula", "total_visits_5yr": 914, "23_24_vi": 0, "22_23_vi": 0, "21_22_vi": 0, "20_21_vi": 0, "19_20_vi": 914 }, "geometry": { "type": "Point", "coordinates": [ -56.998054, -63.396958999999491 ] } },
{ "type": "Feature", "properties": { "name": "O'Higgins Station", "activity_type": "visitor_site", "duration": "transient", "year": 2020, "id": "494", "region": "P", "site": "", "total_visits_5yr": 82, "23_24_vi": 0, "22_23_vi": 0, "21_22_vi": 0, "20_21_vi": 0, "19_20_vi": 82 }, "geometry": { "type": "Point", "coordinates": [ -57.899781, -63.320950999999468 ] } },
{ "type": "Feature", "properties": { "name": "Eyrie Bay", "activity_type": "visitor_site", "duration": "transient", "year": 2022, "id": "495", "region": "P", "site": "Trinity Peninsula", "total_visits_5yr": 25, "23_24_vi": 0, "22_23_vi": 0, "21_22_vi": 25, "20_21_vi": 0, "19_20_vi": 0 }, "geometry": { "type": "Point", "coordinates": [ -57.633333, -63.583332999999527 ] } },
{ "type": "Feature", "properties": { "name": "Cape Longing", "activity_type": "visitor_site", "duration": "transient", "year": 2022, "id": "496", "region": "P", "site": "Trinity Peninsula", "total_visits_5yr": 244, "23_24_vi": 0, "22_23_vi": 0, "21_22_vi": 244, "20_21_vi": 0, "19_20_vi": 0 }, "geometry": { "type": "Point", "coordinates": [ -58.8167, -64.566699999999642 ] } },
{ "type": "Feature", "properties": { "name": "Bald Head", "activity_type": "visitor_site", "duration": "transient", "year": 2024, "id": "497", "region": "P", "site": "Trinity Peninsula", "total_visits_5yr": 404, "23_24_vi": 113, "22_23_vi": 291, "21_22_vi": 0, "20_21_vi": 0, "19_20_vi": 0 }, "geometry": { "type": "Point", "coordinates": [ -57.6, -63.633332999999517 ] } },
{ "type": "Feature", "properties": { "name": "2/2020 (Prince Gustave Channel)", "activity_type": "visitor_site", "duration": "transient", "year": 2023, "id": "498", "region": "P", "site": "Trinity Peninsula", "total_visits_5yr": 208, "23_24_vi": 0, "22_23_vi": 11, "21_22_vi": 0, "20_21_vi": 0, "19_20_vi": 197 }, "geometry": { "type": "Point", "coordinates": [ -57.15, -63.633332999999517 ] } },
{ "type": "Feature", "properties": { "name": "Beak Island", "activity_type": "visitor_site", "duration": "transient", "year": 2024, "id": "499", "region": "P", "site": "Trinity Peninsula", "total_visits_5yr": 82, "23_24_vi": 82, "22_23_vi": 0, "21_22_vi": 0, "20_21_vi": 0, "19_20_vi": 0 }, "geometry": { "type": "Point", "coordinates": [ -57.283333, -63.616666999999531 ] } },
{ "type": "Feature", "properties": { "name": "Antarctic Sound", "activity_type": "visitor_site", "duration": "transient", "year": 2024, "id": "500", "region": "P", "site": "Trinity Peninsula", "total_visits_5yr": 182, "23_24_vi": 115, "22_23_vi": 0, "21_22_vi": 0, "20_21_vi": 0, "19_20_vi": 67 }, "geometry": { "type": "Point", "coordinates": [ -56.65, -63.433332999999486 ] } },
{ "type": "Feature", "properties": { "name": "Pitt Point", "activity_type": "visitor_site", "duration": "transient", "year": 2024, "id": "502", "region": "P", "site": "Trinity Peninsula", "total_visits_5yr": 367, "23_24_vi": 244, "22_23_vi": 0, "21_22_vi": 123, "20_21_vi": 0, "19_20_vi": 0 }, "geometry": { "type": "Point", "coordinates": [ -58.383333, -63.849999999999554 ] } },
{ "type": "Feature", "properties": { "name": "Robertson Island", "activity_type": "visitor_site", "duration": "transient", "year": 2023, "id": "504", "region": "P", "site": "Weddell Sea", "total_visits_5yr": 503, "23_24_vi": 0, "22_23_vi": 503, "21_22_vi": 0, "20_21_vi": 0, "19_20_vi": 0 }, "geometry": { "type": "Point", "coordinates": [ -59.6, -65.16666699999972 ] } },
{ "type": "Feature", "properties": { "name": "Argentine Islands Other", "activity_type": "visitor_site", "duration": "transient", "year": 2024, "id": "505", "region": "P", "site": "Wilhelm Archipelago", "total_visits_5yr": 902, "23_24_vi": 252, "22_23_vi": 125, "21_22_vi": 0, "20_21_vi": 0, "19_20_vi": 525 }, "geometry": { "type": "Point", "coordinates": [ -64.266667, -65.249999999999702 ] } },
{ "type": "Feature", "properties": { "name": "Galindez Island", "activity_type": "visitor_site", "duration": "transient", "year": 2022, "id": "506", "region": "P", "site": "Wilhelm Archipelago", "total_visits_5yr": 81, "23_24_vi": 0, "22_23_vi": 0, "21_22_vi": 80, "20_21_vi": 0, "19_20_vi": 1 }, "geometry": { "type": "Point", "coordinates": [ -64.266667, -65.249999999999702 ] } },
{ "type": "Feature", "properties": { "name": "Skua Island", "activity_type": "visitor_site", "duration": "transient", "year": 2020, "id": "507", "region": "P", "site": "Wilhelm Archipelago", "total_visits_5yr": 3, "23_24_vi": 0, "22_23_vi": 0, "21_22_vi": 0, "20_21_vi": 0, "19_20_vi": 3 }, "geometry": { "type": "Point", "coordinates": [ -64.266667, -65.249999999999702 ] } },
{ "type": "Feature", "properties": { "name": "Port Charcot", "activity_type": "visitor_site", "duration": "transient", "year": 2024, "id": "512", "region": "P", "site": "Wilhelm Archipelago", "total_visits_5yr": 30697, "23_24_vi": 13508, "22_23_vi": 9288, "21_22_vi": 1611, "20_21_vi": 0, "19_20_vi": 6290 }, "geometry": { "type": "Point", "coordinates": [ -64.0, -65.066666999999697 ] } },
{ "type": "Feature", "properties": { "name": "Pléneau Island (Bay)", "activity_type": "visitor_site", "duration": "transient", "year": 2024, "id": "514", "region": "P", "site": "Wilhelm Archipelago", "total_visits_5yr": 14812, "23_24_vi": 7072, "22_23_vi": 3882, "21_22_vi": 1063, "20_21_vi": 0, "19_20_vi": 2795 }, "geometry": { "type": "Point", "coordinates": [ -64.083333, -65.099999999999696 ] } },
{ "type": "Feature", "properties": { "name": "Petermann Island", "activity_type": "visitor_site", "duration": "transient", "year": 2024, "id": "516", "region": "P", "site": "Wilhelm Archipelago", "total_visits_5yr": 46345, "23_24_vi": 15926, "22_23_vi": 15163, "21_22_vi": 3062, "20_21_vi": 0, "19_20_vi": 12194 }, "geometry": { "type": "Point", "coordinates": [ -64.1667, -65.166699999999722 ] } },
{ "type": "Feature", "properties": { "name": "Vedel Islands", "activity_type": "visitor_site", "duration": "transient", "year": 2020, "id": "518", "region": "P", "site": "Wilhelm Archipelago", "total_visits_5yr": 6, "23_24_vi": 0, "22_23_vi": 0, "21_22_vi": 0, "20_21_vi": 0, "19_20_vi": 6 }, "geometry": { "type": "Point", "coordinates": [ -64.25, -65.116666999999723 ] } },
{ "type": "Feature", "properties": { "name": "Yalour Islands", "activity_type": "visitor_site", "duration": "transient", "year": 2024, "id": "519", "region": "P", "site": "Wilhelm Archipelago", "total_visits_5yr": 8406, "23_24_vi": 3315, "22_23_vi": 3792, "21_22_vi": 232, "20_21_vi": 0, "19_20_vi": 1067 }, "geometry": { "type": "Point", "coordinates": [ -64.166667, -65.233332999999703 ] } },
{ "type": "Feature", "properties": { "name": "Hovgaard Island", "activity_type": "visitor_site", "duration": "transient", "year": 2024, "id": "522", "region": "P", "site": "Wilhelm Archipelago", "total_visits_5yr": 664, "23_24_vi": 138, "22_23_vi": 319, "21_22_vi": 8, "20_21_vi": 4, "19_20_vi": 195 }, "geometry": { "type": "Point", "coordinates": [ -64.133333, -65.133332999999695 ] } },
{ "type": "Feature", "properties": { "name": "Plata Passage", "activity_type": "visitor_site", "duration": "transient", "year": 2022, "id": "525", "region": "P", "site": "Wilhelmina Bay", "total_visits_5yr": 49, "23_24_vi": 0, "22_23_vi": 0, "21_22_vi": 49, "20_21_vi": 0, "19_20_vi": 0 }, "geometry": { "type": "Point", "coordinates": [ -62.016667, -64.666666999999649 ] } },
{ "type": "Feature", "properties": { "name": "Foyn Harbor", "activity_type": "visitor_site", "duration": "transient", "year": 2024, "id": "526", "region": "P", "site": "Wilhelmina Bay", "total_visits_5yr": 893, "23_24_vi": 284, "22_23_vi": 524, "21_22_vi": 12, "20_21_vi": 0, "19_20_vi": 73 }, "geometry": { "type": "Point", "coordinates": [ -62.016667, -64.549999999999628 ] } },
{ "type": "Feature", "properties": { "name": "Sadler Point", "activity_type": "visitor_site", "duration": "transient", "year": 2023, "id": "528", "region": "P", "site": "Wilhelmina Bay", "total_visits_5yr": 251, "23_24_vi": 0, "22_23_vi": 153, "21_22_vi": 98, "20_21_vi": 0, "19_20_vi": 0 }, "geometry": { "type": "Point", "coordinates": [ -62.033333, -64.683332999999664 ] } },
{ "type": "Feature", "properties": { "name": "Enterprise Island", "activity_type": "visitor_site", "duration": "transient", "year": 2024, "id": "530", "region": "P", "site": "Wilhelmina Bay", "total_visits_5yr": 1318, "23_24_vi": 461, "22_23_vi": 178, "21_22_vi": 131, "20_21_vi": 0, "19_20_vi": 548 }, "geometry": { "type": "Point", "coordinates": [ -62.0, -64.533332999999644 ] } },
{ "type": "Feature", "properties": { "name": "Nansen Island", "activity_type": "visitor_site", "duration": "transient", "year": 2024, "id": "533", "region": "P", "site": "Wilhelmina Bay", "total_visits_5yr": 133, "23_24_vi": 45, "22_23_vi": 88, "21_22_vi": 0, "20_21_vi": 0, "19_20_vi": 0 }, "geometry": { "type": "Point", "coordinates": [ -62.083333, -64.583332999999641 ] } },
{ "type": "Feature", "properties": { "name": "Snow Hill Emperor Rookery", "activity_type": "visitor_site", "duration": "transient", "year": 2024, "id": "534", "region": "P", "site": "", "total_visits_5yr": 1416, "23_24_vi": 706, "22_23_vi": 597, "21_22_vi": 12, "20_21_vi": 0, "19_20_vi": 101 }, "geometry": { "type": "Point", "coordinates": [ -57.44, -64.519999999999641 ] } },
{ "type": "Feature", "properties": { "name": "Nordenskjöld's Hut (House)", "activity_type": "visitor_site", "duration": "transient", "year": 2024, "id": "535", "region": "P", "site": "", "total_visits_5yr": 3571, "23_24_vi": 719, "22_23_vi": 1986, "21_22_vi": 722, "20_21_vi": 0, "19_20_vi": 144 }, "geometry": { "type": "Point", "coordinates": [ -56.983333, -64.366666999999623 ] } },
{ "type": "Feature", "properties": { "name": "Snow Hill Island", "activity_type": "visitor_site", "duration": "transient", "year": 2024, "id": "536", "region": "P", "site": "", "total_visits_5yr": 2218, "23_24_vi": 744, "22_23_vi": 1147, "21_22_vi": 327, "20_21_vi": 0, "19_20_vi": 0 }, "geometry": { "type": "Point", "coordinates": [ -57.2, -64.466666999999632 ] } },
{ "type": "Feature", "properties": { "name": "Steinheil Point", "activity_type": "visitor_site", "duration": "transient", "year": 2020, "id": "537", "region": "P", "site": "", "total_visits_5yr": 15, "23_24_vi": 0, "22_23_vi": 0, "21_22_vi": 0, "20_21_vi": 0, "19_20_vi": 15 }, "geometry": { "type": "Point", "coordinates": [ -62.666667, -64.849999999999682 ] } },
{ "type": "Feature", "properties": { "name": "Rosamel Island", "activity_type": "visitor_site", "duration": "transient", "year": 2020, "id": "538", "region": "P", "site": "", "total_visits_5yr": 195, "23_24_vi": 0, "22_23_vi": 0, "21_22_vi": 0, "20_21_vi": 0, "19_20_vi": 195 }, "geometry": { "type": "Point", "coordinates": [ -56.283333, -63.566666999999519 ] } },
{ "type": "Feature", "properties": { "name": "Hope Bay (not Esperanza)", "activity_type": "visitor_site", "duration": "transient", "year": 2024, "id": "540", "region": "P", "site": "Trinity Peninsula", "total_visits_5yr": 468, "23_24_vi": 173, "22_23_vi": 153, "21_22_vi": 138, "20_21_vi": 0, "19_20_vi": 4 }, "geometry": { "type": "Point", "coordinates": [ -57.0, -63.399999999999494 ] } },
{ "type": "Feature", "properties": { "name": "Astrolabe Island", "activity_type": "visitor_site", "duration": "transient", "year": 2024, "id": "546", "region": "P", "site": "", "total_visits_5yr": 3131, "23_24_vi": 1365, "22_23_vi": 86, "21_22_vi": 123, "20_21_vi": 0, "19_20_vi": 1557 }, "geometry": { "type": "Point", "coordinates": [ -58.666667, -63.283332999999487 ] } },
{ "type": "Feature", "properties": { "name": "Hanusse Bay", "activity_type": "visitor_site", "duration": "transient", "year": 2024, "id": "549", "region": "P", "site": "", "total_visits_5yr": 1796, "23_24_vi": 1339, "22_23_vi": 7, "21_22_vi": 179, "20_21_vi": 0, "19_20_vi": 271 }, "geometry": { "type": "Point", "coordinates": [ -67.5, -66.949999999999847 ] } },
{ "type": "Feature", "properties": { "name": "Lallemand Fjord", "activity_type": "visitor_site", "duration": "transient", "year": 2020, "id": "550", "region": "P", "site": "", "total_visits_5yr": 56, "23_24_vi": 0, "22_23_vi": 0, "21_22_vi": 0, "20_21_vi": 0, "19_20_vi": 56 }, "geometry": { "type": "Point", "coordinates": [ -66.75, -66.999999999999858 ] } },
{ "type": "Feature", "properties": { "name": "Pourquoi Pas Island", "activity_type": "visitor_site", "duration": "transient", "year": 2024, "id": "551", "region": "P", "site": "", "total_visits_5yr": 2576, "23_24_vi": 730, "22_23_vi": 619, "21_22_vi": 86, "20_21_vi": 0, "19_20_vi": 1141 }, "geometry": { "type": "Point", "coordinates": [ -67.466667, -67.683332999999891 ] } },
{ "type": "Feature", "properties": { "name": "Bongrain Point", "activity_type": "visitor_site", "duration": "transient", "year": 2024, "id": "552", "region": "P", "site": "", "total_visits_5yr": 6141, "23_24_vi": 1959, "22_23_vi": 2712, "21_22_vi": 434, "20_21_vi": 0, "19_20_vi": 1036 }, "geometry": { "type": "Point", "coordinates": [ -67.8, -67.716666999999887 ] } },
{ "type": "Feature", "properties": { "name": "Lainez Point", "activity_type": "visitor_site", "duration": "transient", "year": 2023, "id": "554", "region": "P", "site": "", "total_visits_5yr": 163, "23_24_vi": 0, "22_23_vi": 163, "21_22_vi": 0, "20_21_vi": 0, "19_20_vi": 0 }, "geometry": { "type": "Point", "coordinates": [ -67.8167, -67.683299999999889 ] } },
{ "type": "Feature", "properties": { "name": "Lemaire Channel", "activity_type": "visitor_site", "duration": "transient", "year": 2024, "id": "555", "region": "P", "site": "", "total_visits_5yr": 321, "23_24_vi": 7, "22_23_vi": 272, "21_22_vi": 0, "20_21_vi": 0, "19_20_vi": 42 }, "geometry": { "type": "Point", "coordinates": [ -63.983333, -65.083332999999698 ] } },
{ "type": "Feature", "properties": { "name": "Charcot Bay", "activity_type": "visitor_site", "duration": "transient", "year": 2024, "id": "558", "region": "P", "site": "", "total_visits_5yr": 18, "23_24_vi": 6, "22_23_vi": 12, "21_22_vi": 0, "20_21_vi": 0, "19_20_vi": 0 }, "geometry": { "type": "Point", "coordinates": [ -59.5833, -63.799999999999542 ] } },
{ "type": "Feature", "properties": { "name": "Hidden Bay", "activity_type": "visitor_site", "duration": "transient", "year": 2023, "id": "559", "region": "P", "site": "", "total_visits_5yr": 124, "23_24_vi": 0, "22_23_vi": 8, "21_22_vi": 0, "20_21_vi": 0, "19_20_vi": 116 }, "geometry": { "type": "Point", "coordinates": [ -63.766667, -65.033332999999701 ] } },
{ "type": "Feature", "properties": { "name": "Curtiss Bay", "activity_type": "visitor_site", "duration": "transient", "year": 2024, "id": "560", "region": "P", "site": "", "total_visits_5yr": 280, "23_24_vi": 102, "22_23_vi": 0, "21_22_vi": 0, "20_21_vi": 0, "19_20_vi": 178 }, "geometry": { "type": "Point", "coordinates": [ -60.783333, -64.033332999999573 ] } },
{ "type": "Feature", "properties": { "name": "Cape Perez", "activity_type": "visitor_site", "duration": "transient", "year": 2024, "id": "561", "region": "P", "site": "", "total_visits_5yr": 156, "23_24_vi": 156, "22_23_vi": 0, "21_22_vi": 0, "20_21_vi": 0, "19_20_vi": 0 }, "geometry": { "type": "Point", "coordinates": [ -64.1, -65.399999999999736 ] } },
{ "type": "Feature", "properties": { "name": "Paradise Harbour (Bay)", "activity_type": "visitor_site", "duration": "transient", "year": 2024, "id": "562", "region": "P", "site": "", "total_visits_5yr": 8107, "23_24_vi": 1483, "22_23_vi": 1373, "21_22_vi": 2341, "20_21_vi": 0, "19_20_vi": 2910 }, "geometry": { "type": "Point", "coordinates": [ -62.9, -64.849999999999682 ] } },
{ "type": "Feature", "properties": { "name": "Erebus and Terror Gulf", "activity_type": "visitor_site", "duration": "transient", "year": 2024, "id": "564", "region": "P", "site": "", "total_visits_5yr": 419, "23_24_vi": 249, "22_23_vi": 0, "21_22_vi": 0, "20_21_vi": 0, "19_20_vi": 170 }, "geometry": { "type": "Point", "coordinates": [ -56.25, -63.749999999999545 ] } },
{ "type": "Feature", "properties": { "name": "Mount Shackleton", "activity_type": "visitor_site", "duration": "transient", "year": 2020, "id": "565", "region": "P", "site": "", "total_visits_5yr": 2, "23_24_vi": 0, "22_23_vi": 0, "21_22_vi": 0, "20_21_vi": 0, "19_20_vi": 2 }, "geometry": { "type": "Point", "coordinates": [ -63.933333, -65.199999999999704 ] } },
{ "type": "Feature", "properties": { "name": "Red Rock Ridge", "activity_type": "visitor_site", "duration": "transient", "year": 2024, "id": "568", "region": "P", "site": "", "total_visits_5yr": 4753, "23_24_vi": 1790, "22_23_vi": 1671, "21_22_vi": 349, "20_21_vi": 0, "19_20_vi": 943 }, "geometry": { "type": "Point", "coordinates": [ -67.133333, -68.299999999999898 ] } },
{ "type": "Feature", "properties": { "name": "Bourgeois Fjord", "activity_type": "visitor_site", "duration": "transient", "year": 2023, "id": "569", "region": "P", "site": "", "total_visits_5yr": 198, "23_24_vi": 0, "22_23_vi": 198, "21_22_vi": 0, "20_21_vi": 0, "19_20_vi": 0 }, "geometry": { "type": "Point", "coordinates": [ -67.083333, -67.666666999999876 ] } },
{ "type": "Feature", "properties": { "name": "Wilhelmina Bay", "activity_type": "visitor_site", "duration": "transient", "year": 2022, "id": "570", "region": "P", "site": "", "total_visits_5yr": 1198, "23_24_vi": 0, "22_23_vi": 0, "21_22_vi": 1032, "20_21_vi": 0, "19_20_vi": 166 }, "geometry": { "type": "Point", "coordinates": [ -62.166667, -64.633332999999652 ] } },
{ "type": "Feature", "properties": { "name": "Charlotte Bay", "activity_type": "visitor_site", "duration": "transient", "year": 2024, "id": "571", "region": "P", "site": "", "total_visits_5yr": 155, "23_24_vi": 43, "22_23_vi": 16, "21_22_vi": 0, "20_21_vi": 0, "19_20_vi": 96 }, "geometry": { "type": "Point", "coordinates": [ -61.65, -64.549999999999628 ] } },
{ "type": "Feature", "properties": { "name": "Recess Cove", "activity_type": "visitor_site", "duration": "transient", "year": 2024, "id": "575", "region": "P", "site": "", "total_visits_5yr": 1894, "23_24_vi": 1202, "22_23_vi": 441, "21_22_vi": 132, "20_21_vi": 0, "19_20_vi": 119 }, "geometry": { "type": "Point", "coordinates": [ -61.533333, -64.499999999999631 ] } },
{ "type": "Feature", "properties": { "name": "Eckener Point", "activity_type": "visitor_site", "duration": "transient", "year": 2024, "id": "576", "region": "P", "site": "", "total_visits_5yr": 533, "23_24_vi": 302, "22_23_vi": 118, "21_22_vi": 0, "20_21_vi": 0, "19_20_vi": 113 }, "geometry": { "type": "Point", "coordinates": [ -61.616667, -64.416666999999634 ] } },
{ "type": "Feature", "properties": { "name": "Berthelot Islands", "activity_type": "visitor_site", "duration": "transient", "year": 2024, "id": "577", "region": "P", "site": "", "total_visits_5yr": 499, "23_24_vi": 239, "22_23_vi": 66, "21_22_vi": 0, "20_21_vi": 0, "19_20_vi": 194 }, "geometry": { "type": "Point", "coordinates": [ -64.15, -65.333332999999712 ] } },
{ "type": "Feature", "properties": { "name": "Petrel Cove", "activity_type": "visitor_site", "duration": "transient", "year": 2020, "id": "580", "region": "P", "site": "", "total_visits_5yr": 115, "23_24_vi": 0, "22_23_vi": 0, "21_22_vi": 0, "20_21_vi": 0, "19_20_vi": 115 }, "geometry": { "type": "Point", "coordinates": [ -56.216667, -63.466666999999504 ] } },
{ "type": "Feature", "properties": { "name": "Danco Island", "activity_type": "visitor_site", "duration": "transient", "year": 2024, "id": "581", "region": "P", "site": "", "total_visits_5yr": 57165, "23_24_vi": 18254, "22_23_vi": 16381, "21_22_vi": 6669, "20_21_vi": 0, "19_20_vi": 15861 }, "geometry": { "type": "Point", "coordinates": [ -62.6, -64.733332999999661 ] } },
{ "type": "Feature", "properties": { "name": "Cuverville Island", "activity_type": "visitor_site", "duration": "transient", "year": 2024, "id": "582", "region": "P", "site": "", "total_visits_5yr": 66181, "23_24_vi": 19673, "22_23_vi": 20540, "21_22_vi": 8511, "20_21_vi": 0, "19_20_vi": 17457 }, "geometry": { "type": "Point", "coordinates": [ -62.633333, -64.683332999999664 ] } },
{ "type": "Feature", "properties": { "name": "Useful Island", "activity_type": "visitor_site", "duration": "transient", "year": 2024, "id": "585", "region": "P", "site": "", "total_visits_5yr": 9967, "23_24_vi": 3252, "22_23_vi": 2712, "21_22_vi": 744, "20_21_vi": 0, "19_20_vi": 3259 }, "geometry": { "type": "Point", "coordinates": [ -62.866667, -64.71666699999966 ] } },
{ "type": "Feature", "properties": { "name": "Gourdin Island", "activity_type": "visitor_site", "duration": "transient", "year": 2024, "id": "587", "region": "P", "site": "", "total_visits_5yr": 2306, "23_24_vi": 567, "22_23_vi": 315, "21_22_vi": 537, "20_21_vi": 0, "19_20_vi": 887 }, "geometry": { "type": "Point", "coordinates": [ -57.3, -63.199999999999456 ] } },
{ "type": "Feature", "properties": { "name": "Duchaylard Island", "activity_type": "visitor_site", "duration": "transient", "year": 2020, "id": "590", "region": "P", "site": "", "total_visits_5yr": 3, "23_24_vi": 0, "22_23_vi": 0, "21_22_vi": 0, "20_21_vi": 0, "19_20_vi": 3 }, "geometry": { "type": "Point", "coordinates": [ -65.133333, -65.716666999999759 ] } },
{ "type": "Feature", "properties": { "name": "Beascochea Bay", "activity_type": "visitor_site", "duration": "transient", "year": 2022, "id": "593", "region": "P", "site": "", "total_visits_5yr": 21, "23_24_vi": 0, "22_23_vi": 0, "21_22_vi": 21, "20_21_vi": 0, "19_20_vi": 0 }, "geometry": { "type": "Point", "coordinates": [ -64.0, -65.49999999999973 ] } },
{ "type": "Feature", "properties": { "name": "Liard Island", "activity_type": "visitor_site", "duration": "transient", "year": 2024, "id": "596", "region": "P", "site": "", "total_visits_5yr": 514, "23_24_vi": 514, "22_23_vi": 0, "21_22_vi": 0, "20_21_vi": 0, "19_20_vi": 0 }, "geometry": { "type": "Point", "coordinates": [ -67.4, -66.83333299999984 ] } },
{ "type": "Feature", "properties": { "name": "Herbert Sound", "activity_type": "visitor_site", "duration": "transient", "year": 2023, "id": "597", "region": "P", "site": "", "total_visits_5yr": 229, "23_24_vi": 0, "22_23_vi": 116, "21_22_vi": 113, "20_21_vi": 0, "19_20_vi": 0 }, "geometry": { "type": "Point", "coordinates": [ -57.65, -63.899999999999565 ] } },
{ "type": "Feature", "properties": { "name": "Screen Islands", "activity_type": "visitor_site", "duration": "transient", "year": 2024, "id": "598", "region": "P", "site": "", "total_visits_5yr": 6, "23_24_vi": 6, "22_23_vi": 0, "21_22_vi": 0, "20_21_vi": 0, "19_20_vi": 0 }, "geometry": { "type": "Point", "coordinates": [ -63.716667, -65.0166669999997 ] } },
{ "type": "Feature", "properties": { "name": "Cape Kinnes", "activity_type": "visitor_site", "duration": "transient", "year": 2022, "id": "601", "region": "P", "site": "", "total_visits_5yr": 61, "23_24_vi": 0, "22_23_vi": 0, "21_22_vi": 61, "20_21_vi": 0, "19_20_vi": 0 }, "geometry": { "type": "Point", "coordinates": [ -56.55, -63.366699999999497 ] } },
{ "type": "Feature", "properties": { "name": "Tay Head", "activity_type": "visitor_site", "duration": "transient", "year": 2024, "id": "602", "region": "P", "site": "Firth of Tay", "total_visits_5yr": 2463, "23_24_vi": 1033, "22_23_vi": 1295, "21_22_vi": 135, "20_21_vi": 0, "19_20_vi": 0 }, "geometry": { "type": "Point", "coordinates": [ -55.55, -63.349999999999483 ] } },
{ "type": "Feature", "properties": { "name": "Detaille Island", "activity_type": "visitor_site", "duration": "transient", "year": 2024, "id": "609", "region": "P", "site": "", "total_visits_5yr": 9828, "23_24_vi": 5202, "22_23_vi": 2512, "21_22_vi": 40, "20_21_vi": 0, "19_20_vi": 2074 }, "geometry": { "type": "Point", "coordinates": [ -66.8, -66.866666999999836 ] } },
{ "type": "Feature", "properties": { "name": "Holdfast Point", "activity_type": "visitor_site", "duration": "transient", "year": 2024, "id": "611", "region": "P", "site": "", "total_visits_5yr": 463, "23_24_vi": 345, "22_23_vi": 0, "21_22_vi": 0, "20_21_vi": 0, "19_20_vi": 118 }, "geometry": { "type": "Point", "coordinates": [ -66.6, -66.799999999999827 ] } },
{ "type": "Feature", "properties": { "name": "Duseberg Buttress", "activity_type": "visitor_site", "duration": "transient", "year": 2024, "id": "614", "region": "P", "site": "", "total_visits_5yr": 9, "23_24_vi": 6, "22_23_vi": 0, "21_22_vi": 0, "20_21_vi": 0, "19_20_vi": 3 }, "geometry": { "type": "Point", "coordinates": [ -64.1, -65.16666699999972 ] } },
{ "type": "Feature", "properties": { "name": "Murray Harbor", "activity_type": "visitor_site", "duration": "transient", "year": 2024, "id": "615", "region": "P", "site": "", "total_visits_5yr": 17, "23_24_vi": 17, "22_23_vi": 0, "21_22_vi": 0, "20_21_vi": 0, "19_20_vi": 0 }, "geometry": { "type": "Point", "coordinates": [ -61.583333, -64.349999999999611 ] } },
{ "type": "Feature", "properties": { "name": "Centurion Glacier", "activity_type": "visitor_site", "duration": "transient", "year": 2023, "id": "616", "region": "P", "site": "", "total_visits_5yr": 141, "23_24_vi": 0, "22_23_vi": 141, "21_22_vi": 0, "20_21_vi": 0, "19_20_vi": 0 }, "geometry": { "type": "Point", "coordinates": [ -66.9167, -68.2 ] } },
{ "type": "Feature", "properties": { "name": "Roman Four Promontory", "activity_type": "visitor_site", "duration": "transient", "year": 2023, "id": "617", "region": "P", "site": "", "total_visits_5yr": 334, "23_24_vi": 0, "22_23_vi": 334, "21_22_vi": 0, "20_21_vi": 0, "19_20_vi": 0 }, "geometry": { "type": "Point", "coordinates": [ -66.933333, -68.216667 ] } },
{ "type": "Feature", "properties": { "name": "Waddington Bay", "activity_type": "visitor_site", "duration": "transient", "year": 2024, "id": "618", "region": "P", "site": "", "total_visits_5yr": 11, "23_24_vi": 8, "22_23_vi": 0, "21_22_vi": 0, "20_21_vi": 0, "19_20_vi": 3 }, "geometry": { "type": "Point", "coordinates": [ -64.083333, -65.266666999999714 ] } },
{ "type": "Feature", "properties": { "name": "Skontorp Cove", "activity_type": "visitor_site", "duration": "transient", "year": 2024, "id": "622", "region": "P", "site": "", "total_visits_5yr": 1639, "23_24_vi": 136, "22_23_vi": 302, "21_22_vi": 675, "20_21_vi": 0, "19_20_vi": 526 }, "geometry": { "type": "Point", "coordinates": [ -62.85, -64.899999999999693 ] } },
{ "type": "Feature", "properties": { "name": "Almirante Brown Station", "activity_type": "visitor_site", "duration": "transient", "year": 2024, "id": "623", "region": "P", "site": "", "total_visits_5yr": 29943, "23_24_vi": 8393, "22_23_vi": 7915, "21_22_vi": 3697, "20_21_vi": 0, "19_20_vi": 9938 }, "geometry": { "type": "Point", "coordinates": [ -62.870452, -64.895369999999673 ] } },
{ "type": "Feature", "properties": { "name": "Vortex Island", "activity_type": "visitor_site", "duration": "transient", "year": 2024, "id": "625", "region": "P", "site": "", "total_visits_5yr": 739, "23_24_vi": 421, "22_23_vi": 0, "21_22_vi": 134, "20_21_vi": 0, "19_20_vi": 184 }, "geometry": { "type": "Point", "coordinates": [ -57.633333, -63.733332999999547 ] } },
{ "type": "Feature", "properties": { "name": "Portal Point", "activity_type": "visitor_site", "duration": "transient", "year": 2024, "id": "626", "region": "P", "site": "", "total_visits_5yr": 55538, "23_24_vi": 22311, "22_23_vi": 15851, "21_22_vi": 4845, "20_21_vi": 0, "19_20_vi": 12531 }, "geometry": { "type": "Point", "coordinates": [ -61.766667, -64.499999999999631 ] } },
{ "type": "Feature", "properties": { "name": "Penguin Point", "activity_type": "visitor_site", "duration": "transient", "year": 2024, "id": "629", "region": "P", "site": "", "total_visits_5yr": 77, "23_24_vi": 39, "22_23_vi": 0, "21_22_vi": 38, "20_21_vi": 0, "19_20_vi": 0 }, "geometry": { "type": "Point", "coordinates": [ -56.716667, -64.316666999999612 ] } },
{ "type": "Feature", "properties": { "name": "Seymour Island", "activity_type": "visitor_site", "duration": "transient", "year": 2024, "id": "630", "region": "P", "site": "", "total_visits_5yr": 331, "23_24_vi": 331, "22_23_vi": 0, "21_22_vi": 0, "20_21_vi": 0, "19_20_vi": 0 }, "geometry": { "type": "Point", "coordinates": [ -56.75, -64.283332999999615 ] } },
{ "type": "Feature", "properties": { "name": "Prospect Point", "activity_type": "visitor_site", "duration": "transient", "year": 2024, "id": "631", "region": "P", "site": "", "total_visits_5yr": 5183, "23_24_vi": 2786, "22_23_vi": 1137, "21_22_vi": 389, "20_21_vi": 0, "19_20_vi": 871 }, "geometry": { "type": "Point", "coordinates": [ -65.35, -66.016666999999785 ] } },
{ "type": "Feature", "properties": { "name": "Dundee Island", "activity_type": "visitor_site", "duration": "transient", "year": 2020, "id": "632", "region": "P", "site": "", "total_visits_5yr": 141, "23_24_vi": 0, "22_23_vi": 0, "21_22_vi": 0, "20_21_vi": 0, "19_20_vi": 141 }, "geometry": { "type": "Point", "coordinates": [ -55.916667, -63.49999999999951 ] } },
{ "type": "Feature", "properties": { "name": "Orne Harbor", "activity_type": "visitor_site", "duration": "transient", "year": 2024, "id": "635", "region": "P", "site": "", "total_visits_5yr": 37503, "23_24_vi": 16056, "22_23_vi": 10277, "21_22_vi": 2407, "20_21_vi": 0, "19_20_vi": 8763 }, "geometry": { "type": "Point", "coordinates": [ -62.533333, -64.616666999999651 ] } },
{ "type": "Feature", "properties": { "name": "Horseshoe Island", "activity_type": "visitor_site", "duration": "transient", "year": 2024, "id": "636", "region": "P", "site": "", "total_visits_5yr": 9783, "23_24_vi": 3463, "22_23_vi": 4225, "21_22_vi": 606, "20_21_vi": 0, "19_20_vi": 1489 }, "geometry": { "type": "Point", "coordinates": [ -67.2, -67.849999999999881 ] } },
{ "type": "Feature", "properties": { "name": "Cape Green", "activity_type": "visitor_site", "duration": "transient", "year": 2022, "id": "637", "region": "P", "site": "", "total_visits_5yr": 160, "23_24_vi": 0, "22_23_vi": 0, "21_22_vi": 133, "20_21_vi": 0, "19_20_vi": 27 }, "geometry": { "type": "Point", "coordinates": [ -56.833333, -63.666666999999528 ] } },
{ "type": "Feature", "properties": { "name": "Fridtjof Sound", "activity_type": "visitor_site", "duration": "transient", "year": 2020, "id": "638", "region": "P", "site": "", "total_visits_5yr": 113, "23_24_vi": 0, "22_23_vi": 0, "21_22_vi": 0, "20_21_vi": 0, "19_20_vi": 113 }, "geometry": { "type": "Point", "coordinates": [ -56.75, -63.58333299999952 ] } },
{ "type": "Feature", "properties": { "name": "Trinity Peninsula", "activity_type": "visitor_site", "duration": "transient", "year": 2023, "id": "639", "region": "P", "site": "", "total_visits_5yr": 128, "23_24_vi": 0, "22_23_vi": 128, "21_22_vi": 0, "20_21_vi": 0, "19_20_vi": 0 }, "geometry": { "type": "Point", "coordinates": [ -58.333333, -63.616666999999531 ] } },
{ "type": "Feature", "properties": { "name": "Cape Tuxen", "activity_type": "visitor_site", "duration": "transient", "year": 2024, "id": "642", "region": "P", "site": "", "total_visits_5yr": 698, "23_24_vi": 594, "22_23_vi": 104, "21_22_vi": 0, "20_21_vi": 0, "19_20_vi": 0 }, "geometry": { "type": "Point", "coordinates": [ -64.133333, -65.266666999999714 ] } },
{ "type": "Feature", "properties": { "name": "Mount Demaria", "activity_type": "visitor_site", "duration": "transient", "year": 2024, "id": "643", "region": "P", "site": "", "total_visits_5yr": 6, "23_24_vi": 6, "22_23_vi": 0, "21_22_vi": 0, "20_21_vi": 0, "19_20_vi": 0 }, "geometry": { "type": "Point", "coordinates": [ -65.283333, -64.099999999999582 ] } },
{ "type": "Feature", "properties": { "name": "Lahille Island", "activity_type": "visitor_site", "duration": "transient", "year": 2020, "id": "647", "region": "P", "site": "", "total_visits_5yr": 1, "23_24_vi": 0, "22_23_vi": 0, "21_22_vi": 0, "20_21_vi": 0, "19_20_vi": 1 }, "geometry": { "type": "Point", "coordinates": [ -64.366667, -65.533332999999743 ] } },
{ "type": "Feature", "properties": { "name": "Weddell Sea", "activity_type": "visitor_site", "duration": "transient", "year": 2024, "id": "649", "region": "P", "site": "", "total_visits_5yr": 2881, "23_24_vi": 382, "22_23_vi": 291, "21_22_vi": 484, "20_21_vi": 0, "19_20_vi": 1724 }, "geometry": { "type": "Point", "coordinates": [ -45.0, -72.0 ] } },
{ "type": "Feature", "properties": { "name": "Larsen Ice Shelf", "activity_type": "visitor_site", "duration": "transient", "year": 2024, "id": "651", "region": "P", "site": "Larsen Ice Shelf", "total_visits_5yr": 388, "23_24_vi": 156, "22_23_vi": 230, "21_22_vi": 2, "20_21_vi": 0, "19_20_vi": 0 }, "geometry": { "type": "Point", "coordinates": [ -60.633333, -66.633332999999809 ] } },
{ "type": "Feature", "properties": { "name": "Jan-22", "activity_type": "visitor_site", "duration": "transient", "year": 2022, "id": "652", "region": "P", "site": "", "total_visits_5yr": 73, "23_24_vi": 0, "22_23_vi": 0, "21_22_vi": 73, "20_21_vi": 0, "19_20_vi": 0 }, "geometry": { "type": "Point", "coordinates": [ -61.216667, -65.49999999999973 ] } },
{ "type": "Feature", "properties": { "name": "Charcot Island", "activity_type": "visitor_site", "duration": "transient", "year": 2024, "id": "653", "region": "P", "site": "Bellingshausen Sea", "total_visits_5yr": 789, "23_24_vi": 138, "22_23_vi": 479, "21_22_vi": 172, "20_21_vi": 0, "19_20_vi": 0 }, "geometry": { "type": "Point", "coordinates": [ -75.4167, -69.95 ] } },
{ "type": "Feature", "properties": { "name": "George VI Sound", "activity_type": "visitor_site", "duration": "transient", "year": 2024, "id": "657", "region": "P", "site": "", "total_visits_5yr": 906, "23_24_vi": 733, "22_23_vi": 173, "21_22_vi": 0, "20_21_vi": 0, "19_20_vi": 0 }, "geometry": { "type": "Point", "coordinates": [ -68.0, -71.0 ] } },
{ "type": "Feature", "properties": { "name": "Cape Burks", "activity_type": "visitor_site", "duration": "transient", "year": 2024, "id": "670", "region": "C", "site": "Ruppert Coast", "total_visits_5yr": 112, "23_24_vi": 112, "22_23_vi": 0, "21_22_vi": 0, "20_21_vi": 0, "19_20_vi": 0 }, "geometry": { "type": "Point", "coordinates": [ -136.8333, -74.75 ] } },
{ "type": "Feature", "properties": { "name": "Cape Lamb", "activity_type": "visitor_site", "duration": "transient", "year": 2024, "id": "671", "region": "P", "site": "Vega Island", "total_visits_5yr": 12, "23_24_vi": 12, "22_23_vi": 0, "21_22_vi": 0, "20_21_vi": 0, "19_20_vi": 0 }, "geometry": { "type": "Point", "coordinates": [ -57.6208, -63.909399999999557 ] } },
{ "type": "Feature", "properties": { "name": "Cape Willems", "activity_type": "visitor_site", "duration": "transient", "year": 2024, "id": "672", "region": "P", "site": "Danco Coast", "total_visits_5yr": 6, "23_24_vi": 6, "22_23_vi": 0, "21_22_vi": 0, "20_21_vi": 0, "19_20_vi": 0 }, "geometry": { "type": "Point", "coordinates": [ -63.2667, -64.94999999999969 ] } },
{ "type": "Feature", "properties": { "name": "Edmonson Point", "activity_type": "visitor_site", "duration": "transient", "year": 2024, "id": "673", "region": "C", "site": "", "total_visits_5yr": 108, "23_24_vi": 108, "22_23_vi": 0, "21_22_vi": 0, "20_21_vi": 0, "19_20_vi": 0 }, "geometry": { "type": "Point", "coordinates": [ 165.1333, -74.3333 ] } },
{ "type": "Feature", "properties": { "name": "Guest Peninsula", "activity_type": "visitor_site", "duration": "transient", "year": 2024, "id": "674", "region": "C", "site": "", "total_visits_5yr": 104, "23_24_vi": 104, "22_23_vi": 0, "21_22_vi": 0, "20_21_vi": 0, "19_20_vi": 0 }, "geometry": { "type": "Point", "coordinates": [ -148.0, -76.3 ] } },
{ "type": "Feature", "properties": { "name": "Lecointe Island", "activity_type": "visitor_site", "duration": "transient", "year": 2024, "id": "676", "region": "P", "site": "Palmer Archipelago", "total_visits_5yr": 106, "23_24_vi": 106, "22_23_vi": 0, "21_22_vi": 0, "20_21_vi": 0, "19_20_vi": 0 }, "geometry": { "type": "Point", "coordinates": [ -62.05, -64.266699999999602 ] } },
{ "type": "Feature", "properties": { "name": "Neny Bay", "activity_type": "visitor_site", "duration": "transient", "year": 2024, "id": "677", "region": "P", "site": "Marguerite Bay", "total_visits_5yr": 9, "23_24_vi": 9, "22_23_vi": 0, "21_22_vi": 0, "20_21_vi": 0, "19_20_vi": 0 }, "geometry": { "type": "Point", "coordinates": [ -66.9667, -68.2 ] } },
{ "type": "Feature", "properties": { "name": "Orford Cliff", "activity_type": "visitor_site", "duration": "transient", "year": 2024, "id": "678", "region": "P", "site": "", "total_visits_5yr": 160, "23_24_vi": 160, "22_23_vi": 0, "21_22_vi": 0, "20_21_vi": 0, "19_20_vi": 0 }, "geometry": { "type": "Point", "coordinates": [ -66.4833, -66.916699999999835 ] } },
{ "type": "Feature", "properties": { "name": "Pastorizo Bay", "activity_type": "visitor_site", "duration": "transient", "year": 2024, "id": "679", "region": "P", "site": "James Ross Islands", "total_visits_5yr": 409, "23_24_vi": 409, "22_23_vi": 0, "21_22_vi": 0, "20_21_vi": 0, "19_20_vi": 0 }, "geometry": { "type": "Point", "coordinates": [ -57.2833, -63.899999999999565 ] } },
{ "type": "Feature", "properties": { "name": "Punta Vidt", "activity_type": "visitor_site", "duration": "transient", "year": 2024, "id": "680", "region": "P", "site": "", "total_visits_5yr": 831, "23_24_vi": 831, "22_23_vi": 0, "21_22_vi": 0, "20_21_vi": 0, "19_20_vi": 0 }, "geometry": { "type": "Point", "coordinates": [ -62.861111, -64.893888999999689 ] } },
{ "type": "Feature", "properties": { "name": "Sprightly Island", "activity_type": "visitor_site", "duration": "transient", "year": 2024, "id": "681", "region": "P", "site": "Danco Coast", "total_visits_5yr": 136, "23_24_vi": 136, "22_23_vi": 0, "21_22_vi": 0, "20_21_vi": 0, "19_20_vi": 0 }, "geometry": { "type": "Point", "coordinates": [ -61.0667, -64.283299999999613 ] } },
{ "type": "Feature", "properties": { "name": "Thurston Island", "activity_type": "visitor_site", "duration": "transient", "year": 2024, "id": "682", "region": "C", "site": "Abbot Ice Shelf", "total_visits_5yr": 107, "23_24_vi": 107, "22_23_vi": 0, "21_22_vi": 0, "20_21_vi": 0, "19_20_vi": 0 }, "geometry": { "type": "Point", "coordinates": [ -99.0, -72.1 ] } },
{ "type": "Feature", "properties": { "name": "Winter Island", "activity_type": "visitor_site", "duration": "transient", "year": 2024, "id": "683", "region": "P", "site": "Argentine Islands", "total_visits_5yr": 1067, "23_24_vi": 926, "22_23_vi": 0, "21_22_vi": 0, "20_21_vi": 0, "19_20_vi": 141 }, "geometry": { "type": "Point", "coordinates": [ -64.2667, -65.249999999999702 ] } },
{ "type": "Feature", "properties": { "name": "Wyatt Island", "activity_type": "visitor_site", "duration": "transient", "year": 2024, "id": "684", "region": "P", "site": "", "total_visits_5yr": 8, "23_24_vi": 8, "22_23_vi": 0, "21_22_vi": 0, "20_21_vi": 0, "19_20_vi": 0 }, "geometry": { "type": "Point", "coordinates": [ -67.6833, -67.333299999999852 ] } },
{ "type": "Feature", "properties": { "name": "Gourlay Peninsula (Signy Island)", "activity_type": "visitor_site", "duration": "transient", "year": 2024, "id": "685", "region": "I", "site": "South Orkney Islands", "total_visits_5yr": 312, "23_24_vi": 312, "22_23_vi": 0, "21_22_vi": 0, "20_21_vi": 0, "19_20_vi": 0 }, "geometry": { "type": "Point", "coordinates": [ -45.5883, -60.724999999998893 ] } },
{ "type": "Feature", "properties": { "name": "Tower Island (Palmer Archipelago)", "activity_type": "visitor_site", "duration": "transient", "year": 2024, "id": "686", "region": "P", "site": "Palmer Archipelago", "total_visits_5yr": 4, "23_24_vi": 4, "22_23_vi": 0, "21_22_vi": 0, "20_21_vi": 0, "19_20_vi": 0 }, "geometry": { "type": "Point", "coordinates": [ -59.8167, -63.583299999999511 ] } },
{ "type": "Feature", "properties": { "name": "Duroch Islands", "activity_type": "visitor_site", "duration": "transient", "year": 2024, "id": "687", "region": "P", "site": "Trinity Peninsula", "total_visits_5yr": 308, "23_24_vi": 308, "22_23_vi": 0, "21_22_vi": 0, "20_21_vi": 0, "19_20_vi": 0 }, "geometry": { "type": "Point", "coordinates": [ -57.9, -63.299999999999471 ] } },
{ "type": "Feature", "properties": { "name": "Mount Theodore", "activity_type": "visitor_site", "duration": "transient", "year": 2021, "id": "688", "region": "P", "site": "Danco Coast", "total_visits_5yr": 3, "23_24_vi": 0, "22_23_vi": 0, "21_22_vi": 0, "20_21_vi": 3, "19_20_vi": 0 }, "geometry": { "type": "Point", "coordinates": [ -62.6, -64.96669999999969 ] } }
]
}
