{"type": "FeatureCollection", "features": [{"type": "Feature", "properties": {"name": "D\u00e9barquement Rock", "site": "Geologie Archipelago", "region": "C", "year": 2023, "visit_count": 139, "activity_type": "visitor_site", "duration": "transient"}, "geometry": {"type": "Point", "coordinates": [140.066667, -66.59999999999981]}}, {"type": "Feature", "properties": {"name": "Mertz Glacier Tongue", "site": "George V Coast", "region": "C", "year": 2023, "visit_count": 104, "activity_type": "visitor_site", "duration": "transient"}, "geometry": {"type": "Point", "coordinates": [145.5, -67.16666699999988]}}, {"type": "Feature", "properties": {"name": "Bay of Whales", "site": "Ross Ice Shelf", "region": "C", "year": 2020, "visit_count": 129, "activity_type": "visitor_site", "duration": "transient"}, "geometry": {"type": "Point", "coordinates": [-164.333333, -78.49999999999855]}}, {"type": "Feature", "properties": {"name": "Ross Ice Shelf", "site": "Ross Sea", "region": "C", "year": 2024, "visit_count": 98, "activity_type": "visitor_site", "duration": "transient"}, "geometry": {"type": "Point", "coordinates": [-175.0, -81.49999999999983]}}, {"type": "Feature", "properties": {"name": "Ross Ice Shelf", "site": "Ross Sea", "region": "C", "year": 2023, "visit_count": 86, "activity_type": "visitor_site", "duration": "transient"}, "geometry": {"type": "Point", "coordinates": [-175.0, -81.49999999999983]}}, {"type": "Feature", "properties": {"name": "Ross Ice Shelf", "site": "Ross Sea", "region": "C", "year": 2020, "visit_count": 129, "activity_type": "visitor_site", "duration": "transient"}, "geometry": {"type": "Point", "coordinates": [-175.0, -81.49999999999983]}}, {"type": "Feature", "properties": {"name": "Ross Sea", "site": "", "region": "C", "year": 2024, "visit_count": 92, "activity_type": "visitor_site", "duration": "transient"}, "geometry": {"type": "Point", "coordinates": [-179.0, -74.0]}}, {"type": "Feature", "properties": {"name": "Ross Sea", "site": "", "region": "C", "year": 2023, "visit_count": 154, "activity_type": "visitor_site", "duration": "transient"}, "geometry": {"type": "Point", "coordinates": [-179.0, -74.0]}}, {"type": "Feature", "properties": {"name": "Brownson Islands", "site": "Amundsen Sea", "region": "C", "year": 2023, "visit_count": 125, "activity_type": "visitor_site", "duration": "transient"}, "geometry": {"type": "Point", "coordinates": [-103.6, -74.16669999999999]}}, {"type": "Feature", "properties": {"name": "Siple Island", "site": "Bakutis Coast", "region": "C", "year": 2024, "visit_count": 105, "activity_type": "visitor_site", "duration": "transient"}, "geometry": {"type": "Point", "coordinates": [-125.00000000000001, -73.65]}}, {"type": "Feature", "properties": {"name": "Siple Island", "site": "Bakutis Coast", "region": "C", "year": 2023, "visit_count": 190, "activity_type": "visitor_site", "duration": "transient"}, "geometry": {"type": "Point", "coordinates": [-125.00000000000001, -73.65]}}, {"type": "Feature", "properties": {"name": "Siple Island", "site": "Bakutis Coast", "region": "C", "year": 2022, "visit_count": 62, "activity_type": "visitor_site", "duration": "transient"}, "geometry": {"type": "Point", "coordinates": [-125.00000000000001, -73.65]}}, {"type": "Feature", "properties": {"name": "Union Glacier", "site": "Ellsworth Mountains", "region": "C", "year": 2020, "visit_count": 372, "activity_type": "visitor_site", "duration": "transient"}, "geometry": {"type": "Point", "coordinates": [-82.5, -79.74999999999935]}}, {"type": "Feature", "properties": {"name": "Cape Colbeck", "site": "", "region": "C", "year": 2020, "visit_count": 127, "activity_type": "visitor_site", "duration": "transient"}, "geometry": {"type": "Point", "coordinates": [-158.416667, -77.083333]}}, {"type": "Feature", "properties": {"name": "Amundsen Sea", "site": "", "region": "C", "year": 2023, "visit_count": 87, "activity_type": "visitor_site", "duration": "transient"}, "geometry": {"type": "Point", "coordinates": [-112.0, -72.99999999999999]}}, {"type": "Feature", "properties": {"name": "Peter I Island", "site": "Bellinghausen Sea", "region": "C", "year": 2024, "visit_count": 110, "activity_type": "visitor_site", "duration": "transient"}, "geometry": {"type": "Point", "coordinates": [-90.583333, -68.78333299999991]}}, {"type": "Feature", "properties": {"name": "Peter I Island", "site": "Bellinghausen Sea", "region": "C", "year": 2023, "visit_count": 155, "activity_type": "visitor_site", "duration": "transient"}, "geometry": {"type": "Point", "coordinates": [-90.583333, -68.78333299999991]}}, {"type": "Feature", "properties": {"name": "Peter I Island", "site": "Bellinghausen Sea", "region": "C", "year": 2022, "visit_count": 52, "activity_type": "visitor_site", "duration": "transient"}, "geometry": {"type": "Point", "coordinates": [-90.583333, -68.78333299999991]}}, {"type": "Feature", "properties": {"name": "Sabrina Island", "site": "Oates Coast", "region": "C", "year": 2020, "visit_count": 1, "activity_type": "visitor_site", "duration": "transient"}, "geometry": {"type": "Point", "coordinates": [163.2833, -66.94999999999985]}}, {"type": "Feature", "properties": {"name": "Wolfs Fang Runway", "site": "Princess Astrid Coast", "region": "C", "year": 2022, "visit_count": 158, "activity_type": "visitor_site", "duration": "transient"}, "geometry": {"type": "Point", "coordinates": [8.796463999999999, -71.52173899999997]}}, {"type": "Feature", "properties": {"name": "Wolfs Fang Runway", "site": "Princess Astrid Coast", "region": "C", "year": 2020, "visit_count": 159, "activity_type": "visitor_site", "duration": "transient"}, "geometry": {"type": "Point", "coordinates": [8.796463999999999, -71.52173899999997]}}, {"type": "Feature", "properties": {"name": "Novolazarevskaya Aerodrome", "site": "Princess Astrid Coast", "region": "C", "year": 2020, "visit_count": 60, "activity_type": "visitor_site", "duration": "transient"}, "geometry": {"type": "Point", "coordinates": [11.864721999999999, -70.77361099999996]}}, {"type": "Feature", "properties": {"name": "Canada Glacier", "site": "McMurdo Dry Valleys", "region": "C", "year": 2023, "visit_count": 167, "activity_type": "visitor_site", "duration": "transient"}, "geometry": {"type": "Point", "coordinates": [163.054, -77.627]}}, {"type": "Feature", "properties": {"name": "Canada Glacier", "site": "McMurdo Dry Valleys", "region": "C", "year": 2020, "visit_count": 193, "activity_type": "visitor_site", "duration": "transient"}, "geometry": {"type": "Point", "coordinates": [163.054, -77.627]}}, {"type": "Feature", "properties": {"name": "Hut Point", "site": "Ross Island", "region": "C", "year": 2024, "visit_count": 222, "activity_type": "visitor_site", "duration": "transient"}, "geometry": {"type": "Point", "coordinates": [166.633333, -77.85]}}, {"type": "Feature", "properties": {"name": "Hut Point", "site": "Ross Island", "region": "C", "year": 2023, "visit_count": 485, "activity_type": "visitor_site", "duration": "transient"}, "geometry": {"type": "Point", "coordinates": [166.633333, -77.85]}}, {"type": "Feature", "properties": {"name": "Hut Point", "site": "Ross Island", "region": "C", "year": 2022, "visit_count": 44, "activity_type": "visitor_site", "duration": "transient"}, "geometry": {"type": "Point", "coordinates": [166.633333, -77.85]}}, {"type": "Feature", "properties": {"name": "Hut Point", "site": "Ross Island", "region": "C", "year": 2020, "visit_count": 244, "activity_type": "visitor_site", "duration": "transient"}, "geometry": {"type": "Point", "coordinates": [166.633333, -77.85]}}, {"type": "Feature", "properties": {"name": "Cape Royds", "site": "Ross Island", "region": "C", "year": 2024, "visit_count": 856, "activity_type": "visitor_site", "duration": "transient"}, "geometry": {"type": "Point", "coordinates": [166.166667, -77.55]}}, {"type": "Feature", "properties": {"name": "Cape Royds", "site": "Ross Island", "region": "C", "year": 2023, "visit_count": 544, "activity_type": "visitor_site", "duration": "transient"}, "geometry": {"type": "Point", "coordinates": [166.166667, -77.55]}}, {"type": "Feature", "properties": {"name": "Cape Royds", "site": "Ross Island", "region": "C", "year": 2022, "visit_count": 29, "activity_type": "visitor_site", "duration": "transient"}, "geometry": {"type": "Point", "coordinates": [166.166667, -77.55]}}, {"type": "Feature", "properties": {"name": "Cape Royds", "site": "Ross Island", "region": "C", "year": 2020, "visit_count": 267, "activity_type": "visitor_site", "duration": "transient"}, "geometry": {"type": "Point", "coordinates": [166.166667, -77.55]}}, {"type": "Feature", "properties": {"name": "Scott Base", "site": "Ross Island", "region": "C", "year": 2020, "visit_count": 158, "activity_type": "visitor_site", "duration": "transient"}, "geometry": {"type": "Point", "coordinates": [166.767281, -77.849437]}}, {"type": "Feature", "properties": {"name": "Cape Evans", "site": "Ross Island", "region": "C", "year": 2024, "visit_count": 1168, "activity_type": "visitor_site", "duration": "transient"}, "geometry": {"type": "Point", "coordinates": [166.4, -77.633333]}}, {"type": "Feature", "properties": {"name": "Cape Evans", "site": "Ross Island", "region": "C", "year": 2023, "visit_count": 864, "activity_type": "visitor_site", "duration": "transient"}, "geometry": {"type": "Point", "coordinates": [166.4, -77.633333]}}, {"type": "Feature", "properties": {"name": "Cape Evans", "site": "Ross Island", "region": "C", "year": 2022, "visit_count": 39, "activity_type": "visitor_site", "duration": "transient"}, "geometry": {"type": "Point", "coordinates": [166.4, -77.633333]}}, {"type": "Feature", "properties": {"name": "Cape Evans", "site": "Ross Island", "region": "C", "year": 2020, "visit_count": 334, "activity_type": "visitor_site", "duration": "transient"}, "geometry": {"type": "Point", "coordinates": [166.4, -77.633333]}}, {"type": "Feature", "properties": {"name": "Cape Crozier", "site": "Ross Island", "region": "C", "year": 2022, "visit_count": 44, "activity_type": "visitor_site", "duration": "transient"}, "geometry": {"type": "Point", "coordinates": [169.4, -77.5167]}}, {"type": "Feature", "properties": {"name": "Cape Bird", "site": "Ross Island", "region": "C", "year": 2024, "visit_count": 207, "activity_type": "visitor_site", "duration": "transient"}, "geometry": {"type": "Point", "coordinates": [166.683333, -77.166667]}}, {"type": "Feature", "properties": {"name": "Cape Bird", "site": "Ross Island", "region": "C", "year": 2023, "visit_count": 370, "activity_type": "visitor_site", "duration": "transient"}, "geometry": {"type": "Point", "coordinates": [166.683333, -77.166667]}}, {"type": "Feature", "properties": {"name": "Cape Bird", "site": "Ross Island", "region": "C", "year": 2020, "visit_count": 99, "activity_type": "visitor_site", "duration": "transient"}, "geometry": {"type": "Point", "coordinates": [166.683333, -77.166667]}}, {"type": "Feature", "properties": {"name": "Cape Adare", "site": "Ross Sea", "region": "C", "year": 2024, "visit_count": 305, "activity_type": "visitor_site", "duration": "transient"}, "geometry": {"type": "Point", "coordinates": [170.1, -71.28333299999998]}}, {"type": "Feature", "properties": {"name": "Cape Adare", "site": "Ross Sea", "region": "C", "year": 2023, "visit_count": 696, "activity_type": "visitor_site", "duration": "transient"}, "geometry": {"type": "Point", "coordinates": [170.1, -71.28333299999998]}}, {"type": "Feature", "properties": {"name": "Cape Adare", "site": "Ross Sea", "region": "C", "year": 2022, "visit_count": 44, "activity_type": "visitor_site", "duration": "transient"}, "geometry": {"type": "Point", "coordinates": [170.1, -71.28333299999998]}}, {"type": "Feature", "properties": {"name": "Cape Adare", "site": "Ross Sea", "region": "C", "year": 2020, "visit_count": 318, "activity_type": "visitor_site", "duration": "transient"}, "geometry": {"type": "Point", "coordinates": [170.1, -71.28333299999998]}}, {"type": "Feature", "properties": {"name": "Moubray Bay", "site": "Ross Sea", "region": "C", "year": 2023, "visit_count": 119, "activity_type": "visitor_site", "duration": "transient"}, "geometry": {"type": "Point", "coordinates": [170.25, -72.18333299999999]}}, {"type": "Feature", "properties": {"name": "Terra Nova Bay", "site": "Ross Sea", "region": "C", "year": 2020, "visit_count": 47, "activity_type": "visitor_site", "duration": "transient"}, "geometry": {"type": "Point", "coordinates": [164.5, -74.833333]}}, {"type": "Feature", "properties": {"name": "McMurdo Sound", "site": "Ross Sea", "region": "C", "year": 2024, "visit_count": 138, "activity_type": "visitor_site", "duration": "transient"}, "geometry": {"type": "Point", "coordinates": [165.0, -77.5]}}, {"type": "Feature", "properties": {"name": "Foyn Island", "site": "Ross Sea", "region": "C", "year": 2024, "visit_count": 391, "activity_type": "visitor_site", "duration": "transient"}, "geometry": {"type": "Point", "coordinates": [171.066667, -71.93333299999998]}}, {"type": "Feature", "properties": {"name": "Foyn Island", "site": "Ross Sea", "region": "C", "year": 2023, "visit_count": 106, "activity_type": "visitor_site", "duration": "transient"}, "geometry": {"type": "Point", "coordinates": [171.066667, -71.93333299999998]}}, {"type": "Feature", "properties": {"name": "Possession Island", "site": "Ross Sea", "region": "C", "year": 2024, "visit_count": 128, "activity_type": "visitor_site", "duration": "transient"}, "geometry": {"type": "Point", "coordinates": [171.2, -71.86666699999998]}}, {"type": "Feature", "properties": {"name": "Possession Island", "site": "Ross Sea", "region": "C", "year": 2023, "visit_count": 129, "activity_type": "visitor_site", "duration": "transient"}, "geometry": {"type": "Point", "coordinates": [171.2, -71.86666699999998]}}, {"type": "Feature", "properties": {"name": "Possession Island", "site": "Ross Sea", "region": "C", "year": 2022, "visit_count": 42, "activity_type": "visitor_site", "duration": "transient"}, "geometry": {"type": "Point", "coordinates": [171.2, -71.86666699999998]}}, {"type": "Feature", "properties": {"name": "Possession Island", "site": "Ross Sea", "region": "C", "year": 2020, "visit_count": 165, "activity_type": "visitor_site", "duration": "transient"}, "geometry": {"type": "Point", "coordinates": [171.2, -71.86666699999998]}}, {"type": "Feature", "properties": {"name": "Franklin Island", "site": "Ross Sea", "region": "C", "year": 2024, "visit_count": 163, "activity_type": "visitor_site", "duration": "transient"}, "geometry": {"type": "Point", "coordinates": [168.316667, -76.083333]}}, {"type": "Feature", "properties": {"name": "Franklin Island", "site": "Ross Sea", "region": "C", "year": 2020, "visit_count": 282, "activity_type": "visitor_site", "duration": "transient"}, "geometry": {"type": "Point", "coordinates": [168.316667, -76.083333]}}, {"type": "Feature", "properties": {"name": "Coulman Island", "site": "Ross Sea", "region": "C", "year": 2020, "visit_count": 108, "activity_type": "visitor_site", "duration": "transient"}, "geometry": {"type": "Point", "coordinates": [169.95, -73.416667]}}, {"type": "Feature", "properties": {"name": "Inexpressible Island", "site": "Terra Nova Bay", "region": "C", "year": 2024, "visit_count": 304, "activity_type": "visitor_site", "duration": "transient"}, "geometry": {"type": "Point", "coordinates": [163.616667, -75.016667]}}, {"type": "Feature", "properties": {"name": "Inexpressible Island", "site": "Terra Nova Bay", "region": "C", "year": 2020, "visit_count": 115, "activity_type": "visitor_site", "duration": "transient"}, "geometry": {"type": "Point", "coordinates": [163.616667, -75.016667]}}, {"type": "Feature", "properties": {"name": "Mario Zucchelli (Terra Nova) Station", "site": "Terra Nova Bay", "region": "C", "year": 2020, "visit_count": 161, "activity_type": "visitor_site", "duration": "transient"}, "geometry": {"type": "Point", "coordinates": [164.113268, -74.69480699999998]}}, {"type": "Feature", "properties": {"name": "Gondwana Station", "site": "Terra Nova Bay", "region": "C", "year": 2024, "visit_count": 151, "activity_type": "visitor_site", "duration": "transient"}, "geometry": {"type": "Point", "coordinates": [164.221215, -74.635501]}}, {"type": "Feature", "properties": {"name": "Gondwana Station", "site": "Terra Nova Bay", "region": "C", "year": 2022, "visit_count": 42, "activity_type": "visitor_site", "duration": "transient"}, "geometry": {"type": "Point", "coordinates": [164.221215, -74.635501]}}, {"type": "Feature", "properties": {"name": "Gondwana Station", "site": "Terra Nova Bay", "region": "C", "year": 2020, "visit_count": 86, "activity_type": "visitor_site", "duration": "transient"}, "geometry": {"type": "Point", "coordinates": [164.221215, -74.635501]}}, {"type": "Feature", "properties": {"name": "Cape Hallett", "site": "", "region": "C", "year": 2024, "visit_count": 160, "activity_type": "visitor_site", "duration": "transient"}, "geometry": {"type": "Point", "coordinates": [170.266667, -72.31666699999998]}}, {"type": "Feature", "properties": {"name": "Cape Hallett", "site": "", "region": "C", "year": 2023, "visit_count": 93, "activity_type": "visitor_site", "duration": "transient"}, "geometry": {"type": "Point", "coordinates": [170.266667, -72.31666699999998]}}, {"type": "Feature", "properties": {"name": "Cape Hallett", "site": "", "region": "C", "year": 2020, "visit_count": 2, "activity_type": "visitor_site", "duration": "transient"}, "geometry": {"type": "Point", "coordinates": [170.266667, -72.31666699999998]}}, {"type": "Feature", "properties": {"name": "Duke of York Island", "site": "", "region": "C", "year": 2020, "visit_count": 10, "activity_type": "visitor_site", "duration": "transient"}, "geometry": {"type": "Point", "coordinates": [170.0667, -71.63329999999999]}}, {"type": "Feature", "properties": {"name": "Colbeck Bay", "site": "", "region": "C", "year": 2023, "visit_count": 74, "activity_type": "visitor_site", "duration": "transient"}, "geometry": {"type": "Point", "coordinates": [170.0833, -71.63329999999998]}}, {"type": "Feature", "properties": {"name": "Sandefjord Bay", "site": "South Orkney Islands", "region": "I", "year": 2024, "visit_count": 113, "activity_type": "visitor_site", "duration": "transient"}, "geometry": {"type": "Point", "coordinates": [-46.033333000000006, -60.61666699999885]}}, {"type": "Feature", "properties": {"name": "Sandefjord Bay", "site": "South Orkney Islands", "region": "I", "year": 2022, "visit_count": 81, "activity_type": "visitor_site", "duration": "transient"}, "geometry": {"type": "Point", "coordinates": [-46.033333000000006, -60.61666699999885]}}, {"type": "Feature", "properties": {"name": "Shingle Cove", "site": "South Orkney Islands", "region": "I", "year": 2024, "visit_count": 1819, "activity_type": "visitor_site", "duration": "transient"}, "geometry": {"type": "Point", "coordinates": [-45.55, -60.649999999998876]}}, {"type": "Feature", "properties": {"name": "Shingle Cove", "site": "South Orkney Islands", "region": "I", "year": 2023, "visit_count": 1271, "activity_type": "visitor_site", "duration": "transient"}, "geometry": {"type": "Point", "coordinates": [-45.55, -60.649999999998876]}}, {"type": "Feature", "properties": {"name": "Shingle Cove", "site": "South Orkney Islands", "region": "I", "year": 2022, "visit_count": 918, "activity_type": "visitor_site", "duration": "transient"}, "geometry": {"type": "Point", "coordinates": [-45.55, -60.649999999998876]}}, {"type": "Feature", "properties": {"name": "Shingle Cove", "site": "South Orkney Islands", "region": "I", "year": 2020, "visit_count": 241, "activity_type": "visitor_site", "duration": "transient"}, "geometry": {"type": "Point", "coordinates": [-45.55, -60.649999999998876]}}, {"type": "Feature", "properties": {"name": "Gibbon Bay", "site": "South Orkney Islands", "region": "I", "year": 2023, "visit_count": 189, "activity_type": "visitor_site", "duration": "transient"}, "geometry": {"type": "Point", "coordinates": [-45.150000000000006, -60.649999999998876]}}, {"type": "Feature", "properties": {"name": "Orcadas Station", "site": "South Orkney Islands", "region": "I", "year": 2020, "visit_count": 1870, "activity_type": "visitor_site", "duration": "transient"}, "geometry": {"type": "Point", "coordinates": [-44.737387000000005, -60.73759199999889]}}, {"type": "Feature", "properties": {"name": "Matthews Island", "site": "South Orkney Islands", "region": "I", "year": 2023, "visit_count": 4, "activity_type": "visitor_site", "duration": "transient"}, "geometry": {"type": "Point", "coordinates": [-45.16666699999999, -60.749999999998906]}}, {"type": "Feature", "properties": {"name": "Signy Island Station", "site": "South Orkney Islands", "region": "I", "year": 2024, "visit_count": 170, "activity_type": "visitor_site", "duration": "transient"}, "geometry": {"type": "Point", "coordinates": [-45.6, -60.7166669999989]}}, {"type": "Feature", "properties": {"name": "Signy Island Station", "site": "South Orkney Islands", "region": "I", "year": 2023, "visit_count": 4, "activity_type": "visitor_site", "duration": "transient"}, "geometry": {"type": "Point", "coordinates": [-45.6, -60.7166669999989]}}, {"type": "Feature", "properties": {"name": "Signy Island Station", "site": "South Orkney Islands", "region": "I", "year": 2020, "visit_count": 157, "activity_type": "visitor_site", "duration": "transient"}, "geometry": {"type": "Point", "coordinates": [-45.6, -60.7166669999989]}}, {"type": "Feature", "properties": {"name": "Stygian Cove", "site": "South Orkney Islands", "region": "I", "year": 2023, "visit_count": 170, "activity_type": "visitor_site", "duration": "transient"}, "geometry": {"type": "Point", "coordinates": [-45.6083, -60.68329999999888]}}, {"type": "Feature", "properties": {"name": "Stygian Cove", "site": "South Orkney Islands", "region": "I", "year": 2022, "visit_count": 42, "activity_type": "visitor_site", "duration": "transient"}, "geometry": {"type": "Point", "coordinates": [-45.6083, -60.68329999999888]}}, {"type": "Feature", "properties": {"name": "Laurie Island", "site": "South Orkney Islands", "region": "I", "year": 2024, "visit_count": 71, "activity_type": "visitor_site", "duration": "transient"}, "geometry": {"type": "Point", "coordinates": [-44.583333, -60.73333299999891]}}, {"type": "Feature", "properties": {"name": "Laurie Island", "site": "South Orkney Islands", "region": "I", "year": 2020, "visit_count": 109, "activity_type": "visitor_site", "duration": "transient"}, "geometry": {"type": "Point", "coordinates": [-44.583333, -60.73333299999891]}}, {"type": "Feature", "properties": {"name": "South Orkney Islands", "site": "South Orkney Islands", "region": "I", "year": 2024, "visit_count": 112, "activity_type": "visitor_site", "duration": "transient"}, "geometry": {"type": "Point", "coordinates": [-45.5, -60.583332999998866]}}, {"type": "Feature", "properties": {"name": "Carroll Inlet", "site": "", "region": "P", "year": 2023, "visit_count": 47, "activity_type": "visitor_site", "duration": "transient"}, "geometry": {"type": "Point", "coordinates": [-78.5, -73.29999999999998]}}, {"type": "Feature", "properties": {"name": "Carroll Inlet", "site": "", "region": "P", "year": 2022, "visit_count": 33, "activity_type": "visitor_site", "duration": "transient"}, "geometry": {"type": "Point", "coordinates": [-78.5, -73.29999999999998]}}, {"type": "Feature", "properties": {"name": "Sims Island", "site": "", "region": "P", "year": 2024, "visit_count": 255, "activity_type": "visitor_site", "duration": "transient"}, "geometry": {"type": "Point", "coordinates": [-78.3167, -73.34999999999998]}}, {"type": "Feature", "properties": {"name": "Sims Island", "site": "", "region": "P", "year": 2023, "visit_count": 172, "activity_type": "visitor_site", "duration": "transient"}, "geometry": {"type": "Point", "coordinates": [-78.3167, -73.34999999999998]}}, {"type": "Feature", "properties": {"name": "Sims Island", "site": "", "region": "P", "year": 2022, "visit_count": 178, "activity_type": "visitor_site", "duration": "transient"}, "geometry": {"type": "Point", "coordinates": [-78.3167, -73.34999999999998]}}, {"type": "Feature", "properties": {"name": "The Gullet", "site": "Adelaide Island", "region": "P", "year": 2024, "visit_count": 114, "activity_type": "visitor_site", "duration": "transient"}, "geometry": {"type": "Point", "coordinates": [-67.633333, -67.16666699999988]}}, {"type": "Feature", "properties": {"name": "The Gullet", "site": "Adelaide Island", "region": "P", "year": 2022, "visit_count": 353, "activity_type": "visitor_site", "duration": "transient"}, "geometry": {"type": "Point", "coordinates": [-67.633333, -67.16666699999988]}}, {"type": "Feature", "properties": {"name": "Jenny Island", "site": "Adelaide Island", "region": "P", "year": 2024, "visit_count": 917, "activity_type": "visitor_site", "duration": "transient"}, "geometry": {"type": "Point", "coordinates": [-68.4, -67.73333299999989]}}, {"type": "Feature", "properties": {"name": "Jenny Island", "site": "Adelaide Island", "region": "P", "year": 2023, "visit_count": 981, "activity_type": "visitor_site", "duration": "transient"}, "geometry": {"type": "Point", "coordinates": [-68.4, -67.73333299999989]}}, {"type": "Feature", "properties": {"name": "Jenny Island", "site": "Adelaide Island", "region": "P", "year": 2022, "visit_count": 285, "activity_type": "visitor_site", "duration": "transient"}, "geometry": {"type": "Point", "coordinates": [-68.4, -67.73333299999989]}}, {"type": "Feature", "properties": {"name": "Jenny Island", "site": "Adelaide Island", "region": "P", "year": 2020, "visit_count": 731, "activity_type": "visitor_site", "duration": "transient"}, "geometry": {"type": "Point", "coordinates": [-68.4, -67.73333299999989]}}, {"type": "Feature", "properties": {"name": "Rothera Station", "site": "Adelaide Island", "region": "P", "year": 2024, "visit_count": 7, "activity_type": "visitor_site", "duration": "transient"}, "geometry": {"type": "Point", "coordinates": [-68.124888, -67.56952899999987]}}, {"type": "Feature", "properties": {"name": "Neko Harbor", "site": "Arctowski Peninsula", "region": "P", "year": 2024, "visit_count": 23719, "activity_type": "visitor_site", "duration": "transient"}, "geometry": {"type": "Point", "coordinates": [-62.550000000000004, -64.83333299999968]}}, {"type": "Feature", "properties": {"name": "Neko Harbor", "site": "Arctowski Peninsula", "region": "P", "year": 2023, "visit_count": 21035, "activity_type": "visitor_site", "duration": "transient"}, "geometry": {"type": "Point", "coordinates": [-62.550000000000004, -64.83333299999968]}}, {"type": "Feature", "properties": {"name": "Neko Harbor", "site": "Arctowski Peninsula", "region": "P", "year": 2022, "visit_count": 7457, "activity_type": "visitor_site", "duration": "transient"}, "geometry": {"type": "Point", "coordinates": [-62.550000000000004, -64.83333299999968]}}, {"type": "Feature", "properties": {"name": "Neko Harbor", "site": "Arctowski Peninsula", "region": "P", "year": 2020, "visit_count": 24003, "activity_type": "visitor_site", "duration": "transient"}, "geometry": {"type": "Point", "coordinates": [-62.550000000000004, -64.83333299999968]}}, {"type": "Feature", "properties": {"name": "Duthiers Point", "site": "Arctowski Peninsula", "region": "P", "year": 2024, "visit_count": 278, "activity_type": "visitor_site", "duration": "transient"}, "geometry": {"type": "Point", "coordinates": [-62.816667, -64.79999999999967]}}, {"type": "Feature", "properties": {"name": "Duthiers Point", "site": "Arctowski Peninsula", "region": "P", "year": 2023, "visit_count": 51, "activity_type": "visitor_site", "duration": "transient"}, "geometry": {"type": "Point", "coordinates": [-62.816667, -64.79999999999967]}}, {"type": "Feature", "properties": {"name": "Duthiers Point", "site": "Arctowski Peninsula", "region": "P", "year": 2022, "visit_count": 114, "activity_type": "visitor_site", "duration": "transient"}, "geometry": {"type": "Point", "coordinates": [-62.816667, -64.79999999999967]}}, {"type": "Feature", "properties": {"name": "Duthiers Point", "site": "Arctowski Peninsula", "region": "P", "year": 2020, "visit_count": 50, "activity_type": "visitor_site", "duration": "transient"}, "geometry": {"type": "Point", "coordinates": [-62.816667, -64.79999999999967]}}, {"type": "Feature", "properties": {"name": "Sable Pinnacles", "site": "Arctowski Peninsula", "region": "P", "year": 2023, "visit_count": 46, "activity_type": "visitor_site", "duration": "transient"}, "geometry": {"type": "Point", "coordinates": [-62.566667, -64.66666699999965]}}, {"type": "Feature", "properties": {"name": "Ronge Island Ketley Point", "site": "Arctowski Peninsula", "region": "P", "year": 2022, "visit_count": 4, "activity_type": "visitor_site", "duration": "transient"}, "geometry": {"type": "Point", "coordinates": [-62.766667000000005, -64.69999999999966]}}, {"type": "Feature", "properties": {"name": "Ronge Island Ketley Point", "site": "Arctowski Peninsula", "region": "P", "year": 2020, "visit_count": 111, "activity_type": "visitor_site", "duration": "transient"}, "geometry": {"type": "Point", "coordinates": [-62.766667000000005, -64.69999999999966]}}, {"type": "Feature", "properties": {"name": "Ronge Island Kerr Point", "site": "Arctowski Peninsula", "region": "P", "year": 2024, "visit_count": 91, "activity_type": "visitor_site", "duration": "transient"}, "geometry": {"type": "Point", "coordinates": [-62.63333299999999, -64.69999999999966]}}, {"type": "Feature", "properties": {"name": "Ronge Island Kerr Point", "site": "Arctowski Peninsula", "region": "P", "year": 2023, "visit_count": 376, "activity_type": "visitor_site", "duration": "transient"}, "geometry": {"type": "Point", "coordinates": [-62.63333299999999, -64.69999999999966]}}, {"type": "Feature", "properties": {"name": "Ronge Island Kerr Point", "site": "Arctowski Peninsula", "region": "P", "year": 2020, "visit_count": 109, "activity_type": "visitor_site", "duration": "transient"}, "geometry": {"type": "Point", "coordinates": [-62.63333299999999, -64.69999999999966]}}, {"type": "Feature", "properties": {"name": "Ronge Island Georges Point", "site": "Arctowski Peninsula", "region": "P", "year": 2024, "visit_count": 978, "activity_type": "visitor_site", "duration": "transient"}, "geometry": {"type": "Point", "coordinates": [-62.666667, -64.66666699999965]}}, {"type": "Feature", "properties": {"name": "Ronge Island Georges Point", "site": "Arctowski Peninsula", "region": "P", "year": 2023, "visit_count": 2475, "activity_type": "visitor_site", "duration": "transient"}, "geometry": {"type": "Point", "coordinates": [-62.666667, -64.66666699999965]}}, {"type": "Feature", "properties": {"name": "Ronge Island Georges Point", "site": "Arctowski Peninsula", "region": "P", "year": 2022, "visit_count": 356, "activity_type": "visitor_site", "duration": "transient"}, "geometry": {"type": "Point", "coordinates": [-62.666667, -64.66666699999965]}}, {"type": "Feature", "properties": {"name": "Ronge Island Georges Point", "site": "Arctowski Peninsula", "region": "P", "year": 2020, "visit_count": 3015, "activity_type": "visitor_site", "duration": "transient"}, "geometry": {"type": "Point", "coordinates": [-62.666667, -64.66666699999965]}}, {"type": "Feature", "properties": {"name": "Orne Islands", "site": "", "region": "P", "year": 2024, "visit_count": 1354, "activity_type": "visitor_site", "duration": "transient"}, "geometry": {"type": "Point", "coordinates": [-62.666667, -64.66666699999965]}}, {"type": "Feature", "properties": {"name": "Orne Islands", "site": "", "region": "P", "year": 2023, "visit_count": 796, "activity_type": "visitor_site", "duration": "transient"}, "geometry": {"type": "Point", "coordinates": [-62.666667, -64.66666699999965]}}, {"type": "Feature", "properties": {"name": "Orne Islands", "site": "", "region": "P", "year": 2022, "visit_count": 1482, "activity_type": "visitor_site", "duration": "transient"}, "geometry": {"type": "Point", "coordinates": [-62.666667, -64.66666699999965]}}, {"type": "Feature", "properties": {"name": "Orne Islands", "site": "", "region": "P", "year": 2020, "visit_count": 1803, "activity_type": "visitor_site", "duration": "transient"}, "geometry": {"type": "Point", "coordinates": [-62.666667, -64.66666699999965]}}, {"type": "Feature", "properties": {"name": "Vernadsky (Faraday) Station", "site": "Argentine Islands", "region": "P", "year": 2024, "visit_count": 497, "activity_type": "visitor_site", "duration": "transient"}, "geometry": {"type": "Point", "coordinates": [-64.257481, -65.24574299999973]}}, {"type": "Feature", "properties": {"name": "Vernadsky (Faraday) Station", "site": "Argentine Islands", "region": "P", "year": 2023, "visit_count": 14, "activity_type": "visitor_site", "duration": "transient"}, "geometry": {"type": "Point", "coordinates": [-64.257481, -65.24574299999973]}}, {"type": "Feature", "properties": {"name": "Vernadsky (Faraday) Station", "site": "Argentine Islands", "region": "P", "year": 2020, "visit_count": 2063, "activity_type": "visitor_site", "duration": "transient"}, "geometry": {"type": "Point", "coordinates": [-64.257481, -65.24574299999973]}}, {"type": "Feature", "properties": {"name": "Wordie Hut (House)", "site": "Argentine Islands", "region": "P", "year": 2024, "visit_count": 2116, "activity_type": "visitor_site", "duration": "transient"}, "geometry": {"type": "Point", "coordinates": [-64.266667, -65.2499999999997]}}, {"type": "Feature", "properties": {"name": "Wordie Hut (House)", "site": "Argentine Islands", "region": "P", "year": 2023, "visit_count": 4381, "activity_type": "visitor_site", "duration": "transient"}, "geometry": {"type": "Point", "coordinates": [-64.266667, -65.2499999999997]}}, {"type": "Feature", "properties": {"name": "Wordie Hut (House)", "site": "Argentine Islands", "region": "P", "year": 2022, "visit_count": 114, "activity_type": "visitor_site", "duration": "transient"}, "geometry": {"type": "Point", "coordinates": [-64.266667, -65.2499999999997]}}, {"type": "Feature", "properties": {"name": "Wordie Hut (House)", "site": "Argentine Islands", "region": "P", "year": 2020, "visit_count": 1527, "activity_type": "visitor_site", "duration": "transient"}, "geometry": {"type": "Point", "coordinates": [-64.266667, -65.2499999999997]}}, {"type": "Feature", "properties": {"name": "Crystal Sound", "site": "Biscoe Islands", "region": "P", "year": 2024, "visit_count": 277, "activity_type": "visitor_site", "duration": "transient"}, "geometry": {"type": "Point", "coordinates": [-66.5, -66.3833329999998]}}, {"type": "Feature", "properties": {"name": "Crystal Sound", "site": "Biscoe Islands", "region": "P", "year": 2023, "visit_count": 128, "activity_type": "visitor_site", "duration": "transient"}, "geometry": {"type": "Point", "coordinates": [-66.5, -66.3833329999998]}}, {"type": "Feature", "properties": {"name": "Skog Bay", "site": "Crystal Sound", "region": "P", "year": 2023, "visit_count": 1, "activity_type": "visitor_site", "duration": "transient"}, "geometry": {"type": "Point", "coordinates": [-66.4667, -66.88329999999985]}}, {"type": "Feature", "properties": {"name": "Beneden Head", "site": "Danco Coast", "region": "P", "year": 2023, "visit_count": 223, "activity_type": "visitor_site", "duration": "transient"}, "geometry": {"type": "Point", "coordinates": [-62.7, -64.76666699999967]}}, {"type": "Feature", "properties": {"name": "Andvord Bay", "site": "Danco Coast", "region": "P", "year": 2022, "visit_count": 140, "activity_type": "visitor_site", "duration": "transient"}, "geometry": {"type": "Point", "coordinates": [-62.616667, -64.83333299999967]}}, {"type": "Feature", "properties": {"name": "Hughes Bay", "site": "Danco Coast", "region": "P", "year": 2024, "visit_count": 175, "activity_type": "visitor_site", "duration": "transient"}, "geometry": {"type": "Point", "coordinates": [-61.333333, -64.21666699999959]}}, {"type": "Feature", "properties": {"name": "Hughes Bay", "site": "Danco Coast", "region": "P", "year": 2023, "visit_count": 127, "activity_type": "visitor_site", "duration": "transient"}, "geometry": {"type": "Point", "coordinates": [-61.333333, -64.21666699999959]}}, {"type": "Feature", "properties": {"name": "Brialmont Cove", "site": "Danco Coast", "region": "P", "year": 2023, "visit_count": 196, "activity_type": "visitor_site", "duration": "transient"}, "geometry": {"type": "Point", "coordinates": [-60.983332999999995, -64.26666699999961]}}, {"type": "Feature", "properties": {"name": "Spring Point", "site": "Danco Coast", "region": "P", "year": 2024, "visit_count": 88, "activity_type": "visitor_site", "duration": "transient"}, "geometry": {"type": "Point", "coordinates": [-61.05, -64.29999999999961]}}, {"type": "Feature", "properties": {"name": "Charles Point", "site": "Danco Coast", "region": "P", "year": 2020, "visit_count": 12, "activity_type": "visitor_site", "duration": "transient"}, "geometry": {"type": "Point", "coordinates": [-61.0, -64.2333329999996]}}, {"type": "Feature", "properties": {"name": "Meusnier Point", "site": "Danco Coast", "region": "P", "year": 2024, "visit_count": 834, "activity_type": "visitor_site", "duration": "transient"}, "geometry": {"type": "Point", "coordinates": [-61.6167, -64.53329999999964]}}, {"type": "Feature", "properties": {"name": "Meusnier Point", "site": "Danco Coast", "region": "P", "year": 2023, "visit_count": 220, "activity_type": "visitor_site", "duration": "transient"}, "geometry": {"type": "Point", "coordinates": [-61.6167, -64.53329999999964]}}, {"type": "Feature", "properties": {"name": "Lagarrigue Cove (Selvick Cove)", "site": "Danco Coast", "region": "P", "year": 2023, "visit_count": 10, "activity_type": "visitor_site", "duration": "transient"}, "geometry": {"type": "Point", "coordinates": [-62.566667, -64.64999999999966]}}, {"type": "Feature", "properties": {"name": "Lagarrigue Cove (Selvick Cove)", "site": "Danco Coast", "region": "P", "year": 2020, "visit_count": 75, "activity_type": "visitor_site", "duration": "transient"}, "geometry": {"type": "Point", "coordinates": [-62.566667, -64.64999999999966]}}, {"type": "Feature", "properties": {"name": "Stony Point", "site": "Danco Coast", "region": "P", "year": 2024, "visit_count": 568, "activity_type": "visitor_site", "duration": "transient"}, "geometry": {"type": "Point", "coordinates": [-62.933333000000005, -64.91666699999969]}}, {"type": "Feature", "properties": {"name": "Stony Point", "site": "Danco Coast", "region": "P", "year": 2023, "visit_count": 636, "activity_type": "visitor_site", "duration": "transient"}, "geometry": {"type": "Point", "coordinates": [-62.933333000000005, -64.91666699999969]}}, {"type": "Feature", "properties": {"name": "Stony Point", "site": "Danco Coast", "region": "P", "year": 2022, "visit_count": 115, "activity_type": "visitor_site", "duration": "transient"}, "geometry": {"type": "Point", "coordinates": [-62.933333000000005, -64.91666699999969]}}, {"type": "Feature", "properties": {"name": "Stony Point", "site": "Danco Coast", "region": "P", "year": 2020, "visit_count": 471, "activity_type": "visitor_site", "duration": "transient"}, "geometry": {"type": "Point", "coordinates": [-62.933333000000005, -64.91666699999969]}}, {"type": "Feature", "properties": {"name": "Santos Peak", "site": "Danco Coast", "region": "P", "year": 2020, "visit_count": 2, "activity_type": "visitor_site", "duration": "transient"}, "geometry": {"type": "Point", "coordinates": [-61.5333, -64.41669999999964]}}, {"type": "Feature", "properties": {"name": "Bluff Island", "site": "Danco Coast", "region": "P", "year": 2022, "visit_count": 12, "activity_type": "visitor_site", "duration": "transient"}, "geometry": {"type": "Point", "coordinates": [-61.566667, -64.36666699999962]}}, {"type": "Feature", "properties": {"name": "Bluff Island", "site": "Danco Coast", "region": "P", "year": 2020, "visit_count": 121, "activity_type": "visitor_site", "duration": "transient"}, "geometry": {"type": "Point", "coordinates": [-61.566667, -64.36666699999962]}}, {"type": "Feature", "properties": {"name": "Alcock Island", "site": "Danco Coast", "region": "P", "year": 2024, "visit_count": 8, "activity_type": "visitor_site", "duration": "transient"}, "geometry": {"type": "Point", "coordinates": [-61.133333, -64.2333329999996]}}, {"type": "Feature", "properties": {"name": "Cierva Cove", "site": "Danco Coast", "region": "P", "year": 2024, "visit_count": 553, "activity_type": "visitor_site", "duration": "transient"}, "geometry": {"type": "Point", "coordinates": [-60.883333, -64.1499999999996]}}, {"type": "Feature", "properties": {"name": "Cierva Cove", "site": "Danco Coast", "region": "P", "year": 2023, "visit_count": 502, "activity_type": "visitor_site", "duration": "transient"}, "geometry": {"type": "Point", "coordinates": [-60.883333, -64.1499999999996]}}, {"type": "Feature", "properties": {"name": "Cierva Cove", "site": "Danco Coast", "region": "P", "year": 2022, "visit_count": 86, "activity_type": "visitor_site", "duration": "transient"}, "geometry": {"type": "Point", "coordinates": [-60.883333, -64.1499999999996]}}, {"type": "Feature", "properties": {"name": "Cape Herschel", "site": "Danco Coast", "region": "P", "year": 2020, "visit_count": 5, "activity_type": "visitor_site", "duration": "transient"}, "geometry": {"type": "Point", "coordinates": [-61.033333000000006, -64.06666699999958]}}, {"type": "Feature", "properties": {"name": "Bancroft Bay", "site": "Danco Coast", "region": "P", "year": 2024, "visit_count": 169, "activity_type": "visitor_site", "duration": "transient"}, "geometry": {"type": "Point", "coordinates": [-61.86666699999999, -64.56666699999965]}}, {"type": "Feature", "properties": {"name": "Bancroft Bay", "site": "Danco Coast", "region": "P", "year": 2023, "visit_count": 7, "activity_type": "visitor_site", "duration": "transient"}, "geometry": {"type": "Point", "coordinates": [-61.86666699999999, -64.56666699999965]}}, {"type": "Feature", "properties": {"name": "Bancroft Bay", "site": "Danco Coast", "region": "P", "year": 2020, "visit_count": 15, "activity_type": "visitor_site", "duration": "transient"}, "geometry": {"type": "Point", "coordinates": [-61.86666699999999, -64.56666699999965]}}, {"type": "Feature", "properties": {"name": "Ferguson Channel", "site": "Danco Coast", "region": "P", "year": 2020, "visit_count": 4, "activity_type": "visitor_site", "duration": "transient"}, "geometry": {"type": "Point", "coordinates": [-63.0, -64.8999999999997]}}, {"type": "Feature", "properties": {"name": "Lemaire Island", "site": "Danco Coast", "region": "P", "year": 2024, "visit_count": 6, "activity_type": "visitor_site", "duration": "transient"}, "geometry": {"type": "Point", "coordinates": [-62.95, -64.81666699999967]}}, {"type": "Feature", "properties": {"name": "Lemaire Island", "site": "Danco Coast", "region": "P", "year": 2020, "visit_count": 16, "activity_type": "visitor_site", "duration": "transient"}, "geometry": {"type": "Point", "coordinates": [-62.95, -64.81666699999967]}}, {"type": "Feature", "properties": {"name": "Danger Islands", "site": "Danger Islands", "region": "P", "year": 2024, "visit_count": 164, "activity_type": "visitor_site", "duration": "transient"}, "geometry": {"type": "Point", "coordinates": [-54.683333000000005, -63.41666699999949]}}, {"type": "Feature", "properties": {"name": "Danger Islands", "site": "Danger Islands", "region": "P", "year": 2023, "visit_count": 97, "activity_type": "visitor_site", "duration": "transient"}, "geometry": {"type": "Point", "coordinates": [-54.683333000000005, -63.41666699999949]}}, {"type": "Feature", "properties": {"name": "Danger Islands", "site": "Danger Islands", "region": "P", "year": 2020, "visit_count": 437, "activity_type": "visitor_site", "duration": "transient"}, "geometry": {"type": "Point", "coordinates": [-54.683333000000005, -63.41666699999949]}}, {"type": "Feature", "properties": {"name": "Beagle Island", "site": "Danger Islands", "region": "P", "year": 2020, "visit_count": 67, "activity_type": "visitor_site", "duration": "transient"}, "geometry": {"type": "Point", "coordinates": [-54.666667, -63.41666699999949]}}, {"type": "Feature", "properties": {"name": "Hero\u00edna Island", "site": "Danger Islands", "region": "P", "year": 2023, "visit_count": 6, "activity_type": "visitor_site", "duration": "transient"}, "geometry": {"type": "Point", "coordinates": [-54.60000000000001, -63.399999999999494]}}, {"type": "Feature", "properties": {"name": "Hero\u00edna Island", "site": "Danger Islands", "region": "P", "year": 2022, "visit_count": 237, "activity_type": "visitor_site", "duration": "transient"}, "geometry": {"type": "Point", "coordinates": [-54.60000000000001, -63.399999999999494]}}, {"type": "Feature", "properties": {"name": "Hero\u00edna Island", "site": "Danger Islands", "region": "P", "year": 2020, "visit_count": 261, "activity_type": "visitor_site", "duration": "transient"}, "geometry": {"type": "Point", "coordinates": [-54.60000000000001, -63.399999999999494]}}, {"type": "Feature", "properties": {"name": "Errera Channel", "site": "Errera Channel", "region": "P", "year": 2020, "visit_count": 6, "activity_type": "visitor_site", "duration": "transient"}, "geometry": {"type": "Point", "coordinates": [-62.6, -64.71666699999966]}}, {"type": "Feature", "properties": {"name": "Terra Firma Islands", "site": "Falli\u00e8res Coast", "region": "P", "year": 2020, "visit_count": 169, "activity_type": "visitor_site", "duration": "transient"}, "geometry": {"type": "Point", "coordinates": [-67.5333, -68.69999999999993]}}, {"type": "Feature", "properties": {"name": "Marguerite Bay", "site": "Falli\u00e8res Coast", "region": "P", "year": 2024, "visit_count": 168, "activity_type": "visitor_site", "duration": "transient"}, "geometry": {"type": "Point", "coordinates": [-68.5, -68.49999999999991]}}, {"type": "Feature", "properties": {"name": "Marguerite Bay", "site": "Falli\u00e8res Coast", "region": "P", "year": 2022, "visit_count": 83, "activity_type": "visitor_site", "duration": "transient"}, "geometry": {"type": "Point", "coordinates": [-68.5, -68.49999999999991]}}, {"type": "Feature", "properties": {"name": "Symington Islands", "site": "Graham Coast", "region": "P", "year": 2020, "visit_count": 6, "activity_type": "visitor_site", "duration": "transient"}, "geometry": {"type": "Point", "coordinates": [-64.95, -65.44999999999973]}}, {"type": "Feature", "properties": {"name": "Pitt Islands", "site": "Graham Coast", "region": "P", "year": 2024, "visit_count": 7, "activity_type": "visitor_site", "duration": "transient"}, "geometry": {"type": "Point", "coordinates": [-65.5, -65.43333299999973]}}, {"type": "Feature", "properties": {"name": "Pitt Islands", "site": "Graham Coast", "region": "P", "year": 2022, "visit_count": 8, "activity_type": "visitor_site", "duration": "transient"}, "geometry": {"type": "Point", "coordinates": [-65.5, -65.43333299999973]}}, {"type": "Feature", "properties": {"name": "Pitt Islands", "site": "Graham Coast", "region": "P", "year": 2020, "visit_count": 8, "activity_type": "visitor_site", "duration": "transient"}, "geometry": {"type": "Point", "coordinates": [-65.5, -65.43333299999973]}}, {"type": "Feature", "properties": {"name": "Fish Islands", "site": "Holtedahl Bay", "region": "P", "year": 2024, "visit_count": 12, "activity_type": "visitor_site", "duration": "transient"}, "geometry": {"type": "Point", "coordinates": [-65.4, -66.01666699999979]}}, {"type": "Feature", "properties": {"name": "Fish Islands", "site": "Holtedahl Bay", "region": "P", "year": 2023, "visit_count": 550, "activity_type": "visitor_site", "duration": "transient"}, "geometry": {"type": "Point", "coordinates": [-65.4, -66.01666699999979]}}, {"type": "Feature", "properties": {"name": "Fish Islands", "site": "Holtedahl Bay", "region": "P", "year": 2022, "visit_count": 64, "activity_type": "visitor_site", "duration": "transient"}, "geometry": {"type": "Point", "coordinates": [-65.4, -66.01666699999979]}}, {"type": "Feature", "properties": {"name": "Fish Islands", "site": "Holtedahl Bay", "region": "P", "year": 2020, "visit_count": 262, "activity_type": "visitor_site", "duration": "transient"}, "geometry": {"type": "Point", "coordinates": [-65.4, -66.01666699999979]}}, {"type": "Feature", "properties": {"name": "St. Martha Cove", "site": "James Ross Island", "region": "P", "year": 2020, "visit_count": 5, "activity_type": "visitor_site", "duration": "transient"}, "geometry": {"type": "Point", "coordinates": [-57.816667, -63.924999999999564]}}, {"type": "Feature", "properties": {"name": "The Naze", "site": "James Ross Island", "region": "P", "year": 2024, "visit_count": 925, "activity_type": "visitor_site", "duration": "transient"}, "geometry": {"type": "Point", "coordinates": [-57.53333299999999, -63.94999999999957]}}, {"type": "Feature", "properties": {"name": "The Naze", "site": "James Ross Island", "region": "P", "year": 2023, "visit_count": 1409, "activity_type": "visitor_site", "duration": "transient"}, "geometry": {"type": "Point", "coordinates": [-57.53333299999999, -63.94999999999957]}}, {"type": "Feature", "properties": {"name": "The Naze", "site": "James Ross Island", "region": "P", "year": 2022, "visit_count": 203, "activity_type": "visitor_site", "duration": "transient"}, "geometry": {"type": "Point", "coordinates": [-57.53333299999999, -63.94999999999957]}}, {"type": "Feature", "properties": {"name": "The Naze", "site": "James Ross Island", "region": "P", "year": 2020, "visit_count": 33, "activity_type": "visitor_site", "duration": "transient"}, "geometry": {"type": "Point", "coordinates": [-57.53333299999999, -63.94999999999957]}}, {"type": "Feature", "properties": {"name": "Persson Island", "site": "James Ross Island", "region": "P", "year": 2022, "visit_count": 116, "activity_type": "visitor_site", "duration": "transient"}, "geometry": {"type": "Point", "coordinates": [-58.400000000000006, -64.21666699999959]}}, {"type": "Feature", "properties": {"name": "Comb Ridge", "site": "James Ross Island", "region": "P", "year": 2024, "visit_count": 211, "activity_type": "visitor_site", "duration": "transient"}, "geometry": {"type": "Point", "coordinates": [-57.466667, -63.91666699999955]}}, {"type": "Feature", "properties": {"name": "Comb Ridge", "site": "James Ross Island", "region": "P", "year": 2023, "visit_count": 328, "activity_type": "visitor_site", "duration": "transient"}, "geometry": {"type": "Point", "coordinates": [-57.466667, -63.91666699999955]}}, {"type": "Feature", "properties": {"name": "Comb Ridge", "site": "James Ross Island", "region": "P", "year": 2020, "visit_count": 83, "activity_type": "visitor_site", "duration": "transient"}, "geometry": {"type": "Point", "coordinates": [-57.466667, -63.91666699999955]}}, {"type": "Feature", "properties": {"name": "Cape Lachman", "site": "James Ross Island", "region": "P", "year": 2022, "visit_count": 91, "activity_type": "visitor_site", "duration": "transient"}, "geometry": {"type": "Point", "coordinates": [-57.783333000000006, -63.783332999999544]}}, {"type": "Feature", "properties": {"name": "Cockburn Island", "site": "James Ross Islands", "region": "P", "year": 2023, "visit_count": 290, "activity_type": "visitor_site", "duration": "transient"}, "geometry": {"type": "Point", "coordinates": [-56.85, -64.1999999999996]}}, {"type": "Feature", "properties": {"name": "Cockburn Island", "site": "James Ross Islands", "region": "P", "year": 2020, "visit_count": 730, "activity_type": "visitor_site", "duration": "transient"}, "geometry": {"type": "Point", "coordinates": [-56.85, -64.1999999999996]}}, {"type": "Feature", "properties": {"name": "Admiralty Sound", "site": "James Ross Islands", "region": "P", "year": 2024, "visit_count": 201, "activity_type": "visitor_site", "duration": "transient"}, "geometry": {"type": "Point", "coordinates": [-57.166667000000004, -64.33333299999961]}}, {"type": "Feature", "properties": {"name": "Admiralty Sound", "site": "James Ross Islands", "region": "P", "year": 2023, "visit_count": 219, "activity_type": "visitor_site", "duration": "transient"}, "geometry": {"type": "Point", "coordinates": [-57.166667000000004, -64.33333299999961]}}, {"type": "Feature", "properties": {"name": "Admiralty Sound", "site": "James Ross Islands", "region": "P", "year": 2020, "visit_count": 4, "activity_type": "visitor_site", "duration": "transient"}, "geometry": {"type": "Point", "coordinates": [-57.166667000000004, -64.33333299999961]}}, {"type": "Feature", "properties": {"name": "False Island Point", "site": "James Ross Islands", "region": "P", "year": 2024, "visit_count": 473, "activity_type": "visitor_site", "duration": "transient"}, "geometry": {"type": "Point", "coordinates": [-57.33333300000001, -63.91666699999956]}}, {"type": "Feature", "properties": {"name": "False Island Point", "site": "James Ross Islands", "region": "P", "year": 2023, "visit_count": 290, "activity_type": "visitor_site", "duration": "transient"}, "geometry": {"type": "Point", "coordinates": [-57.33333300000001, -63.91666699999956]}}, {"type": "Feature", "properties": {"name": "False Island Point", "site": "James Ross Islands", "region": "P", "year": 2022, "visit_count": 29, "activity_type": "visitor_site", "duration": "transient"}, "geometry": {"type": "Point", "coordinates": [-57.33333300000001, -63.91666699999956]}}, {"type": "Feature", "properties": {"name": "False Island Point", "site": "James Ross Islands", "region": "P", "year": 2020, "visit_count": 36, "activity_type": "visitor_site", "duration": "transient"}, "geometry": {"type": "Point", "coordinates": [-57.33333300000001, -63.91666699999956]}}, {"type": "Feature", "properties": {"name": "Vega Island", "site": "James Ross Islands", "region": "P", "year": 2024, "visit_count": 488, "activity_type": "visitor_site", "duration": "transient"}, "geometry": {"type": "Point", "coordinates": [-57.41666699999999, -63.83333299999956]}}, {"type": "Feature", "properties": {"name": "Vega Island", "site": "James Ross Islands", "region": "P", "year": 2023, "visit_count": 588, "activity_type": "visitor_site", "duration": "transient"}, "geometry": {"type": "Point", "coordinates": [-57.41666699999999, -63.83333299999956]}}, {"type": "Feature", "properties": {"name": "Vega Island", "site": "James Ross Islands", "region": "P", "year": 2022, "visit_count": 42, "activity_type": "visitor_site", "duration": "transient"}, "geometry": {"type": "Point", "coordinates": [-57.41666699999999, -63.83333299999956]}}, {"type": "Feature", "properties": {"name": "Devil Island", "site": "", "region": "P", "year": 2024, "visit_count": 1742, "activity_type": "visitor_site", "duration": "transient"}, "geometry": {"type": "Point", "coordinates": [-57.283333, -63.79999999999954]}}, {"type": "Feature", "properties": {"name": "Devil Island", "site": "", "region": "P", "year": 2023, "visit_count": 2894, "activity_type": "visitor_site", "duration": "transient"}, "geometry": {"type": "Point", "coordinates": [-57.283333, -63.79999999999954]}}, {"type": "Feature", "properties": {"name": "Devil Island", "site": "", "region": "P", "year": 2022, "visit_count": 1047, "activity_type": "visitor_site", "duration": "transient"}, "geometry": {"type": "Point", "coordinates": [-57.283333, -63.79999999999954]}}, {"type": "Feature", "properties": {"name": "Devil Island", "site": "", "region": "P", "year": 2020, "visit_count": 1530, "activity_type": "visitor_site", "duration": "transient"}, "geometry": {"type": "Point", "coordinates": [-57.283333, -63.79999999999954]}}, {"type": "Feature", "properties": {"name": "Carlsson Bay", "site": "James Ross Islands", "region": "P", "year": 2024, "visit_count": 74, "activity_type": "visitor_site", "duration": "transient"}, "geometry": {"type": "Point", "coordinates": [-58.06669999999999, -64.39999999999964]}}, {"type": "Feature", "properties": {"name": "Carlsson Bay", "site": "James Ross Islands", "region": "P", "year": 2023, "visit_count": 239, "activity_type": "visitor_site", "duration": "transient"}, "geometry": {"type": "Point", "coordinates": [-58.06669999999999, -64.39999999999964]}}, {"type": "Feature", "properties": {"name": "Swift Bay", "site": "James Ross Islands", "region": "P", "year": 2024, "visit_count": 304, "activity_type": "visitor_site", "duration": "transient"}, "geometry": {"type": "Point", "coordinates": [-57.7703, -64.37499999999962]}}, {"type": "Feature", "properties": {"name": "Swift Bay", "site": "James Ross Islands", "region": "P", "year": 2023, "visit_count": 320, "activity_type": "visitor_site", "duration": "transient"}, "geometry": {"type": "Point", "coordinates": [-57.7703, -64.37499999999962]}}, {"type": "Feature", "properties": {"name": "Rabot Point", "site": "James Ross Islands", "region": "P", "year": 2024, "visit_count": 186, "activity_type": "visitor_site", "duration": "transient"}, "geometry": {"type": "Point", "coordinates": [-57.3333, -64.28329999999961]}}, {"type": "Feature", "properties": {"name": "Rabot Point", "site": "James Ross Islands", "region": "P", "year": 2023, "visit_count": 137, "activity_type": "visitor_site", "duration": "transient"}, "geometry": {"type": "Point", "coordinates": [-57.3333, -64.28329999999961]}}, {"type": "Feature", "properties": {"name": "Rabot Point", "site": "James Ross Islands", "region": "P", "year": 2022, "visit_count": 125, "activity_type": "visitor_site", "duration": "transient"}, "geometry": {"type": "Point", "coordinates": [-57.3333, -64.28329999999961]}}, {"type": "Feature", "properties": {"name": "Cape Obelisk", "site": "James Ross Islands", "region": "P", "year": 2024, "visit_count": 79, "activity_type": "visitor_site", "duration": "transient"}, "geometry": {"type": "Point", "coordinates": [-58.45, -64.1332999999996]}}, {"type": "Feature", "properties": {"name": "Cape Obelisk", "site": "James Ross Islands", "region": "P", "year": 2022, "visit_count": 44, "activity_type": "visitor_site", "duration": "transient"}, "geometry": {"type": "Point", "coordinates": [-58.45, -64.1332999999996]}}, {"type": "Feature", "properties": {"name": "Croft Bay", "site": "James Ross Islands", "region": "P", "year": 2024, "visit_count": 478, "activity_type": "visitor_site", "duration": "transient"}, "geometry": {"type": "Point", "coordinates": [-57.74999999999999, -63.99999999999958]}}, {"type": "Feature", "properties": {"name": "Croft Bay", "site": "James Ross Islands", "region": "P", "year": 2023, "visit_count": 110, "activity_type": "visitor_site", "duration": "transient"}, "geometry": {"type": "Point", "coordinates": [-57.74999999999999, -63.99999999999958]}}, {"type": "Feature", "properties": {"name": "James Ross Island", "site": "James Ross Islands", "region": "P", "year": 2024, "visit_count": 415, "activity_type": "visitor_site", "duration": "transient"}, "geometry": {"type": "Point", "coordinates": [-57.74999999999999, -64.16666699999959]}}, {"type": "Feature", "properties": {"name": "James Ross Island", "site": "James Ross Islands", "region": "P", "year": 2023, "visit_count": 604, "activity_type": "visitor_site", "duration": "transient"}, "geometry": {"type": "Point", "coordinates": [-57.74999999999999, -64.16666699999959]}}, {"type": "Feature", "properties": {"name": "James Ross Island", "site": "James Ross Islands", "region": "P", "year": 2022, "visit_count": 164, "activity_type": "visitor_site", "duration": "transient"}, "geometry": {"type": "Point", "coordinates": [-57.74999999999999, -64.16666699999959]}}, {"type": "Feature", "properties": {"name": "James Ross Island", "site": "James Ross Islands", "region": "P", "year": 2020, "visit_count": 39, "activity_type": "visitor_site", "duration": "transient"}, "geometry": {"type": "Point", "coordinates": [-57.74999999999999, -64.16666699999959]}}, {"type": "Feature", "properties": {"name": "Madder Cliffs", "site": "Joinville Island", "region": "P", "year": 2024, "visit_count": 207, "activity_type": "visitor_site", "duration": "transient"}, "geometry": {"type": "Point", "coordinates": [-56.48333300000001, -63.29999999999947]}}, {"type": "Feature", "properties": {"name": "Madder Cliffs", "site": "Joinville Island", "region": "P", "year": 2023, "visit_count": 141, "activity_type": "visitor_site", "duration": "transient"}, "geometry": {"type": "Point", "coordinates": [-56.48333300000001, -63.29999999999947]}}, {"type": "Feature", "properties": {"name": "Madder Cliffs", "site": "Joinville Island", "region": "P", "year": 2022, "visit_count": 186, "activity_type": "visitor_site", "duration": "transient"}, "geometry": {"type": "Point", "coordinates": [-56.48333300000001, -63.29999999999947]}}, {"type": "Feature", "properties": {"name": "Madder Cliffs", "site": "Joinville Island", "region": "P", "year": 2020, "visit_count": 92, "activity_type": "visitor_site", "duration": "transient"}, "geometry": {"type": "Point", "coordinates": [-56.48333300000001, -63.29999999999947]}}, {"type": "Feature", "properties": {"name": "D'Urville Monument", "site": "Joinville Island", "region": "P", "year": 2023, "visit_count": 316, "activity_type": "visitor_site", "duration": "transient"}, "geometry": {"type": "Point", "coordinates": [-56.3, -63.41666699999949]}}, {"type": "Feature", "properties": {"name": "D'Urville Monument", "site": "Joinville Island", "region": "P", "year": 2022, "visit_count": 98, "activity_type": "visitor_site", "duration": "transient"}, "geometry": {"type": "Point", "coordinates": [-56.3, -63.41666699999949]}}, {"type": "Feature", "properties": {"name": "D'Urville Monument", "site": "Joinville Island", "region": "P", "year": 2020, "visit_count": 145, "activity_type": "visitor_site", "duration": "transient"}, "geometry": {"type": "Point", "coordinates": [-56.3, -63.41666699999949]}}, {"type": "Feature", "properties": {"name": "Paulet Island", "site": "", "region": "P", "year": 2024, "visit_count": 3709, "activity_type": "visitor_site", "duration": "transient"}, "geometry": {"type": "Point", "coordinates": [-55.766667, -63.58333299999952]}}, {"type": "Feature", "properties": {"name": "Paulet Island", "site": "", "region": "P", "year": 2023, "visit_count": 5899, "activity_type": "visitor_site", "duration": "transient"}, "geometry": {"type": "Point", "coordinates": [-55.766667, -63.58333299999952]}}, {"type": "Feature", "properties": {"name": "Paulet Island", "site": "", "region": "P", "year": 2022, "visit_count": 2619, "activity_type": "visitor_site", "duration": "transient"}, "geometry": {"type": "Point", "coordinates": [-55.766667, -63.58333299999952]}}, {"type": "Feature", "properties": {"name": "Paulet Island", "site": "", "region": "P", "year": 2021, "visit_count": 5, "activity_type": "visitor_site", "duration": "transient"}, "geometry": {"type": "Point", "coordinates": [-55.766667, -63.58333299999952]}}, {"type": "Feature", "properties": {"name": "Paulet Island", "site": "", "region": "P", "year": 2020, "visit_count": 5704, "activity_type": "visitor_site", "duration": "transient"}, "geometry": {"type": "Point", "coordinates": [-55.766667, -63.58333299999952]}}, {"type": "Feature", "properties": {"name": "Blaiklock Island", "site": "Jones Channel", "region": "P", "year": 2023, "visit_count": 245, "activity_type": "visitor_site", "duration": "transient"}, "geometry": {"type": "Point", "coordinates": [-67.06666700000001, -67.54999999999987]}}, {"type": "Feature", "properties": {"name": "Blaiklock Island", "site": "Jones Channel", "region": "P", "year": 2020, "visit_count": 1, "activity_type": "visitor_site", "duration": "transient"}, "geometry": {"type": "Point", "coordinates": [-67.06666700000001, -67.54999999999987]}}, {"type": "Feature", "properties": {"name": "Lagoon Island", "site": "L\u00e9onie Islands", "region": "P", "year": 2024, "visit_count": 378, "activity_type": "visitor_site", "duration": "transient"}, "geometry": {"type": "Point", "coordinates": [-68.266667, -67.58333299999987]}}, {"type": "Feature", "properties": {"name": "Lagoon Island", "site": "L\u00e9onie Islands", "region": "P", "year": 2023, "visit_count": 296, "activity_type": "visitor_site", "duration": "transient"}, "geometry": {"type": "Point", "coordinates": [-68.266667, -67.58333299999987]}}, {"type": "Feature", "properties": {"name": "Lagoon Island", "site": "L\u00e9onie Islands", "region": "P", "year": 2020, "visit_count": 8, "activity_type": "visitor_site", "duration": "transient"}, "geometry": {"type": "Point", "coordinates": [-68.266667, -67.58333299999987]}}, {"type": "Feature", "properties": {"name": "Stefan Ice Piedmont", "site": "Loubet Coast", "region": "P", "year": 2023, "visit_count": 23, "activity_type": "visitor_site", "duration": "transient"}, "geometry": {"type": "Point", "coordinates": [-66.5, -66.66669999999982]}}, {"type": "Feature", "properties": {"name": "Stonington Island", "site": "Marguerite Bay", "region": "P", "year": 2024, "visit_count": 3607, "activity_type": "visitor_site", "duration": "transient"}, "geometry": {"type": "Point", "coordinates": [-67.0, -68.1833329999999]}}, {"type": "Feature", "properties": {"name": "Stonington Island", "site": "Marguerite Bay", "region": "P", "year": 2023, "visit_count": 4183, "activity_type": "visitor_site", "duration": "transient"}, "geometry": {"type": "Point", "coordinates": [-67.0, -68.1833329999999]}}, {"type": "Feature", "properties": {"name": "Stonington Island", "site": "Marguerite Bay", "region": "P", "year": 2022, "visit_count": 1149, "activity_type": "visitor_site", "duration": "transient"}, "geometry": {"type": "Point", "coordinates": [-67.0, -68.1833329999999]}}, {"type": "Feature", "properties": {"name": "Stonington Island", "site": "Marguerite Bay", "region": "P", "year": 2020, "visit_count": 1795, "activity_type": "visitor_site", "duration": "transient"}, "geometry": {"type": "Point", "coordinates": [-67.0, -68.1833329999999]}}, {"type": "Feature", "properties": {"name": "Melchior Station", "site": "Melchior Islands, Palmer Archipelago", "region": "P", "year": 2024, "visit_count": 2, "activity_type": "visitor_site", "duration": "transient"}, "geometry": {"type": "Point", "coordinates": [-62.976329, -64.32570499999962]}}, {"type": "Feature", "properties": {"name": "Melchior Station", "site": "Melchior Islands, Palmer Archipelago", "region": "P", "year": 2022, "visit_count": 16, "activity_type": "visitor_site", "duration": "transient"}, "geometry": {"type": "Point", "coordinates": [-62.976329, -64.32570499999962]}}, {"type": "Feature", "properties": {"name": "Melchior Station", "site": "Melchior Islands, Palmer Archipelago", "region": "P", "year": 2020, "visit_count": 3, "activity_type": "visitor_site", "duration": "transient"}, "geometry": {"type": "Point", "coordinates": [-62.976329, -64.32570499999962]}}, {"type": "Feature", "properties": {"name": "Larsen Inlet", "site": "Nordenskj\u00f6ld Coast", "region": "P", "year": 2023, "visit_count": 552, "activity_type": "visitor_site", "duration": "transient"}, "geometry": {"type": "Point", "coordinates": [-59.46670000000001, -64.43329999999963]}}, {"type": "Feature", "properties": {"name": "Larsen Inlet", "site": "Nordenskj\u00f6ld Coast", "region": "P", "year": 2022, "visit_count": 36, "activity_type": "visitor_site", "duration": "transient"}, "geometry": {"type": "Point", "coordinates": [-59.46670000000001, -64.43329999999963]}}, {"type": "Feature", "properties": {"name": "Cape Sobral", "site": "Nordenskj\u00f6ld Coast", "region": "P", "year": 2024, "visit_count": 80, "activity_type": "visitor_site", "duration": "transient"}, "geometry": {"type": "Point", "coordinates": [-59.5919, -64.59699999999964]}}, {"type": "Feature", "properties": {"name": "Cape Sobral", "site": "Nordenskj\u00f6ld Coast", "region": "P", "year": 2023, "visit_count": 15, "activity_type": "visitor_site", "duration": "transient"}, "geometry": {"type": "Point", "coordinates": [-59.5919, -64.59699999999964]}}, {"type": "Feature", "properties": {"name": "Spigot Peak", "site": "Orne Harbour", "region": "P", "year": 2023, "visit_count": 128, "activity_type": "visitor_site", "duration": "transient"}, "geometry": {"type": "Point", "coordinates": [-62.566667, -64.63333299999965]}}, {"type": "Feature", "properties": {"name": "Spigot Peak", "site": "Orne Harbour", "region": "P", "year": 2022, "visit_count": 8, "activity_type": "visitor_site", "duration": "transient"}, "geometry": {"type": "Point", "coordinates": [-62.566667, -64.63333299999965]}}, {"type": "Feature", "properties": {"name": "Spigot Peak", "site": "Orne Harbour", "region": "P", "year": 2020, "visit_count": 76, "activity_type": "visitor_site", "duration": "transient"}, "geometry": {"type": "Point", "coordinates": [-62.566667, -64.63333299999965]}}, {"type": "Feature", "properties": {"name": "Cape Lancaster", "site": "Palmer Archipelago", "region": "P", "year": 2020, "visit_count": 3, "activity_type": "visitor_site", "duration": "transient"}, "geometry": {"type": "Point", "coordinates": [-63.7333, -64.84999999999968]}}, {"type": "Feature", "properties": {"name": "Access Point", "site": "Palmer Archipelago", "region": "P", "year": 2020, "visit_count": 11, "activity_type": "visitor_site", "duration": "transient"}, "geometry": {"type": "Point", "coordinates": [-63.783333, -64.81666699999967]}}, {"type": "Feature", "properties": {"name": "Palmer Station", "site": "Palmer Archipelago", "region": "P", "year": 2024, "visit_count": 212, "activity_type": "visitor_site", "duration": "transient"}, "geometry": {"type": "Point", "coordinates": [-64.053334, -64.77426099999967]}}, {"type": "Feature", "properties": {"name": "Palmer Station", "site": "Palmer Archipelago", "region": "P", "year": 2020, "visit_count": 297, "activity_type": "visitor_site", "duration": "transient"}, "geometry": {"type": "Point", "coordinates": [-64.053334, -64.77426099999967]}}, {"type": "Feature", "properties": {"name": "Canty Point", "site": "Palmer Archipelago", "region": "P", "year": 2020, "visit_count": 3, "activity_type": "visitor_site", "duration": "transient"}, "geometry": {"type": "Point", "coordinates": [-63.533333000000006, -64.74999999999967]}}, {"type": "Feature", "properties": {"name": "B\u00f6rgen Bay", "site": "Palmer Archipelago", "region": "P", "year": 2023, "visit_count": 158, "activity_type": "visitor_site", "duration": "transient"}, "geometry": {"type": "Point", "coordinates": [-63.51666699999999, -64.74999999999966]}}, {"type": "Feature", "properties": {"name": "B\u00f6rgen Bay", "site": "Palmer Archipelago", "region": "P", "year": 2020, "visit_count": 92, "activity_type": "visitor_site", "duration": "transient"}, "geometry": {"type": "Point", "coordinates": [-63.51666699999999, -64.74999999999966]}}, {"type": "Feature", "properties": {"name": "Fournier Bay", "site": "Palmer Archipelago", "region": "P", "year": 2023, "visit_count": 230, "activity_type": "visitor_site", "duration": "transient"}, "geometry": {"type": "Point", "coordinates": [-63.10000000000001, -64.51666699999964]}}, {"type": "Feature", "properties": {"name": "Fournier Bay", "site": "Palmer Archipelago", "region": "P", "year": 2020, "visit_count": 104, "activity_type": "visitor_site", "duration": "transient"}, "geometry": {"type": "Point", "coordinates": [-63.10000000000001, -64.51666699999964]}}, {"type": "Feature", "properties": {"name": "Patagonia Bay", "site": "Palmer Archipelago", "region": "P", "year": 2020, "visit_count": 79, "activity_type": "visitor_site", "duration": "transient"}, "geometry": {"type": "Point", "coordinates": [-63.2, -64.44999999999963]}}, {"type": "Feature", "properties": {"name": "Chiriguano Bay", "site": "Palmer Archipelago", "region": "P", "year": 2023, "visit_count": 154, "activity_type": "visitor_site", "duration": "transient"}, "geometry": {"type": "Point", "coordinates": [-62.516667000000005, -64.46666699999963]}}, {"type": "Feature", "properties": {"name": "Chiriguano Bay", "site": "Palmer Archipelago", "region": "P", "year": 2020, "visit_count": 288, "activity_type": "visitor_site", "duration": "transient"}, "geometry": {"type": "Point", "coordinates": [-62.516667000000005, -64.46666699999963]}}, {"type": "Feature", "properties": {"name": "Buls Bay", "site": "Palmer Archipelago", "region": "P", "year": 2023, "visit_count": 9, "activity_type": "visitor_site", "duration": "transient"}, "geometry": {"type": "Point", "coordinates": [-62.316667, -64.38333299999961]}}, {"type": "Feature", "properties": {"name": "Terrada Point", "site": "Palmer Archipelago", "region": "P", "year": 2020, "visit_count": 14, "activity_type": "visitor_site", "duration": "transient"}, "geometry": {"type": "Point", "coordinates": [-62.23333300000001, -64.38333299999961]}}, {"type": "Feature", "properties": {"name": "Neumayer Channel", "site": "Palmer Archipelago", "region": "P", "year": 2024, "visit_count": 336, "activity_type": "visitor_site", "duration": "transient"}, "geometry": {"type": "Point", "coordinates": [-63.50000000000001, -64.78333299999966]}}, {"type": "Feature", "properties": {"name": "Neumayer Channel", "site": "Palmer Archipelago", "region": "P", "year": 2023, "visit_count": 60, "activity_type": "visitor_site", "duration": "transient"}, "geometry": {"type": "Point", "coordinates": [-63.50000000000001, -64.78333299999966]}}, {"type": "Feature", "properties": {"name": "Neumayer Channel", "site": "Palmer Archipelago", "region": "P", "year": 2022, "visit_count": 9, "activity_type": "visitor_site", "duration": "transient"}, "geometry": {"type": "Point", "coordinates": [-63.50000000000001, -64.78333299999966]}}, {"type": "Feature", "properties": {"name": "Guepratte Island", "site": "Palmer Archipelago", "region": "P", "year": 2023, "visit_count": 6, "activity_type": "visitor_site", "duration": "transient"}, "geometry": {"type": "Point", "coordinates": [-63.0, -64.49999999999963]}}, {"type": "Feature", "properties": {"name": "Peltier Channel", "site": "Palmer Archipelago", "region": "P", "year": 2024, "visit_count": 6, "activity_type": "visitor_site", "duration": "transient"}, "geometry": {"type": "Point", "coordinates": [-63.533333000000006, -64.86666699999968]}}, {"type": "Feature", "properties": {"name": "Melchior Islands", "site": "Palmer Archipelago", "region": "P", "year": 2024, "visit_count": 8, "activity_type": "visitor_site", "duration": "transient"}, "geometry": {"type": "Point", "coordinates": [-62.95, -64.31666699999961]}}, {"type": "Feature", "properties": {"name": "Melchior Islands", "site": "Palmer Archipelago", "region": "P", "year": 2023, "visit_count": 81, "activity_type": "visitor_site", "duration": "transient"}, "geometry": {"type": "Point", "coordinates": [-62.95, -64.31666699999961]}}, {"type": "Feature", "properties": {"name": "Melchior Islands", "site": "Palmer Archipelago", "region": "P", "year": 2022, "visit_count": 57, "activity_type": "visitor_site", "duration": "transient"}, "geometry": {"type": "Point", "coordinates": [-62.95, -64.31666699999961]}}, {"type": "Feature", "properties": {"name": "Melchior Islands", "site": "Palmer Archipelago", "region": "P", "year": 2020, "visit_count": 96, "activity_type": "visitor_site", "duration": "transient"}, "geometry": {"type": "Point", "coordinates": [-62.95, -64.31666699999961]}}, {"type": "Feature", "properties": {"name": "Lef\u00e8vre-Utile Point", "site": "Palmer Archipelago", "region": "P", "year": 2024, "visit_count": 84, "activity_type": "visitor_site", "duration": "transient"}, "geometry": {"type": "Point", "coordinates": [-63.51666699999999, -64.83333299999968]}}, {"type": "Feature", "properties": {"name": "Hydrurga Rocks", "site": "Palmer Archipelago", "region": "P", "year": 2024, "visit_count": 3819, "activity_type": "visitor_site", "duration": "transient"}, "geometry": {"type": "Point", "coordinates": [-61.616667, -64.13333299999958]}}, {"type": "Feature", "properties": {"name": "Hydrurga Rocks", "site": "Palmer Archipelago", "region": "P", "year": 2023, "visit_count": 3235, "activity_type": "visitor_site", "duration": "transient"}, "geometry": {"type": "Point", "coordinates": [-61.616667, -64.13333299999958]}}, {"type": "Feature", "properties": {"name": "Hydrurga Rocks", "site": "Palmer Archipelago", "region": "P", "year": 2022, "visit_count": 896, "activity_type": "visitor_site", "duration": "transient"}, "geometry": {"type": "Point", "coordinates": [-61.616667, -64.13333299999958]}}, {"type": "Feature", "properties": {"name": "Hydrurga Rocks", "site": "Palmer Archipelago", "region": "P", "year": 2020, "visit_count": 2374, "activity_type": "visitor_site", "duration": "transient"}, "geometry": {"type": "Point", "coordinates": [-61.616667, -64.13333299999958]}}, {"type": "Feature", "properties": {"name": "Bruce Island", "site": "Palmer Archipelago", "region": "P", "year": 2022, "visit_count": 7, "activity_type": "visitor_site", "duration": "transient"}, "geometry": {"type": "Point", "coordinates": [-63.133333, -64.8999999999997]}}, {"type": "Feature", "properties": {"name": "Bruce Island", "site": "Palmer Archipelago", "region": "P", "year": 2020, "visit_count": 3, "activity_type": "visitor_site", "duration": "transient"}, "geometry": {"type": "Point", "coordinates": [-63.133333, -64.8999999999997]}}, {"type": "Feature", "properties": {"name": "Bryde Island", "site": "Palmer Archipelago", "region": "P", "year": 2020, "visit_count": 6, "activity_type": "visitor_site", "duration": "transient"}, "geometry": {"type": "Point", "coordinates": [-63.033333, -64.8666669999997]}}, {"type": "Feature", "properties": {"name": "Lautaro Island", "site": "Palmer Archipelago", "region": "P", "year": 2024, "visit_count": 88, "activity_type": "visitor_site", "duration": "transient"}, "geometry": {"type": "Point", "coordinates": [-63.10000000000001, -64.81666699999967]}}, {"type": "Feature", "properties": {"name": "Omega Island", "site": "Palmer Archipelago", "region": "P", "year": 2022, "visit_count": 20, "activity_type": "visitor_site", "duration": "transient"}, "geometry": {"type": "Point", "coordinates": [-62.9333, -64.33329999999962]}}, {"type": "Feature", "properties": {"name": "Torgersen Island", "site": "Palmer Archipelago", "region": "P", "year": 2020, "visit_count": 114, "activity_type": "visitor_site", "duration": "transient"}, "geometry": {"type": "Point", "coordinates": [-64.083333, -64.76666699999967]}}, {"type": "Feature", "properties": {"name": "Dobrowolski Island", "site": "Palmer Archipelago", "region": "P", "year": 2020, "visit_count": 122, "activity_type": "visitor_site", "duration": "transient"}, "geometry": {"type": "Point", "coordinates": [-62.916667, -64.59999999999964]}}, {"type": "Feature", "properties": {"name": "Rosenthal Islands", "site": "Palmer Archipelago", "region": "P", "year": 2022, "visit_count": 9, "activity_type": "visitor_site", "duration": "transient"}, "geometry": {"type": "Point", "coordinates": [-64.28330000000001, -64.59999999999964]}}, {"type": "Feature", "properties": {"name": "Hunt Island", "site": "Palmer Archipelago", "region": "P", "year": 2023, "visit_count": 165, "activity_type": "visitor_site", "duration": "transient"}, "geometry": {"type": "Point", "coordinates": [-62.15, -64.33333299999961]}}, {"type": "Feature", "properties": {"name": "Spert Island", "site": "Palmer Archipelago", "region": "P", "year": 2024, "visit_count": 81, "activity_type": "visitor_site", "duration": "transient"}, "geometry": {"type": "Point", "coordinates": [-60.95, -63.849999999999554]}}, {"type": "Feature", "properties": {"name": "Spert Island", "site": "Palmer Archipelago", "region": "P", "year": 2023, "visit_count": 19, "activity_type": "visitor_site", "duration": "transient"}, "geometry": {"type": "Point", "coordinates": [-60.95, -63.849999999999554]}}, {"type": "Feature", "properties": {"name": "Truant Island", "site": "Palmer Archipelago", "region": "P", "year": 2024, "visit_count": 753, "activity_type": "visitor_site", "duration": "transient"}, "geometry": {"type": "Point", "coordinates": [-63.416667000000004, -64.91666699999969]}}, {"type": "Feature", "properties": {"name": "Breakwater Island", "site": "Palmer Archipelago", "region": "P", "year": 2023, "visit_count": 582, "activity_type": "visitor_site", "duration": "transient"}, "geometry": {"type": "Point", "coordinates": [-63.2167, -64.78329999999967]}}, {"type": "Feature", "properties": {"name": "Skottsberg Point", "site": "Palmer Archipelago", "region": "P", "year": 2023, "visit_count": 7, "activity_type": "visitor_site", "duration": "transient"}, "geometry": {"type": "Point", "coordinates": [-60.81666700000001, -63.91666699999955]}}, {"type": "Feature", "properties": {"name": "Skottsberg Point", "site": "Palmer Archipelago", "region": "P", "year": 2022, "visit_count": 5, "activity_type": "visitor_site", "duration": "transient"}, "geometry": {"type": "Point", "coordinates": [-60.81666700000001, -63.91666699999955]}}, {"type": "Feature", "properties": {"name": "Skottsberg Point", "site": "Palmer Archipelago", "region": "P", "year": 2020, "visit_count": 22, "activity_type": "visitor_site", "duration": "transient"}, "geometry": {"type": "Point", "coordinates": [-60.81666700000001, -63.91666699999955]}}, {"type": "Feature", "properties": {"name": "Mikkelsen Harbour", "site": "Palmer Archipelago", "region": "P", "year": 2023, "visit_count": 14405, "activity_type": "visitor_site", "duration": "transient"}, "geometry": {"type": "Point", "coordinates": [-60.783333, -63.899999999999565]}}, {"type": "Feature", "properties": {"name": "Mikkelsen Harbour", "site": "Palmer Archipelago", "region": "P", "year": 2022, "visit_count": 4066, "activity_type": "visitor_site", "duration": "transient"}, "geometry": {"type": "Point", "coordinates": [-60.783333, -63.899999999999565]}}, {"type": "Feature", "properties": {"name": "Mikkelsen Harbour", "site": "Palmer Archipelago", "region": "P", "year": 2020, "visit_count": 9873, "activity_type": "visitor_site", "duration": "transient"}, "geometry": {"type": "Point", "coordinates": [-60.783333, -63.899999999999565]}}, {"type": "Feature", "properties": {"name": "D'Hainaut Island (Mikkelsen Harbour)", "site": "Palmer Archipelago", "region": "P", "year": 2024, "visit_count": 18491, "activity_type": "visitor_site", "duration": "transient"}, "geometry": {"type": "Point", "coordinates": [-60.783333, -63.899999999999565]}}, {"type": "Feature", "properties": {"name": "Palaver Point", "site": "Palmer Archipelago", "region": "P", "year": 2024, "visit_count": 8056, "activity_type": "visitor_site", "duration": "transient"}, "geometry": {"type": "Point", "coordinates": [-61.766667, -64.1499999999996]}}, {"type": "Feature", "properties": {"name": "Palaver Point", "site": "Palmer Archipelago", "region": "P", "year": 2023, "visit_count": 2205, "activity_type": "visitor_site", "duration": "transient"}, "geometry": {"type": "Point", "coordinates": [-61.766667, -64.1499999999996]}}, {"type": "Feature", "properties": {"name": "Palaver Point", "site": "Palmer Archipelago", "region": "P", "year": 2022, "visit_count": 236, "activity_type": "visitor_site", "duration": "transient"}, "geometry": {"type": "Point", "coordinates": [-61.766667, -64.1499999999996]}}, {"type": "Feature", "properties": {"name": "Palaver Point", "site": "Palmer Archipelago", "region": "P", "year": 2020, "visit_count": 1233, "activity_type": "visitor_site", "duration": "transient"}, "geometry": {"type": "Point", "coordinates": [-61.766667, -64.1499999999996]}}, {"type": "Feature", "properties": {"name": "Jougla Point", "site": "Palmer Archipelago", "region": "P", "year": 2024, "visit_count": 4213, "activity_type": "visitor_site", "duration": "transient"}, "geometry": {"type": "Point", "coordinates": [-63.50000000000001, -64.83333299999968]}}, {"type": "Feature", "properties": {"name": "Jougla Point", "site": "Palmer Archipelago", "region": "P", "year": 2023, "visit_count": 6364, "activity_type": "visitor_site", "duration": "transient"}, "geometry": {"type": "Point", "coordinates": [-63.50000000000001, -64.83333299999968]}}, {"type": "Feature", "properties": {"name": "Jougla Point", "site": "Palmer Archipelago", "region": "P", "year": 2022, "visit_count": 2548, "activity_type": "visitor_site", "duration": "transient"}, "geometry": {"type": "Point", "coordinates": [-63.50000000000001, -64.83333299999968]}}, {"type": "Feature", "properties": {"name": "Jougla Point", "site": "Palmer Archipelago", "region": "P", "year": 2020, "visit_count": 7064, "activity_type": "visitor_site", "duration": "transient"}, "geometry": {"type": "Point", "coordinates": [-63.50000000000001, -64.83333299999968]}}, {"type": "Feature", "properties": {"name": "Goudier Island (Port Lockroy)", "site": "Palmer Archipelago", "region": "P", "year": 2024, "visit_count": 975, "activity_type": "visitor_site", "duration": "transient"}, "geometry": {"type": "Point", "coordinates": [-63.493590000000005, -64.82514499999967]}}, {"type": "Feature", "properties": {"name": "Goudier Island (Port Lockroy)", "site": "Palmer Archipelago", "region": "P", "year": 2023, "visit_count": 12974, "activity_type": "visitor_site", "duration": "transient"}, "geometry": {"type": "Point", "coordinates": [-63.493590000000005, -64.82514499999967]}}, {"type": "Feature", "properties": {"name": "Goudier Island (Port Lockroy)", "site": "Palmer Archipelago", "region": "P", "year": 2022, "visit_count": 1225, "activity_type": "visitor_site", "duration": "transient"}, "geometry": {"type": "Point", "coordinates": [-63.493590000000005, -64.82514499999967]}}, {"type": "Feature", "properties": {"name": "Goudier Island (Port Lockroy)", "site": "Palmer Archipelago", "region": "P", "year": 2021, "visit_count": 6, "activity_type": "visitor_site", "duration": "transient"}, "geometry": {"type": "Point", "coordinates": [-63.493590000000005, -64.82514499999967]}}, {"type": "Feature", "properties": {"name": "Goudier Island (Port Lockroy)", "site": "Palmer Archipelago", "region": "P", "year": 2020, "visit_count": 12493, "activity_type": "visitor_site", "duration": "transient"}, "geometry": {"type": "Point", "coordinates": [-63.493590000000005, -64.82514499999967]}}, {"type": "Feature", "properties": {"name": "Damoy Point (Dorian Bay)", "site": "Palmer Archipelago", "region": "P", "year": 2024, "visit_count": 21533, "activity_type": "visitor_site", "duration": "transient"}, "geometry": {"type": "Point", "coordinates": [-63.533333000000006, -64.81666699999967]}}, {"type": "Feature", "properties": {"name": "Damoy Point (Dorian Bay)", "site": "Palmer Archipelago", "region": "P", "year": 2023, "visit_count": 17352, "activity_type": "visitor_site", "duration": "transient"}, "geometry": {"type": "Point", "coordinates": [-63.533333000000006, -64.81666699999967]}}, {"type": "Feature", "properties": {"name": "Damoy Point (Dorian Bay)", "site": "Palmer Archipelago", "region": "P", "year": 2022, "visit_count": 4604, "activity_type": "visitor_site", "duration": "transient"}, "geometry": {"type": "Point", "coordinates": [-63.533333000000006, -64.81666699999967]}}, {"type": "Feature", "properties": {"name": "Damoy Point (Dorian Bay)", "site": "Palmer Archipelago", "region": "P", "year": 2021, "visit_count": 3, "activity_type": "visitor_site", "duration": "transient"}, "geometry": {"type": "Point", "coordinates": [-63.533333000000006, -64.81666699999967]}}, {"type": "Feature", "properties": {"name": "Damoy Point (Dorian Bay)", "site": "Palmer Archipelago", "region": "P", "year": 2020, "visit_count": 9363, "activity_type": "visitor_site", "duration": "transient"}, "geometry": {"type": "Point", "coordinates": [-63.533333000000006, -64.81666699999967]}}, {"type": "Feature", "properties": {"name": "Jabet Peak", "site": "Palmer Archipelago", "region": "P", "year": 2024, "visit_count": 12, "activity_type": "visitor_site", "duration": "transient"}, "geometry": {"type": "Point", "coordinates": [-63.460278, -64.81249999999967]}}, {"type": "Feature", "properties": {"name": "Jabet Peak", "site": "Palmer Archipelago", "region": "P", "year": 2023, "visit_count": 3, "activity_type": "visitor_site", "duration": "transient"}, "geometry": {"type": "Point", "coordinates": [-63.460278, -64.81249999999967]}}, {"type": "Feature", "properties": {"name": "Jabet Peak", "site": "Palmer Archipelago", "region": "P", "year": 2020, "visit_count": 1, "activity_type": "visitor_site", "duration": "transient"}, "geometry": {"type": "Point", "coordinates": [-63.460278, -64.81249999999967]}}, {"type": "Feature", "properties": {"name": "Lockley Point", "site": "Palmer Archipelago", "region": "P", "year": 2020, "visit_count": 28, "activity_type": "visitor_site", "duration": "transient"}, "geometry": {"type": "Point", "coordinates": [-63.383333, -64.78333299999967]}}, {"type": "Feature", "properties": {"name": "Doumer Island", "site": "Palmer Archipelago", "region": "P", "year": 2024, "visit_count": 6, "activity_type": "visitor_site", "duration": "transient"}, "geometry": {"type": "Point", "coordinates": [-63.566667, -64.84999999999967]}}, {"type": "Feature", "properties": {"name": "Doumer Island", "site": "Palmer Archipelago", "region": "P", "year": 2023, "visit_count": 7, "activity_type": "visitor_site", "duration": "transient"}, "geometry": {"type": "Point", "coordinates": [-63.566667, -64.84999999999967]}}, {"type": "Feature", "properties": {"name": "Doumer Island", "site": "Palmer Archipelago", "region": "P", "year": 2022, "visit_count": 8, "activity_type": "visitor_site", "duration": "transient"}, "geometry": {"type": "Point", "coordinates": [-63.566667, -64.84999999999967]}}, {"type": "Feature", "properties": {"name": "Doumer Island", "site": "Palmer Archipelago", "region": "P", "year": 2020, "visit_count": 10, "activity_type": "visitor_site", "duration": "transient"}, "geometry": {"type": "Point", "coordinates": [-63.566667, -64.84999999999967]}}, {"type": "Feature", "properties": {"name": "Joubin Islands", "site": "Palmer Archipelago", "region": "P", "year": 2022, "visit_count": 9, "activity_type": "visitor_site", "duration": "transient"}, "geometry": {"type": "Point", "coordinates": [-64.45, -64.78333299999967]}}, {"type": "Feature", "properties": {"name": "Joubin Islands", "site": "Palmer Archipelago", "region": "P", "year": 2020, "visit_count": 7, "activity_type": "visitor_site", "duration": "transient"}, "geometry": {"type": "Point", "coordinates": [-64.45, -64.78333299999967]}}, {"type": "Feature", "properties": {"name": "Gerlache Strait", "site": "Palmer Archipelago", "region": "P", "year": 2023, "visit_count": 101, "activity_type": "visitor_site", "duration": "transient"}, "geometry": {"type": "Point", "coordinates": [-62.333333, -64.49999999999963]}}, {"type": "Feature", "properties": {"name": "Brabant Island", "site": "Palmer Archipelago", "region": "P", "year": 2023, "visit_count": 2, "activity_type": "visitor_site", "duration": "transient"}, "geometry": {"type": "Point", "coordinates": [-62.333333, -64.2499999999996]}}, {"type": "Feature", "properties": {"name": "Two Hummock Island", "site": "Palmer Archipelago", "region": "P", "year": 2024, "visit_count": 313, "activity_type": "visitor_site", "duration": "transient"}, "geometry": {"type": "Point", "coordinates": [-61.716667, -64.13333299999958]}}, {"type": "Feature", "properties": {"name": "Two Hummock Island", "site": "Palmer Archipelago", "region": "P", "year": 2023, "visit_count": 91, "activity_type": "visitor_site", "duration": "transient"}, "geometry": {"type": "Point", "coordinates": [-61.716667, -64.13333299999958]}}, {"type": "Feature", "properties": {"name": "Two Hummock Island", "site": "Palmer Archipelago", "region": "P", "year": 2022, "visit_count": 8, "activity_type": "visitor_site", "duration": "transient"}, "geometry": {"type": "Point", "coordinates": [-61.716667, -64.13333299999958]}}, {"type": "Feature", "properties": {"name": "Two Hummock Island", "site": "Palmer Archipelago", "region": "P", "year": 2020, "visit_count": 13, "activity_type": "visitor_site", "duration": "transient"}, "geometry": {"type": "Point", "coordinates": [-61.716667, -64.13333299999958]}}, {"type": "Feature", "properties": {"name": "Trinity Island", "site": "Palmer Archipelago", "region": "P", "year": 2022, "visit_count": 11, "activity_type": "visitor_site", "duration": "transient"}, "geometry": {"type": "Point", "coordinates": [-60.75, -63.79999999999954]}}, {"type": "Feature", "properties": {"name": "Trinity Island", "site": "Palmer Archipelago", "region": "P", "year": 2020, "visit_count": 25, "activity_type": "visitor_site", "duration": "transient"}, "geometry": {"type": "Point", "coordinates": [-60.75, -63.79999999999954]}}, {"type": "Feature", "properties": {"name": "Gonz\u00e1lez Videla Station (Waterboat Point)", "site": "Paradise Bay", "region": "P", "year": 2024, "visit_count": 8, "activity_type": "visitor_site", "duration": "transient"}, "geometry": {"type": "Point", "coordinates": [-62.85749899999999, -64.82386199999968]}}, {"type": "Feature", "properties": {"name": "Gonz\u00e1lez Videla Station (Waterboat Point)", "site": "Paradise Bay", "region": "P", "year": 2023, "visit_count": 114, "activity_type": "visitor_site", "duration": "transient"}, "geometry": {"type": "Point", "coordinates": [-62.85749899999999, -64.82386199999968]}}, {"type": "Feature", "properties": {"name": "Gonz\u00e1lez Videla Station (Waterboat Point)", "site": "Paradise Bay", "region": "P", "year": 2022, "visit_count": 16, "activity_type": "visitor_site", "duration": "transient"}, "geometry": {"type": "Point", "coordinates": [-62.85749899999999, -64.82386199999968]}}, {"type": "Feature", "properties": {"name": "Gonz\u00e1lez Videla Station (Waterboat Point)", "site": "Paradise Bay", "region": "P", "year": 2020, "visit_count": 7479, "activity_type": "visitor_site", "duration": "transient"}, "geometry": {"type": "Point", "coordinates": [-62.85749899999999, -64.82386199999968]}}, {"type": "Feature", "properties": {"name": "Conesa Point", "site": "Paradise Harbour", "region": "P", "year": 2023, "visit_count": 12, "activity_type": "visitor_site", "duration": "transient"}, "geometry": {"type": "Point", "coordinates": [-62.849999999999994, -64.8666669999997]}}, {"type": "Feature", "properties": {"name": "Leith Cove", "site": "Paradise Harbour", "region": "P", "year": 2024, "visit_count": 302, "activity_type": "visitor_site", "duration": "transient"}, "geometry": {"type": "Point", "coordinates": [-62.83333300000001, -64.86666699999968]}}, {"type": "Feature", "properties": {"name": "Leith Cove", "site": "Paradise Harbour", "region": "P", "year": 2023, "visit_count": 9, "activity_type": "visitor_site", "duration": "transient"}, "geometry": {"type": "Point", "coordinates": [-62.83333300000001, -64.86666699999968]}}, {"type": "Feature", "properties": {"name": "Leith Cove", "site": "Paradise Harbour", "region": "P", "year": 2022, "visit_count": 161, "activity_type": "visitor_site", "duration": "transient"}, "geometry": {"type": "Point", "coordinates": [-62.83333300000001, -64.86666699999968]}}, {"type": "Feature", "properties": {"name": "Leith Cove", "site": "Paradise Harbour", "region": "P", "year": 2020, "visit_count": 6, "activity_type": "visitor_site", "duration": "transient"}, "geometry": {"type": "Point", "coordinates": [-62.83333300000001, -64.86666699999968]}}, {"type": "Feature", "properties": {"name": "Barrientos Island", "site": "South Shetland Islands", "region": "P", "year": 2024, "visit_count": 5258, "activity_type": "visitor_site", "duration": "transient"}, "geometry": {"type": "Point", "coordinates": [-59.75, -62.40416699999931]}}, {"type": "Feature", "properties": {"name": "Barrientos Island", "site": "South Shetland Islands", "region": "P", "year": 2023, "visit_count": 4572, "activity_type": "visitor_site", "duration": "transient"}, "geometry": {"type": "Point", "coordinates": [-59.75, -62.40416699999931]}}, {"type": "Feature", "properties": {"name": "Barrientos Island", "site": "South Shetland Islands", "region": "P", "year": 2022, "visit_count": 1736, "activity_type": "visitor_site", "duration": "transient"}, "geometry": {"type": "Point", "coordinates": [-59.75, -62.40416699999931]}}, {"type": "Feature", "properties": {"name": "Barrientos Island", "site": "South Shetland Islands", "region": "P", "year": 2020, "visit_count": 5243, "activity_type": "visitor_site", "duration": "transient"}, "geometry": {"type": "Point", "coordinates": [-59.75, -62.40416699999931]}}, {"type": "Feature", "properties": {"name": "Aitcho Islands Other", "site": "South Shetland Islands", "region": "P", "year": 2020, "visit_count": 457, "activity_type": "visitor_site", "duration": "transient"}, "geometry": {"type": "Point", "coordinates": [-59.78333299999999, -62.39999999999931]}}, {"type": "Feature", "properties": {"name": "McFarlane Strait", "site": "South Shetland Islands", "region": "P", "year": 2021, "visit_count": 4, "activity_type": "visitor_site", "duration": "transient"}, "geometry": {"type": "Point", "coordinates": [-59.933333, -62.516666999999345]}}, {"type": "Feature", "properties": {"name": "Whalers Bay", "site": "South Shetland Islands", "region": "P", "year": 2024, "visit_count": 22294, "activity_type": "visitor_site", "duration": "transient"}, "geometry": {"type": "Point", "coordinates": [-60.566667, -62.983332999999426]}}, {"type": "Feature", "properties": {"name": "Whalers Bay", "site": "South Shetland Islands", "region": "P", "year": 2023, "visit_count": 17547, "activity_type": "visitor_site", "duration": "transient"}, "geometry": {"type": "Point", "coordinates": [-60.566667, -62.983332999999426]}}, {"type": "Feature", "properties": {"name": "Whalers Bay", "site": "South Shetland Islands", "region": "P", "year": 2022, "visit_count": 7050, "activity_type": "visitor_site", "duration": "transient"}, "geometry": {"type": "Point", "coordinates": [-60.566667, -62.983332999999426]}}, {"type": "Feature", "properties": {"name": "Whalers Bay", "site": "South Shetland Islands", "region": "P", "year": 2021, "visit_count": 6, "activity_type": "visitor_site", "duration": "transient"}, "geometry": {"type": "Point", "coordinates": [-60.566667, -62.983332999999426]}}, {"type": "Feature", "properties": {"name": "Whalers Bay", "site": "South Shetland Islands", "region": "P", "year": 2020, "visit_count": 16117, "activity_type": "visitor_site", "duration": "transient"}, "geometry": {"type": "Point", "coordinates": [-60.566667, -62.983332999999426]}}, {"type": "Feature", "properties": {"name": "Gabriel de Castilla Station", "site": "South Shetland Islands", "region": "P", "year": 2023, "visit_count": 5, "activity_type": "visitor_site", "duration": "transient"}, "geometry": {"type": "Point", "coordinates": [-60.675745, -62.977196999999414]}}, {"type": "Feature", "properties": {"name": "Decepci\u00f3n Station", "site": "South Shetland Islands", "region": "P", "year": 2020, "visit_count": 90, "activity_type": "visitor_site", "duration": "transient"}, "geometry": {"type": "Point", "coordinates": [-60.700695, -62.976759999999416]}}, {"type": "Feature", "properties": {"name": "Fumarole Bay", "site": "South Shetland Islands", "region": "P", "year": 2024, "visit_count": 143, "activity_type": "visitor_site", "duration": "transient"}, "geometry": {"type": "Point", "coordinates": [-60.7, -62.96666699999942]}}, {"type": "Feature", "properties": {"name": "Fumarole Bay", "site": "South Shetland Islands", "region": "P", "year": 2022, "visit_count": 6, "activity_type": "visitor_site", "duration": "transient"}, "geometry": {"type": "Point", "coordinates": [-60.7, -62.96666699999942]}}, {"type": "Feature", "properties": {"name": "Fumarole Bay", "site": "South Shetland Islands", "region": "P", "year": 2020, "visit_count": 6, "activity_type": "visitor_site", "duration": "transient"}, "geometry": {"type": "Point", "coordinates": [-60.7, -62.96666699999942]}}, {"type": "Feature", "properties": {"name": "Baily Head", "site": "South Shetland Islands", "region": "P", "year": 2024, "visit_count": 780, "activity_type": "visitor_site", "duration": "transient"}, "geometry": {"type": "Point", "coordinates": [-60.5, -62.96666699999942]}}, {"type": "Feature", "properties": {"name": "Baily Head", "site": "South Shetland Islands", "region": "P", "year": 2023, "visit_count": 385, "activity_type": "visitor_site", "duration": "transient"}, "geometry": {"type": "Point", "coordinates": [-60.5, -62.96666699999942]}}, {"type": "Feature", "properties": {"name": "Baily Head", "site": "South Shetland Islands", "region": "P", "year": 2022, "visit_count": 473, "activity_type": "visitor_site", "duration": "transient"}, "geometry": {"type": "Point", "coordinates": [-60.5, -62.96666699999942]}}, {"type": "Feature", "properties": {"name": "Baily Head", "site": "South Shetland Islands", "region": "P", "year": 2020, "visit_count": 652, "activity_type": "visitor_site", "duration": "transient"}, "geometry": {"type": "Point", "coordinates": [-60.5, -62.96666699999942]}}, {"type": "Feature", "properties": {"name": "Deception Island", "site": "South Shetland Islands", "region": "P", "year": 2024, "visit_count": 444, "activity_type": "visitor_site", "duration": "transient"}, "geometry": {"type": "Point", "coordinates": [-60.63333300000001, -62.94999999999942]}}, {"type": "Feature", "properties": {"name": "Deception Island", "site": "South Shetland Islands", "region": "P", "year": 2023, "visit_count": 965, "activity_type": "visitor_site", "duration": "transient"}, "geometry": {"type": "Point", "coordinates": [-60.63333300000001, -62.94999999999942]}}, {"type": "Feature", "properties": {"name": "Deception Island", "site": "South Shetland Islands", "region": "P", "year": 2022, "visit_count": 70, "activity_type": "visitor_site", "duration": "transient"}, "geometry": {"type": "Point", "coordinates": [-60.63333300000001, -62.94999999999942]}}, {"type": "Feature", "properties": {"name": "Deception Island", "site": "South Shetland Islands", "region": "P", "year": 2020, "visit_count": 1046, "activity_type": "visitor_site", "duration": "transient"}, "geometry": {"type": "Point", "coordinates": [-60.63333300000001, -62.94999999999942]}}, {"type": "Feature", "properties": {"name": "Telefon Bay", "site": "South Shetland Islands", "region": "P", "year": 2024, "visit_count": 9499, "activity_type": "visitor_site", "duration": "transient"}, "geometry": {"type": "Point", "coordinates": [-60.666667, -62.933332999999415]}}, {"type": "Feature", "properties": {"name": "Telefon Bay", "site": "South Shetland Islands", "region": "P", "year": 2023, "visit_count": 9399, "activity_type": "visitor_site", "duration": "transient"}, "geometry": {"type": "Point", "coordinates": [-60.666667, -62.933332999999415]}}, {"type": "Feature", "properties": {"name": "Telefon Bay", "site": "South Shetland Islands", "region": "P", "year": 2022, "visit_count": 2583, "activity_type": "visitor_site", "duration": "transient"}, "geometry": {"type": "Point", "coordinates": [-60.666667, -62.933332999999415]}}, {"type": "Feature", "properties": {"name": "Telefon Bay", "site": "South Shetland Islands", "region": "P", "year": 2020, "visit_count": 6520, "activity_type": "visitor_site", "duration": "transient"}, "geometry": {"type": "Point", "coordinates": [-60.666667, -62.933332999999415]}}, {"type": "Feature", "properties": {"name": "Pendulum Cove", "site": "South Shetland Islands", "region": "P", "year": 2024, "visit_count": 2287, "activity_type": "visitor_site", "duration": "transient"}, "geometry": {"type": "Point", "coordinates": [-60.599999999999994, -62.933332999999415]}}, {"type": "Feature", "properties": {"name": "Pendulum Cove", "site": "South Shetland Islands", "region": "P", "year": 2023, "visit_count": 1293, "activity_type": "visitor_site", "duration": "transient"}, "geometry": {"type": "Point", "coordinates": [-60.599999999999994, -62.933332999999415]}}, {"type": "Feature", "properties": {"name": "Pendulum Cove", "site": "South Shetland Islands", "region": "P", "year": 2022, "visit_count": 713, "activity_type": "visitor_site", "duration": "transient"}, "geometry": {"type": "Point", "coordinates": [-60.599999999999994, -62.933332999999415]}}, {"type": "Feature", "properties": {"name": "Pendulum Cove", "site": "South Shetland Islands", "region": "P", "year": 2021, "visit_count": 6, "activity_type": "visitor_site", "duration": "transient"}, "geometry": {"type": "Point", "coordinates": [-60.599999999999994, -62.933332999999415]}}, {"type": "Feature", "properties": {"name": "Pendulum Cove", "site": "South Shetland Islands", "region": "P", "year": 2020, "visit_count": 5581, "activity_type": "visitor_site", "duration": "transient"}, "geometry": {"type": "Point", "coordinates": [-60.599999999999994, -62.933332999999415]}}, {"type": "Feature", "properties": {"name": "Macaroni Point", "site": "South Shetland Islands", "region": "P", "year": 2020, "visit_count": 6, "activity_type": "visitor_site", "duration": "transient"}, "geometry": {"type": "Point", "coordinates": [-60.533333, -62.89999999999941]}}, {"type": "Feature", "properties": {"name": "Cape Lookout", "site": "South Shetland Islands", "region": "P", "year": 2024, "visit_count": 157, "activity_type": "visitor_site", "duration": "transient"}, "geometry": {"type": "Point", "coordinates": [-55.216667, -61.28333299999906]}}, {"type": "Feature", "properties": {"name": "Cape Lookout", "site": "South Shetland Islands", "region": "P", "year": 2022, "visit_count": 163, "activity_type": "visitor_site", "duration": "transient"}, "geometry": {"type": "Point", "coordinates": [-55.216667, -61.28333299999906]}}, {"type": "Feature", "properties": {"name": "Elephant Island", "site": "South Shetland Islands", "region": "P", "year": 2024, "visit_count": 210, "activity_type": "visitor_site", "duration": "transient"}, "geometry": {"type": "Point", "coordinates": [-55.233333, -61.16666699999902]}}, {"type": "Feature", "properties": {"name": "Elephant Island", "site": "South Shetland Islands", "region": "P", "year": 2023, "visit_count": 165, "activity_type": "visitor_site", "duration": "transient"}, "geometry": {"type": "Point", "coordinates": [-55.233333, -61.16666699999902]}}, {"type": "Feature", "properties": {"name": "Elephant Island", "site": "South Shetland Islands", "region": "P", "year": 2020, "visit_count": 176, "activity_type": "visitor_site", "duration": "transient"}, "geometry": {"type": "Point", "coordinates": [-55.233333, -61.16666699999902]}}, {"type": "Feature", "properties": {"name": "Muckle Bluff", "site": "South Shetland Islands", "region": "P", "year": 2020, "visit_count": 51, "activity_type": "visitor_site", "duration": "transient"}, "geometry": {"type": "Point", "coordinates": [-54.866667, -61.14999999999902]}}, {"type": "Feature", "properties": {"name": "Walker Point", "site": "South Shetland Islands", "region": "P", "year": 2021, "visit_count": 9, "activity_type": "visitor_site", "duration": "transient"}, "geometry": {"type": "Point", "coordinates": [-54.699999999999996, -61.14999999999902]}}, {"type": "Feature", "properties": {"name": "1/2020 (Elephant Island)", "site": "South Shetland Islands", "region": "P", "year": 2020, "visit_count": 200, "activity_type": "visitor_site", "duration": "transient"}, "geometry": {"type": "Point", "coordinates": [-55.07999999999999, -61.12999999999902]}}, {"type": "Feature", "properties": {"name": "Point Wild", "site": "South Shetland Islands", "region": "P", "year": 2024, "visit_count": 267, "activity_type": "visitor_site", "duration": "transient"}, "geometry": {"type": "Point", "coordinates": [-54.866667, -61.099999999999]}}, {"type": "Feature", "properties": {"name": "Point Wild", "site": "South Shetland Islands", "region": "P", "year": 2023, "visit_count": 93, "activity_type": "visitor_site", "duration": "transient"}, "geometry": {"type": "Point", "coordinates": [-54.866667, -61.099999999999]}}, {"type": "Feature", "properties": {"name": "Point Wild", "site": "South Shetland Islands", "region": "P", "year": 2022, "visit_count": 169, "activity_type": "visitor_site", "duration": "transient"}, "geometry": {"type": "Point", "coordinates": [-54.866667, -61.099999999999]}}, {"type": "Feature", "properties": {"name": "Point Wild", "site": "South Shetland Islands", "region": "P", "year": 2021, "visit_count": 4, "activity_type": "visitor_site", "duration": "transient"}, "geometry": {"type": "Point", "coordinates": [-54.866667, -61.099999999999]}}, {"type": "Feature", "properties": {"name": "Point Wild", "site": "South Shetland Islands", "region": "P", "year": 2020, "visit_count": 181, "activity_type": "visitor_site", "duration": "transient"}, "geometry": {"type": "Point", "coordinates": [-54.866667, -61.099999999999]}}, {"type": "Feature", "properties": {"name": "Gibbs Island", "site": "South Shetland Islands", "region": "P", "year": 2020, "visit_count": 81, "activity_type": "visitor_site", "duration": "transient"}, "geometry": {"type": "Point", "coordinates": [-55.566667, -61.466666999999106]}}, {"type": "Feature", "properties": {"name": "Fort Point", "site": "South Shetland Islands", "region": "P", "year": 2024, "visit_count": 2600, "activity_type": "visitor_site", "duration": "transient"}, "geometry": {"type": "Point", "coordinates": [-59.58333300000001, -62.54999999999934]}}, {"type": "Feature", "properties": {"name": "Fort Point", "site": "South Shetland Islands", "region": "P", "year": 2023, "visit_count": 607, "activity_type": "visitor_site", "duration": "transient"}, "geometry": {"type": "Point", "coordinates": [-59.58333300000001, -62.54999999999934]}}, {"type": "Feature", "properties": {"name": "Fort Point", "site": "South Shetland Islands", "region": "P", "year": 2022, "visit_count": 546, "activity_type": "visitor_site", "duration": "transient"}, "geometry": {"type": "Point", "coordinates": [-59.58333300000001, -62.54999999999934]}}, {"type": "Feature", "properties": {"name": "Fort Point", "site": "South Shetland Islands", "region": "P", "year": 2020, "visit_count": 2360, "activity_type": "visitor_site", "duration": "transient"}, "geometry": {"type": "Point", "coordinates": [-59.58333300000001, -62.54999999999934]}}, {"type": "Feature", "properties": {"name": "Yankee Harbor", "site": "South Shetland Islands", "region": "P", "year": 2024, "visit_count": 7361, "activity_type": "visitor_site", "duration": "transient"}, "geometry": {"type": "Point", "coordinates": [-59.78333299999999, -62.53333299999934]}}, {"type": "Feature", "properties": {"name": "Yankee Harbor", "site": "South Shetland Islands", "region": "P", "year": 2023, "visit_count": 7740, "activity_type": "visitor_site", "duration": "transient"}, "geometry": {"type": "Point", "coordinates": [-59.78333299999999, -62.53333299999934]}}, {"type": "Feature", "properties": {"name": "Yankee Harbor", "site": "South Shetland Islands", "region": "P", "year": 2022, "visit_count": 2746, "activity_type": "visitor_site", "duration": "transient"}, "geometry": {"type": "Point", "coordinates": [-59.78333299999999, -62.53333299999934]}}, {"type": "Feature", "properties": {"name": "Yankee Harbor", "site": "South Shetland Islands", "region": "P", "year": 2020, "visit_count": 8576, "activity_type": "visitor_site", "duration": "transient"}, "geometry": {"type": "Point", "coordinates": [-59.78333299999999, -62.53333299999934]}}, {"type": "Feature", "properties": {"name": "Hardy Cove", "site": "South Shetland Islands", "region": "P", "year": 2024, "visit_count": 460, "activity_type": "visitor_site", "duration": "transient"}, "geometry": {"type": "Point", "coordinates": [-59.58333300000001, -62.53333299999934]}}, {"type": "Feature", "properties": {"name": "Hardy Cove", "site": "South Shetland Islands", "region": "P", "year": 2020, "visit_count": 242, "activity_type": "visitor_site", "duration": "transient"}, "geometry": {"type": "Point", "coordinates": [-59.58333300000001, -62.53333299999934]}}, {"type": "Feature", "properties": {"name": "Triangle Point", "site": "South Shetland Islands", "region": "P", "year": 2024, "visit_count": 18, "activity_type": "visitor_site", "duration": "transient"}, "geometry": {"type": "Point", "coordinates": [-59.85, -62.516666999999345]}}, {"type": "Feature", "properties": {"name": "Triangle Point", "site": "South Shetland Islands", "region": "P", "year": 2020, "visit_count": 86, "activity_type": "visitor_site", "duration": "transient"}, "geometry": {"type": "Point", "coordinates": [-59.85, -62.516666999999345]}}, {"type": "Feature", "properties": {"name": "Discovery Bay", "site": "South Shetland Islands", "region": "P", "year": 2023, "visit_count": 30, "activity_type": "visitor_site", "duration": "transient"}, "geometry": {"type": "Point", "coordinates": [-59.716667, -62.48333299999934]}}, {"type": "Feature", "properties": {"name": "C\u00e1mara Station", "site": "South Shetland Islands", "region": "P", "year": 2024, "visit_count": 1703, "activity_type": "visitor_site", "duration": "transient"}, "geometry": {"type": "Point", "coordinates": [-59.919344, -62.59385799999935]}}, {"type": "Feature", "properties": {"name": "C\u00e1mara Station", "site": "South Shetland Islands", "region": "P", "year": 2023, "visit_count": 756, "activity_type": "visitor_site", "duration": "transient"}, "geometry": {"type": "Point", "coordinates": [-59.919344, -62.59385799999935]}}, {"type": "Feature", "properties": {"name": "C\u00e1mara Station", "site": "South Shetland Islands", "region": "P", "year": 2022, "visit_count": 318, "activity_type": "visitor_site", "duration": "transient"}, "geometry": {"type": "Point", "coordinates": [-59.919344, -62.59385799999935]}}, {"type": "Feature", "properties": {"name": "C\u00e1mara Station", "site": "South Shetland Islands", "region": "P", "year": 2020, "visit_count": 445, "activity_type": "visitor_site", "duration": "transient"}, "geometry": {"type": "Point", "coordinates": [-59.919344, -62.59385799999935]}}, {"type": "Feature", "properties": {"name": "Maxwell Bay", "site": "South Shetland Islands", "region": "P", "year": 2024, "visit_count": 419, "activity_type": "visitor_site", "duration": "transient"}, "geometry": {"type": "Point", "coordinates": [-58.833333, -62.24999999999927]}}, {"type": "Feature", "properties": {"name": "Maxwell Bay", "site": "South Shetland Islands", "region": "P", "year": 2023, "visit_count": 80, "activity_type": "visitor_site", "duration": "transient"}, "geometry": {"type": "Point", "coordinates": [-58.833333, -62.24999999999927]}}, {"type": "Feature", "properties": {"name": "Maxwell Bay", "site": "South Shetland Islands", "region": "P", "year": 2022, "visit_count": 15, "activity_type": "visitor_site", "duration": "transient"}, "geometry": {"type": "Point", "coordinates": [-58.833333, -62.24999999999927]}}, {"type": "Feature", "properties": {"name": "Maxwell Bay", "site": "South Shetland Islands", "region": "P", "year": 2021, "visit_count": 6, "activity_type": "visitor_site", "duration": "transient"}, "geometry": {"type": "Point", "coordinates": [-58.833333, -62.24999999999927]}}, {"type": "Feature", "properties": {"name": "Maxwell Bay", "site": "South Shetland Islands", "region": "P", "year": 2020, "visit_count": 14, "activity_type": "visitor_site", "duration": "transient"}, "geometry": {"type": "Point", "coordinates": [-58.833333, -62.24999999999927]}}, {"type": "Feature", "properties": {"name": "Carlini (Jubany) Station", "site": "South Shetland Islands", "region": "P", "year": 2020, "visit_count": 14, "activity_type": "visitor_site", "duration": "transient"}, "geometry": {"type": "Point", "coordinates": [-58.66684200000001, -62.23789999999928]}}, {"type": "Feature", "properties": {"name": "Potter Cove", "site": "South Shetland Islands", "region": "P", "year": 2023, "visit_count": 96, "activity_type": "visitor_site", "duration": "transient"}, "geometry": {"type": "Point", "coordinates": [-58.7, -62.233332999999284]}}, {"type": "Feature", "properties": {"name": "Great Wall Station", "site": "South Shetland Islands", "region": "P", "year": 2024, "visit_count": 1014, "activity_type": "visitor_site", "duration": "transient"}, "geometry": {"type": "Point", "coordinates": [-58.961991999999995, -62.217518999999285]}}, {"type": "Feature", "properties": {"name": "Great Wall Station", "site": "South Shetland Islands", "region": "P", "year": 2020, "visit_count": 1752, "activity_type": "visitor_site", "duration": "transient"}, "geometry": {"type": "Point", "coordinates": [-58.961991999999995, -62.217518999999285]}}, {"type": "Feature", "properties": {"name": "Ardley Island", "site": "South Shetland Islands", "region": "P", "year": 2024, "visit_count": 110, "activity_type": "visitor_site", "duration": "transient"}, "geometry": {"type": "Point", "coordinates": [-58.933333, -62.216666999999276]}}, {"type": "Feature", "properties": {"name": "Ardley Island", "site": "South Shetland Islands", "region": "P", "year": 2023, "visit_count": 46, "activity_type": "visitor_site", "duration": "transient"}, "geometry": {"type": "Point", "coordinates": [-58.933333, -62.216666999999276]}}, {"type": "Feature", "properties": {"name": "Ardley Island", "site": "South Shetland Islands", "region": "P", "year": 2022, "visit_count": 275, "activity_type": "visitor_site", "duration": "transient"}, "geometry": {"type": "Point", "coordinates": [-58.933333, -62.216666999999276]}}, {"type": "Feature", "properties": {"name": "Ardley Island", "site": "South Shetland Islands", "region": "P", "year": 2021, "visit_count": 3, "activity_type": "visitor_site", "duration": "transient"}, "geometry": {"type": "Point", "coordinates": [-58.933333, -62.216666999999276]}}, {"type": "Feature", "properties": {"name": "Ardley Island", "site": "South Shetland Islands", "region": "P", "year": 2020, "visit_count": 220, "activity_type": "visitor_site", "duration": "transient"}, "geometry": {"type": "Point", "coordinates": [-58.933333, -62.216666999999276]}}, {"type": "Feature", "properties": {"name": "Frei Station", "site": "South Shetland Islands", "region": "P", "year": 2024, "visit_count": 719, "activity_type": "visitor_site", "duration": "transient"}, "geometry": {"type": "Point", "coordinates": [-58.962627000000005, -62.20023199999926]}}, {"type": "Feature", "properties": {"name": "Frei Station", "site": "South Shetland Islands", "region": "P", "year": 2023, "visit_count": 366, "activity_type": "visitor_site", "duration": "transient"}, "geometry": {"type": "Point", "coordinates": [-58.962627000000005, -62.20023199999926]}}, {"type": "Feature", "properties": {"name": "Frei Station", "site": "South Shetland Islands", "region": "P", "year": 2022, "visit_count": 186, "activity_type": "visitor_site", "duration": "transient"}, "geometry": {"type": "Point", "coordinates": [-58.962627000000005, -62.20023199999926]}}, {"type": "Feature", "properties": {"name": "Frei Station", "site": "South Shetland Islands", "region": "P", "year": 2021, "visit_count": 21, "activity_type": "visitor_site", "duration": "transient"}, "geometry": {"type": "Point", "coordinates": [-58.962627000000005, -62.20023199999926]}}, {"type": "Feature", "properties": {"name": "Frei Station", "site": "South Shetland Islands", "region": "P", "year": 2020, "visit_count": 3626, "activity_type": "visitor_site", "duration": "transient"}, "geometry": {"type": "Point", "coordinates": [-58.962627000000005, -62.20023199999926]}}, {"type": "Feature", "properties": {"name": "Bellingshausen Station", "site": "South Shetland Islands", "region": "P", "year": 2024, "visit_count": 203, "activity_type": "visitor_site", "duration": "transient"}, "geometry": {"type": "Point", "coordinates": [-58.960609, -62.19818399999926]}}, {"type": "Feature", "properties": {"name": "Bellingshausen Station", "site": "South Shetland Islands", "region": "P", "year": 2023, "visit_count": 14, "activity_type": "visitor_site", "duration": "transient"}, "geometry": {"type": "Point", "coordinates": [-58.960609, -62.19818399999926]}}, {"type": "Feature", "properties": {"name": "Bellingshausen Station", "site": "South Shetland Islands", "region": "P", "year": 2020, "visit_count": 607, "activity_type": "visitor_site", "duration": "transient"}, "geometry": {"type": "Point", "coordinates": [-58.960609, -62.19818399999926]}}, {"type": "Feature", "properties": {"name": "Fildes Peninsula", "site": "South Shetland Islands", "region": "P", "year": 2024, "visit_count": 43, "activity_type": "visitor_site", "duration": "transient"}, "geometry": {"type": "Point", "coordinates": [-58.95000000000001, -62.18333299999926]}}, {"type": "Feature", "properties": {"name": "Fildes Peninsula", "site": "South Shetland Islands", "region": "P", "year": 2023, "visit_count": 8, "activity_type": "visitor_site", "duration": "transient"}, "geometry": {"type": "Point", "coordinates": [-58.95000000000001, -62.18333299999926]}}, {"type": "Feature", "properties": {"name": "Fildes Peninsula", "site": "South Shetland Islands", "region": "P", "year": 2022, "visit_count": 117, "activity_type": "visitor_site", "duration": "transient"}, "geometry": {"type": "Point", "coordinates": [-58.95000000000001, -62.18333299999926]}}, {"type": "Feature", "properties": {"name": "Ezcurra Inlet", "site": "South Shetland Islands", "region": "P", "year": 2024, "visit_count": 159, "activity_type": "visitor_site", "duration": "transient"}, "geometry": {"type": "Point", "coordinates": [-58.56666700000001, -62.166666999999265]}}, {"type": "Feature", "properties": {"name": "Ezcurra Inlet", "site": "South Shetland Islands", "region": "P", "year": 2023, "visit_count": 173, "activity_type": "visitor_site", "duration": "transient"}, "geometry": {"type": "Point", "coordinates": [-58.56666700000001, -62.166666999999265]}}, {"type": "Feature", "properties": {"name": "Arctowski Station", "site": "South Shetland Islands", "region": "P", "year": 2020, "visit_count": 2194, "activity_type": "visitor_site", "duration": "transient"}, "geometry": {"type": "Point", "coordinates": [-58.47332200000001, -62.15977299999927]}}, {"type": "Feature", "properties": {"name": "Admiralty Bay", "site": "South Shetland Islands", "region": "P", "year": 2024, "visit_count": 330, "activity_type": "visitor_site", "duration": "transient"}, "geometry": {"type": "Point", "coordinates": [-58.45, -62.133332999999254]}}, {"type": "Feature", "properties": {"name": "Admiralty Bay", "site": "South Shetland Islands", "region": "P", "year": 2022, "visit_count": 12, "activity_type": "visitor_site", "duration": "transient"}, "geometry": {"type": "Point", "coordinates": [-58.45, -62.133332999999254]}}, {"type": "Feature", "properties": {"name": "Admiralty Bay", "site": "South Shetland Islands", "region": "P", "year": 2020, "visit_count": 62, "activity_type": "visitor_site", "duration": "transient"}, "geometry": {"type": "Point", "coordinates": [-58.45, -62.133332999999254]}}, {"type": "Feature", "properties": {"name": "Denais Stack", "site": "South Shetland Islands", "region": "P", "year": 2020, "visit_count": 51, "activity_type": "visitor_site", "duration": "transient"}, "geometry": {"type": "Point", "coordinates": [-58.48180000000001, -62.13029999999925]}}, {"type": "Feature", "properties": {"name": "Admiralen Peak", "site": "South Shetland Islands", "region": "P", "year": 2020, "visit_count": 49, "activity_type": "visitor_site", "duration": "transient"}, "geometry": {"type": "Point", "coordinates": [-58.492, -62.10539999999926]}}, {"type": "Feature", "properties": {"name": "Plaza Point", "site": "South Shetland Islands", "region": "P", "year": 2020, "visit_count": 14, "activity_type": "visitor_site", "duration": "transient"}, "geometry": {"type": "Point", "coordinates": [-58.4053, -62.09089999999925]}}, {"type": "Feature", "properties": {"name": "Ferraz Station", "site": "South Shetland Islands", "region": "P", "year": 2024, "visit_count": 154, "activity_type": "visitor_site", "duration": "transient"}, "geometry": {"type": "Point", "coordinates": [-58.39249999999999, -62.08472199999925]}}, {"type": "Feature", "properties": {"name": "Martel Inlet", "site": "South Shetland Islands", "region": "P", "year": 2022, "visit_count": 3, "activity_type": "visitor_site", "duration": "transient"}, "geometry": {"type": "Point", "coordinates": [-58.366667, -62.08333299999924]}}, {"type": "Feature", "properties": {"name": "Turret Point", "site": "South Shetland Islands", "region": "P", "year": 2024, "visit_count": 690, "activity_type": "visitor_site", "duration": "transient"}, "geometry": {"type": "Point", "coordinates": [-57.95000000000001, -62.08333299999924]}}, {"type": "Feature", "properties": {"name": "Turret Point", "site": "South Shetland Islands", "region": "P", "year": 2023, "visit_count": 168, "activity_type": "visitor_site", "duration": "transient"}, "geometry": {"type": "Point", "coordinates": [-57.95000000000001, -62.08333299999924]}}, {"type": "Feature", "properties": {"name": "Turret Point", "site": "South Shetland Islands", "region": "P", "year": 2022, "visit_count": 251, "activity_type": "visitor_site", "duration": "transient"}, "geometry": {"type": "Point", "coordinates": [-57.95000000000001, -62.08333299999924]}}, {"type": "Feature", "properties": {"name": "Turret Point", "site": "South Shetland Islands", "region": "P", "year": 2020, "visit_count": 554, "activity_type": "visitor_site", "duration": "transient"}, "geometry": {"type": "Point", "coordinates": [-57.95000000000001, -62.08333299999924]}}, {"type": "Feature", "properties": {"name": "False Bay", "site": "South Shetland Islands", "region": "P", "year": 2024, "visit_count": 12, "activity_type": "visitor_site", "duration": "transient"}, "geometry": {"type": "Point", "coordinates": [-60.366667, -62.71666699999938]}}, {"type": "Feature", "properties": {"name": "False Bay", "site": "South Shetland Islands", "region": "P", "year": 2020, "visit_count": 236, "activity_type": "visitor_site", "duration": "transient"}, "geometry": {"type": "Point", "coordinates": [-60.366667, -62.71666699999938]}}, {"type": "Feature", "properties": {"name": "Sally Rocks", "site": "South Shetland Islands", "region": "P", "year": 2020, "visit_count": 389, "activity_type": "visitor_site", "duration": "transient"}, "geometry": {"type": "Point", "coordinates": [-60.43333299999999, -62.69999999999937]}}, {"type": "Feature", "properties": {"name": "Elephant Point", "site": "South Shetland Islands", "region": "P", "year": 2024, "visit_count": 363, "activity_type": "visitor_site", "duration": "transient"}, "geometry": {"type": "Point", "coordinates": [-60.86666700000001, -62.68333299999936]}}, {"type": "Feature", "properties": {"name": "Elephant Point", "site": "South Shetland Islands", "region": "P", "year": 2023, "visit_count": 2674, "activity_type": "visitor_site", "duration": "transient"}, "geometry": {"type": "Point", "coordinates": [-60.86666700000001, -62.68333299999936]}}, {"type": "Feature", "properties": {"name": "Elephant Point", "site": "South Shetland Islands", "region": "P", "year": 2022, "visit_count": 274, "activity_type": "visitor_site", "duration": "transient"}, "geometry": {"type": "Point", "coordinates": [-60.86666700000001, -62.68333299999936]}}, {"type": "Feature", "properties": {"name": "Elephant Point", "site": "South Shetland Islands", "region": "P", "year": 2020, "visit_count": 3302, "activity_type": "visitor_site", "duration": "transient"}, "geometry": {"type": "Point", "coordinates": [-60.86666700000001, -62.68333299999936]}}, {"type": "Feature", "properties": {"name": "Hannah Point", "site": "South Shetland Islands", "region": "P", "year": 2024, "visit_count": 883, "activity_type": "visitor_site", "duration": "transient"}, "geometry": {"type": "Point", "coordinates": [-60.599999999999994, -62.649999999999345]}}, {"type": "Feature", "properties": {"name": "Hannah Point", "site": "South Shetland Islands", "region": "P", "year": 2023, "visit_count": 1508, "activity_type": "visitor_site", "duration": "transient"}, "geometry": {"type": "Point", "coordinates": [-60.599999999999994, -62.649999999999345]}}, {"type": "Feature", "properties": {"name": "Hannah Point", "site": "South Shetland Islands", "region": "P", "year": 2022, "visit_count": 636, "activity_type": "visitor_site", "duration": "transient"}, "geometry": {"type": "Point", "coordinates": [-60.599999999999994, -62.649999999999345]}}, {"type": "Feature", "properties": {"name": "Hannah Point", "site": "South Shetland Islands", "region": "P", "year": 2020, "visit_count": 689, "activity_type": "visitor_site", "duration": "transient"}, "geometry": {"type": "Point", "coordinates": [-60.599999999999994, -62.649999999999345]}}, {"type": "Feature", "properties": {"name": "Walker Bay (by Hannah Point)", "site": "South Shetland Islands", "region": "P", "year": 2024, "visit_count": 1607, "activity_type": "visitor_site", "duration": "transient"}, "geometry": {"type": "Point", "coordinates": [-60.7, -62.63333299999936]}}, {"type": "Feature", "properties": {"name": "Walker Bay (by Hannah Point)", "site": "South Shetland Islands", "region": "P", "year": 2023, "visit_count": 1899, "activity_type": "visitor_site", "duration": "transient"}, "geometry": {"type": "Point", "coordinates": [-60.7, -62.63333299999936]}}, {"type": "Feature", "properties": {"name": "Walker Bay (by Hannah Point)", "site": "South Shetland Islands", "region": "P", "year": 2022, "visit_count": 616, "activity_type": "visitor_site", "duration": "transient"}, "geometry": {"type": "Point", "coordinates": [-60.7, -62.63333299999936]}}, {"type": "Feature", "properties": {"name": "Walker Bay (by Hannah Point)", "site": "South Shetland Islands", "region": "P", "year": 2020, "visit_count": 1924, "activity_type": "visitor_site", "duration": "transient"}, "geometry": {"type": "Point", "coordinates": [-60.7, -62.63333299999936]}}, {"type": "Feature", "properties": {"name": "Livingston Island", "site": "South Shetland Islands", "region": "P", "year": 2023, "visit_count": 4, "activity_type": "visitor_site", "duration": "transient"}, "geometry": {"type": "Point", "coordinates": [-60.5, -62.59999999999935]}}, {"type": "Feature", "properties": {"name": "Livingston Island", "site": "South Shetland Islands", "region": "P", "year": 2020, "visit_count": 10, "activity_type": "visitor_site", "duration": "transient"}, "geometry": {"type": "Point", "coordinates": [-60.5, -62.59999999999935]}}, {"type": "Feature", "properties": {"name": "Edinburgh Hill", "site": "South Shetland Islands", "region": "P", "year": 2024, "visit_count": 171, "activity_type": "visitor_site", "duration": "transient"}, "geometry": {"type": "Point", "coordinates": [-60.016667, -62.54999999999934]}}, {"type": "Feature", "properties": {"name": "Half Moon Island", "site": "South Shetland Islands", "region": "P", "year": 2024, "visit_count": 14840, "activity_type": "visitor_site", "duration": "transient"}, "geometry": {"type": "Point", "coordinates": [-59.966667, -62.59999999999935]}}, {"type": "Feature", "properties": {"name": "Half Moon Island", "site": "South Shetland Islands", "region": "P", "year": 2023, "visit_count": 14279, "activity_type": "visitor_site", "duration": "transient"}, "geometry": {"type": "Point", "coordinates": [-59.966667, -62.59999999999935]}}, {"type": "Feature", "properties": {"name": "Half Moon Island", "site": "South Shetland Islands", "region": "P", "year": 2022, "visit_count": 6370, "activity_type": "visitor_site", "duration": "transient"}, "geometry": {"type": "Point", "coordinates": [-59.966667, -62.59999999999935]}}, {"type": "Feature", "properties": {"name": "Half Moon Island", "site": "South Shetland Islands", "region": "P", "year": 2020, "visit_count": 20901, "activity_type": "visitor_site", "duration": "transient"}, "geometry": {"type": "Point", "coordinates": [-59.966667, -62.59999999999935]}}, {"type": "Feature", "properties": {"name": "Nelson Island", "site": "South Shetland Islands", "region": "P", "year": 2023, "visit_count": 56, "activity_type": "visitor_site", "duration": "transient"}, "geometry": {"type": "Point", "coordinates": [-59.00000000000001, -62.2833329999993]}}, {"type": "Feature", "properties": {"name": "Nelson Island", "site": "South Shetland Islands", "region": "P", "year": 2022, "visit_count": 1, "activity_type": "visitor_site", "duration": "transient"}, "geometry": {"type": "Point", "coordinates": [-59.00000000000001, -62.2833329999993]}}, {"type": "Feature", "properties": {"name": "Nelson Island", "site": "South Shetland Islands", "region": "P", "year": 2020, "visit_count": 2, "activity_type": "visitor_site", "duration": "transient"}, "geometry": {"type": "Point", "coordinates": [-59.00000000000001, -62.2833329999993]}}, {"type": "Feature", "properties": {"name": "Edgell Bay", "site": "South Shetland Islands", "region": "P", "year": 2024, "visit_count": 6, "activity_type": "visitor_site", "duration": "transient"}, "geometry": {"type": "Point", "coordinates": [-58.966666999999994, -62.26666699999927]}}, {"type": "Feature", "properties": {"name": "Penguin Island", "site": "South Shetland Islands", "region": "P", "year": 2024, "visit_count": 1894, "activity_type": "visitor_site", "duration": "transient"}, "geometry": {"type": "Point", "coordinates": [-57.883333, -62.099999999999255]}}, {"type": "Feature", "properties": {"name": "Penguin Island", "site": "South Shetland Islands", "region": "P", "year": 2023, "visit_count": 1213, "activity_type": "visitor_site", "duration": "transient"}, "geometry": {"type": "Point", "coordinates": [-57.883333, -62.099999999999255]}}, {"type": "Feature", "properties": {"name": "Penguin Island", "site": "South Shetland Islands", "region": "P", "year": 2022, "visit_count": 961, "activity_type": "visitor_site", "duration": "transient"}, "geometry": {"type": "Point", "coordinates": [-57.883333, -62.099999999999255]}}, {"type": "Feature", "properties": {"name": "Penguin Island", "site": "South Shetland Islands", "region": "P", "year": 2020, "visit_count": 1324, "activity_type": "visitor_site", "duration": "transient"}, "geometry": {"type": "Point", "coordinates": [-57.883333, -62.099999999999255]}}, {"type": "Feature", "properties": {"name": "Snow Island", "site": "South Shetland Islands", "region": "P", "year": 2024, "visit_count": 97, "activity_type": "visitor_site", "duration": "transient"}, "geometry": {"type": "Point", "coordinates": [-61.333333, -62.74999999999938]}}, {"type": "Feature", "properties": {"name": "Snow Island", "site": "South Shetland Islands", "region": "P", "year": 2023, "visit_count": 215, "activity_type": "visitor_site", "duration": "transient"}, "geometry": {"type": "Point", "coordinates": [-61.333333, -62.74999999999938]}}, {"type": "Feature", "properties": {"name": "Snow Island", "site": "South Shetland Islands", "region": "P", "year": 2022, "visit_count": 94, "activity_type": "visitor_site", "duration": "transient"}, "geometry": {"type": "Point", "coordinates": [-61.333333, -62.74999999999938]}}, {"type": "Feature", "properties": {"name": "Snow Island", "site": "South Shetland Islands", "region": "P", "year": 2020, "visit_count": 465, "activity_type": "visitor_site", "duration": "transient"}, "geometry": {"type": "Point", "coordinates": [-61.333333, -62.74999999999938]}}, {"type": "Feature", "properties": {"name": "Edwards Point", "site": "South Shetland Islands", "region": "P", "year": 2020, "visit_count": 68, "activity_type": "visitor_site", "duration": "transient"}, "geometry": {"type": "Point", "coordinates": [-59.5, -62.46666699999932]}}, {"type": "Feature", "properties": {"name": "Robert Point", "site": "South Shetland Islands", "region": "P", "year": 2024, "visit_count": 1063, "activity_type": "visitor_site", "duration": "transient"}, "geometry": {"type": "Point", "coordinates": [-59.39999999999999, -62.46666699999932]}}, {"type": "Feature", "properties": {"name": "Robert Point", "site": "South Shetland Islands", "region": "P", "year": 2023, "visit_count": 765, "activity_type": "visitor_site", "duration": "transient"}, "geometry": {"type": "Point", "coordinates": [-59.39999999999999, -62.46666699999932]}}, {"type": "Feature", "properties": {"name": "Robert Point", "site": "South Shetland Islands", "region": "P", "year": 2022, "visit_count": 176, "activity_type": "visitor_site", "duration": "transient"}, "geometry": {"type": "Point", "coordinates": [-59.39999999999999, -62.46666699999932]}}, {"type": "Feature", "properties": {"name": "Robert Point", "site": "South Shetland Islands", "region": "P", "year": 2020, "visit_count": 1963, "activity_type": "visitor_site", "duration": "transient"}, "geometry": {"type": "Point", "coordinates": [-59.39999999999999, -62.46666699999932]}}, {"type": "Feature", "properties": {"name": "President Head", "site": "South Shetland Islands", "region": "P", "year": 2024, "visit_count": 2860, "activity_type": "visitor_site", "duration": "transient"}, "geometry": {"type": "Point", "coordinates": [-61.20000000000001, -62.71666699999938]}}, {"type": "Feature", "properties": {"name": "President Head", "site": "South Shetland Islands", "region": "P", "year": 2023, "visit_count": 1470, "activity_type": "visitor_site", "duration": "transient"}, "geometry": {"type": "Point", "coordinates": [-61.20000000000001, -62.71666699999938]}}, {"type": "Feature", "properties": {"name": "President Head", "site": "South Shetland Islands", "region": "P", "year": 2022, "visit_count": 473, "activity_type": "visitor_site", "duration": "transient"}, "geometry": {"type": "Point", "coordinates": [-61.20000000000001, -62.71666699999938]}}, {"type": "Feature", "properties": {"name": "President Head", "site": "South Shetland Islands", "region": "P", "year": 2020, "visit_count": 749, "activity_type": "visitor_site", "duration": "transient"}, "geometry": {"type": "Point", "coordinates": [-61.20000000000001, -62.71666699999938]}}, {"type": "Feature", "properties": {"name": "Brown Bluff", "site": "Tabarin Peninsula", "region": "P", "year": 2024, "visit_count": 13794, "activity_type": "visitor_site", "duration": "transient"}, "geometry": {"type": "Point", "coordinates": [-56.916667, -63.53333299999952]}}, {"type": "Feature", "properties": {"name": "Brown Bluff", "site": "Tabarin Peninsula", "region": "P", "year": 2023, "visit_count": 9505, "activity_type": "visitor_site", "duration": "transient"}, "geometry": {"type": "Point", "coordinates": [-56.916667, -63.53333299999952]}}, {"type": "Feature", "properties": {"name": "Brown Bluff", "site": "Tabarin Peninsula", "region": "P", "year": 2022, "visit_count": 5381, "activity_type": "visitor_site", "duration": "transient"}, "geometry": {"type": "Point", "coordinates": [-56.916667, -63.53333299999952]}}, {"type": "Feature", "properties": {"name": "Brown Bluff", "site": "Tabarin Peninsula", "region": "P", "year": 2020, "visit_count": 11896, "activity_type": "visitor_site", "duration": "transient"}, "geometry": {"type": "Point", "coordinates": [-56.916667, -63.53333299999952]}}, {"type": "Feature", "properties": {"name": "Prince Gustav Channel", "site": "Trinity Peninsula", "region": "P", "year": 2022, "visit_count": 156, "activity_type": "visitor_site", "duration": "transient"}, "geometry": {"type": "Point", "coordinates": [-58.25, -63.83333299999956]}}, {"type": "Feature", "properties": {"name": "Duse Bay", "site": "Trinity Peninsula", "region": "P", "year": 2024, "visit_count": 550, "activity_type": "visitor_site", "duration": "transient"}, "geometry": {"type": "Point", "coordinates": [-57.33333300000001, -63.49999999999951]}}, {"type": "Feature", "properties": {"name": "Duse Bay", "site": "Trinity Peninsula", "region": "P", "year": 2023, "visit_count": 104, "activity_type": "visitor_site", "duration": "transient"}, "geometry": {"type": "Point", "coordinates": [-57.33333300000001, -63.49999999999951]}}, {"type": "Feature", "properties": {"name": "Duse Bay", "site": "Trinity Peninsula", "region": "P", "year": 2022, "visit_count": 332, "activity_type": "visitor_site", "duration": "transient"}, "geometry": {"type": "Point", "coordinates": [-57.33333300000001, -63.49999999999951]}}, {"type": "Feature", "properties": {"name": "Duse Bay", "site": "Trinity Peninsula", "region": "P", "year": 2020, "visit_count": 200, "activity_type": "visitor_site", "duration": "transient"}, "geometry": {"type": "Point", "coordinates": [-57.33333300000001, -63.49999999999951]}}, {"type": "Feature", "properties": {"name": "Lindblad Cove", "site": "Trinity Peninsula", "region": "P", "year": 2024, "visit_count": 158, "activity_type": "visitor_site", "duration": "transient"}, "geometry": {"type": "Point", "coordinates": [-59.45, -63.84999999999957]}}, {"type": "Feature", "properties": {"name": "View Point", "site": "Trinity Peninsula", "region": "P", "year": 2024, "visit_count": 828, "activity_type": "visitor_site", "duration": "transient"}, "geometry": {"type": "Point", "coordinates": [-57.283333, -63.54999999999951]}}, {"type": "Feature", "properties": {"name": "View Point", "site": "Trinity Peninsula", "region": "P", "year": 2023, "visit_count": 391, "activity_type": "visitor_site", "duration": "transient"}, "geometry": {"type": "Point", "coordinates": [-57.283333, -63.54999999999951]}}, {"type": "Feature", "properties": {"name": "View Point", "site": "Trinity Peninsula", "region": "P", "year": 2022, "visit_count": 303, "activity_type": "visitor_site", "duration": "transient"}, "geometry": {"type": "Point", "coordinates": [-57.283333, -63.54999999999951]}}, {"type": "Feature", "properties": {"name": "Camp Hill", "site": "Trinity Peninsula", "region": "P", "year": 2024, "visit_count": 180, "activity_type": "visitor_site", "duration": "transient"}, "geometry": {"type": "Point", "coordinates": [-57.866667, -63.68333299999952]}}, {"type": "Feature", "properties": {"name": "Esperanza Station", "site": "Trinity Peninsula", "region": "P", "year": 2020, "visit_count": 914, "activity_type": "visitor_site", "duration": "transient"}, "geometry": {"type": "Point", "coordinates": [-56.99805400000001, -63.39695899999949]}}, {"type": "Feature", "properties": {"name": "O'Higgins Station", "site": "", "region": "P", "year": 2020, "visit_count": 82, "activity_type": "visitor_site", "duration": "transient"}, "geometry": {"type": "Point", "coordinates": [-57.899781, -63.32095099999947]}}, {"type": "Feature", "properties": {"name": "Eyrie Bay", "site": "Trinity Peninsula", "region": "P", "year": 2022, "visit_count": 25, "activity_type": "visitor_site", "duration": "transient"}, "geometry": {"type": "Point", "coordinates": [-57.633333, -63.58333299999953]}}, {"type": "Feature", "properties": {"name": "Cape Longing", "site": "Trinity Peninsula", "region": "P", "year": 2022, "visit_count": 244, "activity_type": "visitor_site", "duration": "transient"}, "geometry": {"type": "Point", "coordinates": [-58.8167, -64.56669999999964]}}, {"type": "Feature", "properties": {"name": "Bald Head", "site": "Trinity Peninsula", "region": "P", "year": 2024, "visit_count": 113, "activity_type": "visitor_site", "duration": "transient"}, "geometry": {"type": "Point", "coordinates": [-57.6, -63.63333299999952]}}, {"type": "Feature", "properties": {"name": "Bald Head", "site": "Trinity Peninsula", "region": "P", "year": 2023, "visit_count": 291, "activity_type": "visitor_site", "duration": "transient"}, "geometry": {"type": "Point", "coordinates": [-57.6, -63.63333299999952]}}, {"type": "Feature", "properties": {"name": "2/2020 (Prince Gustave Channel)", "site": "Trinity Peninsula", "region": "P", "year": 2023, "visit_count": 11, "activity_type": "visitor_site", "duration": "transient"}, "geometry": {"type": "Point", "coordinates": [-57.15, -63.63333299999952]}}, {"type": "Feature", "properties": {"name": "2/2020 (Prince Gustave Channel)", "site": "Trinity Peninsula", "region": "P", "year": 2020, "visit_count": 197, "activity_type": "visitor_site", "duration": "transient"}, "geometry": {"type": "Point", "coordinates": [-57.15, -63.63333299999952]}}, {"type": "Feature", "properties": {"name": "Beak Island", "site": "Trinity Peninsula", "region": "P", "year": 2024, "visit_count": 82, "activity_type": "visitor_site", "duration": "transient"}, "geometry": {"type": "Point", "coordinates": [-57.283333, -63.61666699999953]}}, {"type": "Feature", "properties": {"name": "Antarctic Sound", "site": "Trinity Peninsula", "region": "P", "year": 2024, "visit_count": 115, "activity_type": "visitor_site", "duration": "transient"}, "geometry": {"type": "Point", "coordinates": [-56.650000000000006, -63.433332999999486]}}, {"type": "Feature", "properties": {"name": "Antarctic Sound", "site": "Trinity Peninsula", "region": "P", "year": 2020, "visit_count": 67, "activity_type": "visitor_site", "duration": "transient"}, "geometry": {"type": "Point", "coordinates": [-56.650000000000006, -63.433332999999486]}}, {"type": "Feature", "properties": {"name": "Pitt Point", "site": "Trinity Peninsula", "region": "P", "year": 2024, "visit_count": 244, "activity_type": "visitor_site", "duration": "transient"}, "geometry": {"type": "Point", "coordinates": [-58.38333300000001, -63.849999999999554]}}, {"type": "Feature", "properties": {"name": "Pitt Point", "site": "Trinity Peninsula", "region": "P", "year": 2022, "visit_count": 123, "activity_type": "visitor_site", "duration": "transient"}, "geometry": {"type": "Point", "coordinates": [-58.38333300000001, -63.849999999999554]}}, {"type": "Feature", "properties": {"name": "Robertson Island", "site": "Weddell Sea", "region": "P", "year": 2023, "visit_count": 503, "activity_type": "visitor_site", "duration": "transient"}, "geometry": {"type": "Point", "coordinates": [-59.60000000000001, -65.16666699999972]}}, {"type": "Feature", "properties": {"name": "Argentine Islands Other", "site": "Wilhelm Archipelago", "region": "P", "year": 2024, "visit_count": 252, "activity_type": "visitor_site", "duration": "transient"}, "geometry": {"type": "Point", "coordinates": [-64.266667, -65.2499999999997]}}, {"type": "Feature", "properties": {"name": "Argentine Islands Other", "site": "Wilhelm Archipelago", "region": "P", "year": 2023, "visit_count": 125, "activity_type": "visitor_site", "duration": "transient"}, "geometry": {"type": "Point", "coordinates": [-64.266667, -65.2499999999997]}}, {"type": "Feature", "properties": {"name": "Argentine Islands Other", "site": "Wilhelm Archipelago", "region": "P", "year": 2020, "visit_count": 525, "activity_type": "visitor_site", "duration": "transient"}, "geometry": {"type": "Point", "coordinates": [-64.266667, -65.2499999999997]}}, {"type": "Feature", "properties": {"name": "Galindez Island", "site": "Wilhelm Archipelago", "region": "P", "year": 2022, "visit_count": 80, "activity_type": "visitor_site", "duration": "transient"}, "geometry": {"type": "Point", "coordinates": [-64.266667, -65.2499999999997]}}, {"type": "Feature", "properties": {"name": "Galindez Island", "site": "Wilhelm Archipelago", "region": "P", "year": 2020, "visit_count": 1, "activity_type": "visitor_site", "duration": "transient"}, "geometry": {"type": "Point", "coordinates": [-64.266667, -65.2499999999997]}}, {"type": "Feature", "properties": {"name": "Skua Island", "site": "Wilhelm Archipelago", "region": "P", "year": 2020, "visit_count": 3, "activity_type": "visitor_site", "duration": "transient"}, "geometry": {"type": "Point", "coordinates": [-64.266667, -65.2499999999997]}}, {"type": "Feature", "properties": {"name": "Port Charcot", "site": "Wilhelm Archipelago", "region": "P", "year": 2024, "visit_count": 13508, "activity_type": "visitor_site", "duration": "transient"}, "geometry": {"type": "Point", "coordinates": [-64.0, -65.0666669999997]}}, {"type": "Feature", "properties": {"name": "Port Charcot", "site": "Wilhelm Archipelago", "region": "P", "year": 2023, "visit_count": 9288, "activity_type": "visitor_site", "duration": "transient"}, "geometry": {"type": "Point", "coordinates": [-64.0, -65.0666669999997]}}, {"type": "Feature", "properties": {"name": "Port Charcot", "site": "Wilhelm Archipelago", "region": "P", "year": 2022, "visit_count": 1611, "activity_type": "visitor_site", "duration": "transient"}, "geometry": {"type": "Point", "coordinates": [-64.0, -65.0666669999997]}}, {"type": "Feature", "properties": {"name": "Port Charcot", "site": "Wilhelm Archipelago", "region": "P", "year": 2020, "visit_count": 6290, "activity_type": "visitor_site", "duration": "transient"}, "geometry": {"type": "Point", "coordinates": [-64.0, -65.0666669999997]}}, {"type": "Feature", "properties": {"name": "Pl\u00e9neau Island (Bay)", "site": "Wilhelm Archipelago", "region": "P", "year": 2024, "visit_count": 7072, "activity_type": "visitor_site", "duration": "transient"}, "geometry": {"type": "Point", "coordinates": [-64.083333, -65.0999999999997]}}, {"type": "Feature", "properties": {"name": "Pl\u00e9neau Island (Bay)", "site": "Wilhelm Archipelago", "region": "P", "year": 2023, "visit_count": 3882, "activity_type": "visitor_site", "duration": "transient"}, "geometry": {"type": "Point", "coordinates": [-64.083333, -65.0999999999997]}}, {"type": "Feature", "properties": {"name": "Pl\u00e9neau Island (Bay)", "site": "Wilhelm Archipelago", "region": "P", "year": 2022, "visit_count": 1063, "activity_type": "visitor_site", "duration": "transient"}, "geometry": {"type": "Point", "coordinates": [-64.083333, -65.0999999999997]}}, {"type": "Feature", "properties": {"name": "Pl\u00e9neau Island (Bay)", "site": "Wilhelm Archipelago", "region": "P", "year": 2020, "visit_count": 2795, "activity_type": "visitor_site", "duration": "transient"}, "geometry": {"type": "Point", "coordinates": [-64.083333, -65.0999999999997]}}, {"type": "Feature", "properties": {"name": "Petermann Island", "site": "Wilhelm Archipelago", "region": "P", "year": 2024, "visit_count": 15926, "activity_type": "visitor_site", "duration": "transient"}, "geometry": {"type": "Point", "coordinates": [-64.1667, -65.16669999999972]}}, {"type": "Feature", "properties": {"name": "Petermann Island", "site": "Wilhelm Archipelago", "region": "P", "year": 2023, "visit_count": 15163, "activity_type": "visitor_site", "duration": "transient"}, "geometry": {"type": "Point", "coordinates": [-64.1667, -65.16669999999972]}}, {"type": "Feature", "properties": {"name": "Petermann Island", "site": "Wilhelm Archipelago", "region": "P", "year": 2022, "visit_count": 3062, "activity_type": "visitor_site", "duration": "transient"}, "geometry": {"type": "Point", "coordinates": [-64.1667, -65.16669999999972]}}, {"type": "Feature", "properties": {"name": "Petermann Island", "site": "Wilhelm Archipelago", "region": "P", "year": 2020, "visit_count": 12194, "activity_type": "visitor_site", "duration": "transient"}, "geometry": {"type": "Point", "coordinates": [-64.1667, -65.16669999999972]}}, {"type": "Feature", "properties": {"name": "Vedel Islands", "site": "Wilhelm Archipelago", "region": "P", "year": 2020, "visit_count": 6, "activity_type": "visitor_site", "duration": "transient"}, "geometry": {"type": "Point", "coordinates": [-64.25, -65.11666699999972]}}, {"type": "Feature", "properties": {"name": "Yalour Islands", "site": "Wilhelm Archipelago", "region": "P", "year": 2024, "visit_count": 3315, "activity_type": "visitor_site", "duration": "transient"}, "geometry": {"type": "Point", "coordinates": [-64.166667, -65.2333329999997]}}, {"type": "Feature", "properties": {"name": "Yalour Islands", "site": "Wilhelm Archipelago", "region": "P", "year": 2023, "visit_count": 3792, "activity_type": "visitor_site", "duration": "transient"}, "geometry": {"type": "Point", "coordinates": [-64.166667, -65.2333329999997]}}, {"type": "Feature", "properties": {"name": "Yalour Islands", "site": "Wilhelm Archipelago", "region": "P", "year": 2022, "visit_count": 232, "activity_type": "visitor_site", "duration": "transient"}, "geometry": {"type": "Point", "coordinates": [-64.166667, -65.2333329999997]}}, {"type": "Feature", "properties": {"name": "Yalour Islands", "site": "Wilhelm Archipelago", "region": "P", "year": 2020, "visit_count": 1067, "activity_type": "visitor_site", "duration": "transient"}, "geometry": {"type": "Point", "coordinates": [-64.166667, -65.2333329999997]}}, {"type": "Feature", "properties": {"name": "Hovgaard Island", "site": "Wilhelm Archipelago", "region": "P", "year": 2024, "visit_count": 138, "activity_type": "visitor_site", "duration": "transient"}, "geometry": {"type": "Point", "coordinates": [-64.133333, -65.1333329999997]}}, {"type": "Feature", "properties": {"name": "Hovgaard Island", "site": "Wilhelm Archipelago", "region": "P", "year": 2023, "visit_count": 319, "activity_type": "visitor_site", "duration": "transient"}, "geometry": {"type": "Point", "coordinates": [-64.133333, -65.1333329999997]}}, {"type": "Feature", "properties": {"name": "Hovgaard Island", "site": "Wilhelm Archipelago", "region": "P", "year": 2022, "visit_count": 8, "activity_type": "visitor_site", "duration": "transient"}, "geometry": {"type": "Point", "coordinates": [-64.133333, -65.1333329999997]}}, {"type": "Feature", "properties": {"name": "Hovgaard Island", "site": "Wilhelm Archipelago", "region": "P", "year": 2021, "visit_count": 4, "activity_type": "visitor_site", "duration": "transient"}, "geometry": {"type": "Point", "coordinates": [-64.133333, -65.1333329999997]}}, {"type": "Feature", "properties": {"name": "Hovgaard Island", "site": "Wilhelm Archipelago", "region": "P", "year": 2020, "visit_count": 195, "activity_type": "visitor_site", "duration": "transient"}, "geometry": {"type": "Point", "coordinates": [-64.133333, -65.1333329999997]}}, {"type": "Feature", "properties": {"name": "Plata Passage", "site": "Wilhelmina Bay", "region": "P", "year": 2022, "visit_count": 49, "activity_type": "visitor_site", "duration": "transient"}, "geometry": {"type": "Point", "coordinates": [-62.016667, -64.66666699999965]}}, {"type": "Feature", "properties": {"name": "Foyn Harbor", "site": "Wilhelmina Bay", "region": "P", "year": 2024, "visit_count": 284, "activity_type": "visitor_site", "duration": "transient"}, "geometry": {"type": "Point", "coordinates": [-62.016667, -64.54999999999963]}}, {"type": "Feature", "properties": {"name": "Foyn Harbor", "site": "Wilhelmina Bay", "region": "P", "year": 2023, "visit_count": 524, "activity_type": "visitor_site", "duration": "transient"}, "geometry": {"type": "Point", "coordinates": [-62.016667, -64.54999999999963]}}, {"type": "Feature", "properties": {"name": "Foyn Harbor", "site": "Wilhelmina Bay", "region": "P", "year": 2022, "visit_count": 12, "activity_type": "visitor_site", "duration": "transient"}, "geometry": {"type": "Point", "coordinates": [-62.016667, -64.54999999999963]}}, {"type": "Feature", "properties": {"name": "Foyn Harbor", "site": "Wilhelmina Bay", "region": "P", "year": 2020, "visit_count": 73, "activity_type": "visitor_site", "duration": "transient"}, "geometry": {"type": "Point", "coordinates": [-62.016667, -64.54999999999963]}}, {"type": "Feature", "properties": {"name": "Sadler Point", "site": "Wilhelmina Bay", "region": "P", "year": 2023, "visit_count": 153, "activity_type": "visitor_site", "duration": "transient"}, "geometry": {"type": "Point", "coordinates": [-62.03333299999999, -64.68333299999966]}}, {"type": "Feature", "properties": {"name": "Sadler Point", "site": "Wilhelmina Bay", "region": "P", "year": 2022, "visit_count": 98, "activity_type": "visitor_site", "duration": "transient"}, "geometry": {"type": "Point", "coordinates": [-62.03333299999999, -64.68333299999966]}}, {"type": "Feature", "properties": {"name": "Enterprise Island", "site": "Wilhelmina Bay", "region": "P", "year": 2024, "visit_count": 461, "activity_type": "visitor_site", "duration": "transient"}, "geometry": {"type": "Point", "coordinates": [-62.0, -64.53333299999964]}}, {"type": "Feature", "properties": {"name": "Enterprise Island", "site": "Wilhelmina Bay", "region": "P", "year": 2023, "visit_count": 178, "activity_type": "visitor_site", "duration": "transient"}, "geometry": {"type": "Point", "coordinates": [-62.0, -64.53333299999964]}}, {"type": "Feature", "properties": {"name": "Enterprise Island", "site": "Wilhelmina Bay", "region": "P", "year": 2022, "visit_count": 131, "activity_type": "visitor_site", "duration": "transient"}, "geometry": {"type": "Point", "coordinates": [-62.0, -64.53333299999964]}}, {"type": "Feature", "properties": {"name": "Enterprise Island", "site": "Wilhelmina Bay", "region": "P", "year": 2020, "visit_count": 548, "activity_type": "visitor_site", "duration": "transient"}, "geometry": {"type": "Point", "coordinates": [-62.0, -64.53333299999964]}}, {"type": "Feature", "properties": {"name": "Nansen Island", "site": "Wilhelmina Bay", "region": "P", "year": 2024, "visit_count": 45, "activity_type": "visitor_site", "duration": "transient"}, "geometry": {"type": "Point", "coordinates": [-62.083333, -64.58333299999964]}}, {"type": "Feature", "properties": {"name": "Nansen Island", "site": "Wilhelmina Bay", "region": "P", "year": 2023, "visit_count": 88, "activity_type": "visitor_site", "duration": "transient"}, "geometry": {"type": "Point", "coordinates": [-62.083333, -64.58333299999964]}}, {"type": "Feature", "properties": {"name": "Snow Hill Emperor Rookery", "site": "", "region": "P", "year": 2024, "visit_count": 706, "activity_type": "visitor_site", "duration": "transient"}, "geometry": {"type": "Point", "coordinates": [-57.440000000000005, -64.51999999999964]}}, {"type": "Feature", "properties": {"name": "Snow Hill Emperor Rookery", "site": "", "region": "P", "year": 2023, "visit_count": 597, "activity_type": "visitor_site", "duration": "transient"}, "geometry": {"type": "Point", "coordinates": [-57.440000000000005, -64.51999999999964]}}, {"type": "Feature", "properties": {"name": "Snow Hill Emperor Rookery", "site": "", "region": "P", "year": 2022, "visit_count": 12, "activity_type": "visitor_site", "duration": "transient"}, "geometry": {"type": "Point", "coordinates": [-57.440000000000005, -64.51999999999964]}}, {"type": "Feature", "properties": {"name": "Snow Hill Emperor Rookery", "site": "", "region": "P", "year": 2020, "visit_count": 101, "activity_type": "visitor_site", "duration": "transient"}, "geometry": {"type": "Point", "coordinates": [-57.440000000000005, -64.51999999999964]}}, {"type": "Feature", "properties": {"name": "Nordenskj\u00f6ld's Hut (House)", "site": "", "region": "P", "year": 2024, "visit_count": 719, "activity_type": "visitor_site", "duration": "transient"}, "geometry": {"type": "Point", "coordinates": [-56.983332999999995, -64.36666699999962]}}, {"type": "Feature", "properties": {"name": "Nordenskj\u00f6ld's Hut (House)", "site": "", "region": "P", "year": 2023, "visit_count": 1986, "activity_type": "visitor_site", "duration": "transient"}, "geometry": {"type": "Point", "coordinates": [-56.983332999999995, -64.36666699999962]}}, {"type": "Feature", "properties": {"name": "Nordenskj\u00f6ld's Hut (House)", "site": "", "region": "P", "year": 2022, "visit_count": 722, "activity_type": "visitor_site", "duration": "transient"}, "geometry": {"type": "Point", "coordinates": [-56.983332999999995, -64.36666699999962]}}, {"type": "Feature", "properties": {"name": "Nordenskj\u00f6ld's Hut (House)", "site": "", "region": "P", "year": 2020, "visit_count": 144, "activity_type": "visitor_site", "duration": "transient"}, "geometry": {"type": "Point", "coordinates": [-56.983332999999995, -64.36666699999962]}}, {"type": "Feature", "properties": {"name": "Snow Hill Island", "site": "", "region": "P", "year": 2024, "visit_count": 744, "activity_type": "visitor_site", "duration": "transient"}, "geometry": {"type": "Point", "coordinates": [-57.2, -64.46666699999963]}}, {"type": "Feature", "properties": {"name": "Snow Hill Island", "site": "", "region": "P", "year": 2023, "visit_count": 1147, "activity_type": "visitor_site", "duration": "transient"}, "geometry": {"type": "Point", "coordinates": [-57.2, -64.46666699999963]}}, {"type": "Feature", "properties": {"name": "Snow Hill Island", "site": "", "region": "P", "year": 2022, "visit_count": 327, "activity_type": "visitor_site", "duration": "transient"}, "geometry": {"type": "Point", "coordinates": [-57.2, -64.46666699999963]}}, {"type": "Feature", "properties": {"name": "Steinheil Point", "site": "", "region": "P", "year": 2020, "visit_count": 15, "activity_type": "visitor_site", "duration": "transient"}, "geometry": {"type": "Point", "coordinates": [-62.666667, -64.84999999999968]}}, {"type": "Feature", "properties": {"name": "Rosamel Island", "site": "", "region": "P", "year": 2020, "visit_count": 195, "activity_type": "visitor_site", "duration": "transient"}, "geometry": {"type": "Point", "coordinates": [-56.283333000000006, -63.56666699999952]}}, {"type": "Feature", "properties": {"name": "Hope Bay (not Esperanza)", "site": "Trinity Peninsula", "region": "P", "year": 2024, "visit_count": 173, "activity_type": "visitor_site", "duration": "transient"}, "geometry": {"type": "Point", "coordinates": [-57.0, -63.399999999999494]}}, {"type": "Feature", "properties": {"name": "Hope Bay (not Esperanza)", "site": "Trinity Peninsula", "region": "P", "year": 2023, "visit_count": 153, "activity_type": "visitor_site", "duration": "transient"}, "geometry": {"type": "Point", "coordinates": [-57.0, -63.399999999999494]}}, {"type": "Feature", "properties": {"name": "Hope Bay (not Esperanza)", "site": "Trinity Peninsula", "region": "P", "year": 2022, "visit_count": 138, "activity_type": "visitor_site", "duration": "transient"}, "geometry": {"type": "Point", "coordinates": [-57.0, -63.399999999999494]}}, {"type": "Feature", "properties": {"name": "Hope Bay (not Esperanza)", "site": "Trinity Peninsula", "region": "P", "year": 2020, "visit_count": 4, "activity_type": "visitor_site", "duration": "transient"}, "geometry": {"type": "Point", "coordinates": [-57.0, -63.399999999999494]}}, {"type": "Feature", "properties": {"name": "Astrolabe Island", "site": "", "region": "P", "year": 2024, "visit_count": 1365, "activity_type": "visitor_site", "duration": "transient"}, "geometry": {"type": "Point", "coordinates": [-58.666667000000004, -63.28333299999949]}}, {"type": "Feature", "properties": {"name": "Astrolabe Island", "site": "", "region": "P", "year": 2023, "visit_count": 86, "activity_type": "visitor_site", "duration": "transient"}, "geometry": {"type": "Point", "coordinates": [-58.666667000000004, -63.28333299999949]}}, {"type": "Feature", "properties": {"name": "Astrolabe Island", "site": "", "region": "P", "year": 2022, "visit_count": 123, "activity_type": "visitor_site", "duration": "transient"}, "geometry": {"type": "Point", "coordinates": [-58.666667000000004, -63.28333299999949]}}, {"type": "Feature", "properties": {"name": "Astrolabe Island", "site": "", "region": "P", "year": 2020, "visit_count": 1557, "activity_type": "visitor_site", "duration": "transient"}, "geometry": {"type": "Point", "coordinates": [-58.666667000000004, -63.28333299999949]}}, {"type": "Feature", "properties": {"name": "Hanusse Bay", "site": "", "region": "P", "year": 2024, "visit_count": 1339, "activity_type": "visitor_site", "duration": "transient"}, "geometry": {"type": "Point", "coordinates": [-67.5, -66.94999999999985]}}, {"type": "Feature", "properties": {"name": "Hanusse Bay", "site": "", "region": "P", "year": 2023, "visit_count": 7, "activity_type": "visitor_site", "duration": "transient"}, "geometry": {"type": "Point", "coordinates": [-67.5, -66.94999999999985]}}, {"type": "Feature", "properties": {"name": "Hanusse Bay", "site": "", "region": "P", "year": 2022, "visit_count": 179, "activity_type": "visitor_site", "duration": "transient"}, "geometry": {"type": "Point", "coordinates": [-67.5, -66.94999999999985]}}, {"type": "Feature", "properties": {"name": "Hanusse Bay", "site": "", "region": "P", "year": 2020, "visit_count": 271, "activity_type": "visitor_site", "duration": "transient"}, "geometry": {"type": "Point", "coordinates": [-67.5, -66.94999999999985]}}, {"type": "Feature", "properties": {"name": "Lallemand Fjord", "site": "", "region": "P", "year": 2020, "visit_count": 56, "activity_type": "visitor_site", "duration": "transient"}, "geometry": {"type": "Point", "coordinates": [-66.75, -66.99999999999986]}}, {"type": "Feature", "properties": {"name": "Pourquoi Pas Island", "site": "", "region": "P", "year": 2024, "visit_count": 730, "activity_type": "visitor_site", "duration": "transient"}, "geometry": {"type": "Point", "coordinates": [-67.466667, -67.68333299999989]}}, {"type": "Feature", "properties": {"name": "Pourquoi Pas Island", "site": "", "region": "P", "year": 2023, "visit_count": 619, "activity_type": "visitor_site", "duration": "transient"}, "geometry": {"type": "Point", "coordinates": [-67.466667, -67.68333299999989]}}, {"type": "Feature", "properties": {"name": "Pourquoi Pas Island", "site": "", "region": "P", "year": 2022, "visit_count": 86, "activity_type": "visitor_site", "duration": "transient"}, "geometry": {"type": "Point", "coordinates": [-67.466667, -67.68333299999989]}}, {"type": "Feature", "properties": {"name": "Pourquoi Pas Island", "site": "", "region": "P", "year": 2020, "visit_count": 1141, "activity_type": "visitor_site", "duration": "transient"}, "geometry": {"type": "Point", "coordinates": [-67.466667, -67.68333299999989]}}, {"type": "Feature", "properties": {"name": "Bongrain Point", "site": "", "region": "P", "year": 2024, "visit_count": 1959, "activity_type": "visitor_site", "duration": "transient"}, "geometry": {"type": "Point", "coordinates": [-67.8, -67.71666699999989]}}, {"type": "Feature", "properties": {"name": "Bongrain Point", "site": "", "region": "P", "year": 2023, "visit_count": 2712, "activity_type": "visitor_site", "duration": "transient"}, "geometry": {"type": "Point", "coordinates": [-67.8, -67.71666699999989]}}, {"type": "Feature", "properties": {"name": "Bongrain Point", "site": "", "region": "P", "year": 2022, "visit_count": 434, "activity_type": "visitor_site", "duration": "transient"}, "geometry": {"type": "Point", "coordinates": [-67.8, -67.71666699999989]}}, {"type": "Feature", "properties": {"name": "Bongrain Point", "site": "", "region": "P", "year": 2020, "visit_count": 1036, "activity_type": "visitor_site", "duration": "transient"}, "geometry": {"type": "Point", "coordinates": [-67.8, -67.71666699999989]}}, {"type": "Feature", "properties": {"name": "Lainez Point", "site": "", "region": "P", "year": 2023, "visit_count": 163, "activity_type": "visitor_site", "duration": "transient"}, "geometry": {"type": "Point", "coordinates": [-67.8167, -67.68329999999989]}}, {"type": "Feature", "properties": {"name": "Lemaire Channel", "site": "", "region": "P", "year": 2024, "visit_count": 7, "activity_type": "visitor_site", "duration": "transient"}, "geometry": {"type": "Point", "coordinates": [-63.983333, -65.0833329999997]}}, {"type": "Feature", "properties": {"name": "Lemaire Channel", "site": "", "region": "P", "year": 2023, "visit_count": 272, "activity_type": "visitor_site", "duration": "transient"}, "geometry": {"type": "Point", "coordinates": [-63.983333, -65.0833329999997]}}, {"type": "Feature", "properties": {"name": "Lemaire Channel", "site": "", "region": "P", "year": 2020, "visit_count": 42, "activity_type": "visitor_site", "duration": "transient"}, "geometry": {"type": "Point", "coordinates": [-63.983333, -65.0833329999997]}}, {"type": "Feature", "properties": {"name": "Charcot Bay", "site": "", "region": "P", "year": 2024, "visit_count": 6, "activity_type": "visitor_site", "duration": "transient"}, "geometry": {"type": "Point", "coordinates": [-59.5833, -63.79999999999954]}}, {"type": "Feature", "properties": {"name": "Charcot Bay", "site": "", "region": "P", "year": 2023, "visit_count": 12, "activity_type": "visitor_site", "duration": "transient"}, "geometry": {"type": "Point", "coordinates": [-59.5833, -63.79999999999954]}}, {"type": "Feature", "properties": {"name": "Hidden Bay", "site": "", "region": "P", "year": 2023, "visit_count": 8, "activity_type": "visitor_site", "duration": "transient"}, "geometry": {"type": "Point", "coordinates": [-63.766667000000005, -65.0333329999997]}}, {"type": "Feature", "properties": {"name": "Hidden Bay", "site": "", "region": "P", "year": 2020, "visit_count": 116, "activity_type": "visitor_site", "duration": "transient"}, "geometry": {"type": "Point", "coordinates": [-63.766667000000005, -65.0333329999997]}}, {"type": "Feature", "properties": {"name": "Curtiss Bay", "site": "", "region": "P", "year": 2024, "visit_count": 102, "activity_type": "visitor_site", "duration": "transient"}, "geometry": {"type": "Point", "coordinates": [-60.783333, -64.03333299999957]}}, {"type": "Feature", "properties": {"name": "Curtiss Bay", "site": "", "region": "P", "year": 2020, "visit_count": 178, "activity_type": "visitor_site", "duration": "transient"}, "geometry": {"type": "Point", "coordinates": [-60.783333, -64.03333299999957]}}, {"type": "Feature", "properties": {"name": "Cape Perez", "site": "", "region": "P", "year": 2024, "visit_count": 156, "activity_type": "visitor_site", "duration": "transient"}, "geometry": {"type": "Point", "coordinates": [-64.1, -65.39999999999974]}}, {"type": "Feature", "properties": {"name": "Paradise Harbour (Bay)", "site": "", "region": "P", "year": 2024, "visit_count": 1483, "activity_type": "visitor_site", "duration": "transient"}, "geometry": {"type": "Point", "coordinates": [-62.900000000000006, -64.84999999999968]}}, {"type": "Feature", "properties": {"name": "Paradise Harbour (Bay)", "site": "", "region": "P", "year": 2023, "visit_count": 1373, "activity_type": "visitor_site", "duration": "transient"}, "geometry": {"type": "Point", "coordinates": [-62.900000000000006, -64.84999999999968]}}, {"type": "Feature", "properties": {"name": "Paradise Harbour (Bay)", "site": "", "region": "P", "year": 2022, "visit_count": 2341, "activity_type": "visitor_site", "duration": "transient"}, "geometry": {"type": "Point", "coordinates": [-62.900000000000006, -64.84999999999968]}}, {"type": "Feature", "properties": {"name": "Paradise Harbour (Bay)", "site": "", "region": "P", "year": 2020, "visit_count": 2910, "activity_type": "visitor_site", "duration": "transient"}, "geometry": {"type": "Point", "coordinates": [-62.900000000000006, -64.84999999999968]}}, {"type": "Feature", "properties": {"name": "Erebus and Terror Gulf", "site": "", "region": "P", "year": 2024, "visit_count": 249, "activity_type": "visitor_site", "duration": "transient"}, "geometry": {"type": "Point", "coordinates": [-56.25, -63.749999999999545]}}, {"type": "Feature", "properties": {"name": "Erebus and Terror Gulf", "site": "", "region": "P", "year": 2020, "visit_count": 170, "activity_type": "visitor_site", "duration": "transient"}, "geometry": {"type": "Point", "coordinates": [-56.25, -63.749999999999545]}}, {"type": "Feature", "properties": {"name": "Mount Shackleton", "site": "", "region": "P", "year": 2020, "visit_count": 2, "activity_type": "visitor_site", "duration": "transient"}, "geometry": {"type": "Point", "coordinates": [-63.933333000000005, -65.1999999999997]}}, {"type": "Feature", "properties": {"name": "Red Rock Ridge", "site": "", "region": "P", "year": 2024, "visit_count": 1790, "activity_type": "visitor_site", "duration": "transient"}, "geometry": {"type": "Point", "coordinates": [-67.133333, -68.2999999999999]}}, {"type": "Feature", "properties": {"name": "Red Rock Ridge", "site": "", "region": "P", "year": 2023, "visit_count": 1671, "activity_type": "visitor_site", "duration": "transient"}, "geometry": {"type": "Point", "coordinates": [-67.133333, -68.2999999999999]}}, {"type": "Feature", "properties": {"name": "Red Rock Ridge", "site": "", "region": "P", "year": 2022, "visit_count": 349, "activity_type": "visitor_site", "duration": "transient"}, "geometry": {"type": "Point", "coordinates": [-67.133333, -68.2999999999999]}}, {"type": "Feature", "properties": {"name": "Red Rock Ridge", "site": "", "region": "P", "year": 2020, "visit_count": 943, "activity_type": "visitor_site", "duration": "transient"}, "geometry": {"type": "Point", "coordinates": [-67.133333, -68.2999999999999]}}, {"type": "Feature", "properties": {"name": "Bourgeois Fjord", "site": "", "region": "P", "year": 2023, "visit_count": 198, "activity_type": "visitor_site", "duration": "transient"}, "geometry": {"type": "Point", "coordinates": [-67.083333, -67.66666699999988]}}, {"type": "Feature", "properties": {"name": "Wilhelmina Bay", "site": "", "region": "P", "year": 2022, "visit_count": 1032, "activity_type": "visitor_site", "duration": "transient"}, "geometry": {"type": "Point", "coordinates": [-62.166667000000004, -64.63333299999965]}}, {"type": "Feature", "properties": {"name": "Wilhelmina Bay", "site": "", "region": "P", "year": 2020, "visit_count": 166, "activity_type": "visitor_site", "duration": "transient"}, "geometry": {"type": "Point", "coordinates": [-62.166667000000004, -64.63333299999965]}}, {"type": "Feature", "properties": {"name": "Charlotte Bay", "site": "", "region": "P", "year": 2024, "visit_count": 43, "activity_type": "visitor_site", "duration": "transient"}, "geometry": {"type": "Point", "coordinates": [-61.64999999999999, -64.54999999999963]}}, {"type": "Feature", "properties": {"name": "Charlotte Bay", "site": "", "region": "P", "year": 2023, "visit_count": 16, "activity_type": "visitor_site", "duration": "transient"}, "geometry": {"type": "Point", "coordinates": [-61.64999999999999, -64.54999999999963]}}, {"type": "Feature", "properties": {"name": "Charlotte Bay", "site": "", "region": "P", "year": 2020, "visit_count": 96, "activity_type": "visitor_site", "duration": "transient"}, "geometry": {"type": "Point", "coordinates": [-61.64999999999999, -64.54999999999963]}}, {"type": "Feature", "properties": {"name": "Recess Cove", "site": "", "region": "P", "year": 2024, "visit_count": 1202, "activity_type": "visitor_site", "duration": "transient"}, "geometry": {"type": "Point", "coordinates": [-61.533333, -64.49999999999963]}}, {"type": "Feature", "properties": {"name": "Recess Cove", "site": "", "region": "P", "year": 2023, "visit_count": 441, "activity_type": "visitor_site", "duration": "transient"}, "geometry": {"type": "Point", "coordinates": [-61.533333, -64.49999999999963]}}, {"type": "Feature", "properties": {"name": "Recess Cove", "site": "", "region": "P", "year": 2022, "visit_count": 132, "activity_type": "visitor_site", "duration": "transient"}, "geometry": {"type": "Point", "coordinates": [-61.533333, -64.49999999999963]}}, {"type": "Feature", "properties": {"name": "Recess Cove", "site": "", "region": "P", "year": 2020, "visit_count": 119, "activity_type": "visitor_site", "duration": "transient"}, "geometry": {"type": "Point", "coordinates": [-61.533333, -64.49999999999963]}}, {"type": "Feature", "properties": {"name": "Eckener Point", "site": "", "region": "P", "year": 2024, "visit_count": 302, "activity_type": "visitor_site", "duration": "transient"}, "geometry": {"type": "Point", "coordinates": [-61.616667, -64.41666699999963]}}, {"type": "Feature", "properties": {"name": "Eckener Point", "site": "", "region": "P", "year": 2023, "visit_count": 118, "activity_type": "visitor_site", "duration": "transient"}, "geometry": {"type": "Point", "coordinates": [-61.616667, -64.41666699999963]}}, {"type": "Feature", "properties": {"name": "Eckener Point", "site": "", "region": "P", "year": 2020, "visit_count": 113, "activity_type": "visitor_site", "duration": "transient"}, "geometry": {"type": "Point", "coordinates": [-61.616667, -64.41666699999963]}}, {"type": "Feature", "properties": {"name": "Berthelot Islands", "site": "", "region": "P", "year": 2024, "visit_count": 239, "activity_type": "visitor_site", "duration": "transient"}, "geometry": {"type": "Point", "coordinates": [-64.15, -65.33333299999971]}}, {"type": "Feature", "properties": {"name": "Berthelot Islands", "site": "", "region": "P", "year": 2023, "visit_count": 66, "activity_type": "visitor_site", "duration": "transient"}, "geometry": {"type": "Point", "coordinates": [-64.15, -65.33333299999971]}}, {"type": "Feature", "properties": {"name": "Berthelot Islands", "site": "", "region": "P", "year": 2020, "visit_count": 194, "activity_type": "visitor_site", "duration": "transient"}, "geometry": {"type": "Point", "coordinates": [-64.15, -65.33333299999971]}}, {"type": "Feature", "properties": {"name": "Petrel Cove", "site": "", "region": "P", "year": 2020, "visit_count": 115, "activity_type": "visitor_site", "duration": "transient"}, "geometry": {"type": "Point", "coordinates": [-56.216667, -63.466666999999504]}}, {"type": "Feature", "properties": {"name": "Danco Island", "site": "", "region": "P", "year": 2024, "visit_count": 18254, "activity_type": "visitor_site", "duration": "transient"}, "geometry": {"type": "Point", "coordinates": [-62.6, -64.73333299999966]}}, {"type": "Feature", "properties": {"name": "Danco Island", "site": "", "region": "P", "year": 2023, "visit_count": 16381, "activity_type": "visitor_site", "duration": "transient"}, "geometry": {"type": "Point", "coordinates": [-62.6, -64.73333299999966]}}, {"type": "Feature", "properties": {"name": "Danco Island", "site": "", "region": "P", "year": 2022, "visit_count": 6669, "activity_type": "visitor_site", "duration": "transient"}, "geometry": {"type": "Point", "coordinates": [-62.6, -64.73333299999966]}}, {"type": "Feature", "properties": {"name": "Danco Island", "site": "", "region": "P", "year": 2020, "visit_count": 15861, "activity_type": "visitor_site", "duration": "transient"}, "geometry": {"type": "Point", "coordinates": [-62.6, -64.73333299999966]}}, {"type": "Feature", "properties": {"name": "Cuverville Island", "site": "", "region": "P", "year": 2024, "visit_count": 19673, "activity_type": "visitor_site", "duration": "transient"}, "geometry": {"type": "Point", "coordinates": [-62.63333299999999, -64.68333299999966]}}, {"type": "Feature", "properties": {"name": "Cuverville Island", "site": "", "region": "P", "year": 2023, "visit_count": 20540, "activity_type": "visitor_site", "duration": "transient"}, "geometry": {"type": "Point", "coordinates": [-62.63333299999999, -64.68333299999966]}}, {"type": "Feature", "properties": {"name": "Cuverville Island", "site": "", "region": "P", "year": 2022, "visit_count": 8511, "activity_type": "visitor_site", "duration": "transient"}, "geometry": {"type": "Point", "coordinates": [-62.63333299999999, -64.68333299999966]}}, {"type": "Feature", "properties": {"name": "Cuverville Island", "site": "", "region": "P", "year": 2020, "visit_count": 17457, "activity_type": "visitor_site", "duration": "transient"}, "geometry": {"type": "Point", "coordinates": [-62.63333299999999, -64.68333299999966]}}, {"type": "Feature", "properties": {"name": "Useful Island", "site": "", "region": "P", "year": 2024, "visit_count": 3252, "activity_type": "visitor_site", "duration": "transient"}, "geometry": {"type": "Point", "coordinates": [-62.866667, -64.71666699999966]}}, {"type": "Feature", "properties": {"name": "Useful Island", "site": "", "region": "P", "year": 2023, "visit_count": 2712, "activity_type": "visitor_site", "duration": "transient"}, "geometry": {"type": "Point", "coordinates": [-62.866667, -64.71666699999966]}}, {"type": "Feature", "properties": {"name": "Useful Island", "site": "", "region": "P", "year": 2022, "visit_count": 744, "activity_type": "visitor_site", "duration": "transient"}, "geometry": {"type": "Point", "coordinates": [-62.866667, -64.71666699999966]}}, {"type": "Feature", "properties": {"name": "Useful Island", "site": "", "region": "P", "year": 2020, "visit_count": 3259, "activity_type": "visitor_site", "duration": "transient"}, "geometry": {"type": "Point", "coordinates": [-62.866667, -64.71666699999966]}}, {"type": "Feature", "properties": {"name": "Gourdin Island", "site": "", "region": "P", "year": 2024, "visit_count": 567, "activity_type": "visitor_site", "duration": "transient"}, "geometry": {"type": "Point", "coordinates": [-57.3, -63.199999999999456]}}, {"type": "Feature", "properties": {"name": "Gourdin Island", "site": "", "region": "P", "year": 2023, "visit_count": 315, "activity_type": "visitor_site", "duration": "transient"}, "geometry": {"type": "Point", "coordinates": [-57.3, -63.199999999999456]}}, {"type": "Feature", "properties": {"name": "Gourdin Island", "site": "", "region": "P", "year": 2022, "visit_count": 537, "activity_type": "visitor_site", "duration": "transient"}, "geometry": {"type": "Point", "coordinates": [-57.3, -63.199999999999456]}}, {"type": "Feature", "properties": {"name": "Gourdin Island", "site": "", "region": "P", "year": 2020, "visit_count": 887, "activity_type": "visitor_site", "duration": "transient"}, "geometry": {"type": "Point", "coordinates": [-57.3, -63.199999999999456]}}, {"type": "Feature", "properties": {"name": "Duchaylard Island", "site": "", "region": "P", "year": 2020, "visit_count": 3, "activity_type": "visitor_site", "duration": "transient"}, "geometry": {"type": "Point", "coordinates": [-65.133333, -65.71666699999976]}}, {"type": "Feature", "properties": {"name": "Beascochea Bay", "site": "", "region": "P", "year": 2022, "visit_count": 21, "activity_type": "visitor_site", "duration": "transient"}, "geometry": {"type": "Point", "coordinates": [-64.0, -65.49999999999973]}}, {"type": "Feature", "properties": {"name": "Liard Island", "site": "", "region": "P", "year": 2024, "visit_count": 514, "activity_type": "visitor_site", "duration": "transient"}, "geometry": {"type": "Point", "coordinates": [-67.4, -66.83333299999984]}}, {"type": "Feature", "properties": {"name": "Herbert Sound", "site": "", "region": "P", "year": 2023, "visit_count": 116, "activity_type": "visitor_site", "duration": "transient"}, "geometry": {"type": "Point", "coordinates": [-57.65, -63.899999999999565]}}, {"type": "Feature", "properties": {"name": "Herbert Sound", "site": "", "region": "P", "year": 2022, "visit_count": 113, "activity_type": "visitor_site", "duration": "transient"}, "geometry": {"type": "Point", "coordinates": [-57.65, -63.899999999999565]}}, {"type": "Feature", "properties": {"name": "Screen Islands", "site": "", "region": "P", "year": 2024, "visit_count": 6, "activity_type": "visitor_site", "duration": "transient"}, "geometry": {"type": "Point", "coordinates": [-63.71666700000001, -65.0166669999997]}}, {"type": "Feature", "properties": {"name": "Cape Kinnes", "site": "", "region": "P", "year": 2022, "visit_count": 61, "activity_type": "visitor_site", "duration": "transient"}, "geometry": {"type": "Point", "coordinates": [-56.55, -63.3666999999995]}}, {"type": "Feature", "properties": {"name": "Tay Head", "site": "Firth of Tay", "region": "P", "year": 2024, "visit_count": 1033, "activity_type": "visitor_site", "duration": "transient"}, "geometry": {"type": "Point", "coordinates": [-55.55, -63.34999999999948]}}, {"type": "Feature", "properties": {"name": "Tay Head", "site": "Firth of Tay", "region": "P", "year": 2023, "visit_count": 1295, "activity_type": "visitor_site", "duration": "transient"}, "geometry": {"type": "Point", "coordinates": [-55.55, -63.34999999999948]}}, {"type": "Feature", "properties": {"name": "Tay Head", "site": "Firth of Tay", "region": "P", "year": 2022, "visit_count": 135, "activity_type": "visitor_site", "duration": "transient"}, "geometry": {"type": "Point", "coordinates": [-55.55, -63.34999999999948]}}, {"type": "Feature", "properties": {"name": "Detaille Island", "site": "", "region": "P", "year": 2024, "visit_count": 5202, "activity_type": "visitor_site", "duration": "transient"}, "geometry": {"type": "Point", "coordinates": [-66.8, -66.86666699999984]}}, {"type": "Feature", "properties": {"name": "Detaille Island", "site": "", "region": "P", "year": 2023, "visit_count": 2512, "activity_type": "visitor_site", "duration": "transient"}, "geometry": {"type": "Point", "coordinates": [-66.8, -66.86666699999984]}}, {"type": "Feature", "properties": {"name": "Detaille Island", "site": "", "region": "P", "year": 2022, "visit_count": 40, "activity_type": "visitor_site", "duration": "transient"}, "geometry": {"type": "Point", "coordinates": [-66.8, -66.86666699999984]}}, {"type": "Feature", "properties": {"name": "Detaille Island", "site": "", "region": "P", "year": 2020, "visit_count": 2074, "activity_type": "visitor_site", "duration": "transient"}, "geometry": {"type": "Point", "coordinates": [-66.8, -66.86666699999984]}}, {"type": "Feature", "properties": {"name": "Holdfast Point", "site": "", "region": "P", "year": 2024, "visit_count": 345, "activity_type": "visitor_site", "duration": "transient"}, "geometry": {"type": "Point", "coordinates": [-66.6, -66.79999999999983]}}, {"type": "Feature", "properties": {"name": "Holdfast Point", "site": "", "region": "P", "year": 2020, "visit_count": 118, "activity_type": "visitor_site", "duration": "transient"}, "geometry": {"type": "Point", "coordinates": [-66.6, -66.79999999999983]}}, {"type": "Feature", "properties": {"name": "Duseberg Buttress", "site": "", "region": "P", "year": 2024, "visit_count": 6, "activity_type": "visitor_site", "duration": "transient"}, "geometry": {"type": "Point", "coordinates": [-64.1, -65.16666699999972]}}, {"type": "Feature", "properties": {"name": "Duseberg Buttress", "site": "", "region": "P", "year": 2020, "visit_count": 3, "activity_type": "visitor_site", "duration": "transient"}, "geometry": {"type": "Point", "coordinates": [-64.1, -65.16666699999972]}}, {"type": "Feature", "properties": {"name": "Murray Harbor", "site": "", "region": "P", "year": 2024, "visit_count": 17, "activity_type": "visitor_site", "duration": "transient"}, "geometry": {"type": "Point", "coordinates": [-61.58333300000001, -64.34999999999961]}}, {"type": "Feature", "properties": {"name": "Centurion Glacier", "site": "", "region": "P", "year": 2023, "visit_count": 141, "activity_type": "visitor_site", "duration": "transient"}, "geometry": {"type": "Point", "coordinates": [-66.9167, -68.1999999999999]}}, {"type": "Feature", "properties": {"name": "Roman Four Promontory", "site": "", "region": "P", "year": 2023, "visit_count": 334, "activity_type": "visitor_site", "duration": "transient"}, "geometry": {"type": "Point", "coordinates": [-66.933333, -68.2166669999999]}}, {"type": "Feature", "properties": {"name": "Waddington Bay", "site": "", "region": "P", "year": 2024, "visit_count": 8, "activity_type": "visitor_site", "duration": "transient"}, "geometry": {"type": "Point", "coordinates": [-64.083333, -65.26666699999971]}}, {"type": "Feature", "properties": {"name": "Waddington Bay", "site": "", "region": "P", "year": 2020, "visit_count": 3, "activity_type": "visitor_site", "duration": "transient"}, "geometry": {"type": "Point", "coordinates": [-64.083333, -65.26666699999971]}}, {"type": "Feature", "properties": {"name": "Skontorp Cove", "site": "", "region": "P", "year": 2024, "visit_count": 136, "activity_type": "visitor_site", "duration": "transient"}, "geometry": {"type": "Point", "coordinates": [-62.849999999999994, -64.8999999999997]}}, {"type": "Feature", "properties": {"name": "Skontorp Cove", "site": "", "region": "P", "year": 2023, "visit_count": 302, "activity_type": "visitor_site", "duration": "transient"}, "geometry": {"type": "Point", "coordinates": [-62.849999999999994, -64.8999999999997]}}, {"type": "Feature", "properties": {"name": "Skontorp Cove", "site": "", "region": "P", "year": 2022, "visit_count": 675, "activity_type": "visitor_site", "duration": "transient"}, "geometry": {"type": "Point", "coordinates": [-62.849999999999994, -64.8999999999997]}}, {"type": "Feature", "properties": {"name": "Skontorp Cove", "site": "", "region": "P", "year": 2020, "visit_count": 526, "activity_type": "visitor_site", "duration": "transient"}, "geometry": {"type": "Point", "coordinates": [-62.849999999999994, -64.8999999999997]}}, {"type": "Feature", "properties": {"name": "Almirante Brown Station", "site": "", "region": "P", "year": 2024, "visit_count": 8393, "activity_type": "visitor_site", "duration": "transient"}, "geometry": {"type": "Point", "coordinates": [-62.870452, -64.89536999999967]}}, {"type": "Feature", "properties": {"name": "Almirante Brown Station", "site": "", "region": "P", "year": 2023, "visit_count": 7915, "activity_type": "visitor_site", "duration": "transient"}, "geometry": {"type": "Point", "coordinates": [-62.870452, -64.89536999999967]}}, {"type": "Feature", "properties": {"name": "Almirante Brown Station", "site": "", "region": "P", "year": 2022, "visit_count": 3697, "activity_type": "visitor_site", "duration": "transient"}, "geometry": {"type": "Point", "coordinates": [-62.870452, -64.89536999999967]}}, {"type": "Feature", "properties": {"name": "Almirante Brown Station", "site": "", "region": "P", "year": 2020, "visit_count": 9938, "activity_type": "visitor_site", "duration": "transient"}, "geometry": {"type": "Point", "coordinates": [-62.870452, -64.89536999999967]}}, {"type": "Feature", "properties": {"name": "Vortex Island", "site": "", "region": "P", "year": 2024, "visit_count": 421, "activity_type": "visitor_site", "duration": "transient"}, "geometry": {"type": "Point", "coordinates": [-57.633333, -63.73333299999955]}}, {"type": "Feature", "properties": {"name": "Vortex Island", "site": "", "region": "P", "year": 2022, "visit_count": 134, "activity_type": "visitor_site", "duration": "transient"}, "geometry": {"type": "Point", "coordinates": [-57.633333, -63.73333299999955]}}, {"type": "Feature", "properties": {"name": "Vortex Island", "site": "", "region": "P", "year": 2020, "visit_count": 184, "activity_type": "visitor_site", "duration": "transient"}, "geometry": {"type": "Point", "coordinates": [-57.633333, -63.73333299999955]}}, {"type": "Feature", "properties": {"name": "Portal Point", "site": "", "region": "P", "year": 2024, "visit_count": 22311, "activity_type": "visitor_site", "duration": "transient"}, "geometry": {"type": "Point", "coordinates": [-61.766667, -64.49999999999963]}}, {"type": "Feature", "properties": {"name": "Portal Point", "site": "", "region": "P", "year": 2023, "visit_count": 15851, "activity_type": "visitor_site", "duration": "transient"}, "geometry": {"type": "Point", "coordinates": [-61.766667, -64.49999999999963]}}, {"type": "Feature", "properties": {"name": "Portal Point", "site": "", "region": "P", "year": 2022, "visit_count": 4845, "activity_type": "visitor_site", "duration": "transient"}, "geometry": {"type": "Point", "coordinates": [-61.766667, -64.49999999999963]}}, {"type": "Feature", "properties": {"name": "Portal Point", "site": "", "region": "P", "year": 2020, "visit_count": 12531, "activity_type": "visitor_site", "duration": "transient"}, "geometry": {"type": "Point", "coordinates": [-61.766667, -64.49999999999963]}}, {"type": "Feature", "properties": {"name": "Penguin Point", "site": "", "region": "P", "year": 2024, "visit_count": 39, "activity_type": "visitor_site", "duration": "transient"}, "geometry": {"type": "Point", "coordinates": [-56.716667, -64.31666699999961]}}, {"type": "Feature", "properties": {"name": "Penguin Point", "site": "", "region": "P", "year": 2022, "visit_count": 38, "activity_type": "visitor_site", "duration": "transient"}, "geometry": {"type": "Point", "coordinates": [-56.716667, -64.31666699999961]}}, {"type": "Feature", "properties": {"name": "Seymour Island", "site": "", "region": "P", "year": 2024, "visit_count": 331, "activity_type": "visitor_site", "duration": "transient"}, "geometry": {"type": "Point", "coordinates": [-56.75, -64.28333299999962]}}, {"type": "Feature", "properties": {"name": "Prospect Point", "site": "", "region": "P", "year": 2024, "visit_count": 2786, "activity_type": "visitor_site", "duration": "transient"}, "geometry": {"type": "Point", "coordinates": [-65.35, -66.01666699999979]}}, {"type": "Feature", "properties": {"name": "Prospect Point", "site": "", "region": "P", "year": 2023, "visit_count": 1137, "activity_type": "visitor_site", "duration": "transient"}, "geometry": {"type": "Point", "coordinates": [-65.35, -66.01666699999979]}}, {"type": "Feature", "properties": {"name": "Prospect Point", "site": "", "region": "P", "year": 2022, "visit_count": 389, "activity_type": "visitor_site", "duration": "transient"}, "geometry": {"type": "Point", "coordinates": [-65.35, -66.01666699999979]}}, {"type": "Feature", "properties": {"name": "Prospect Point", "site": "", "region": "P", "year": 2020, "visit_count": 871, "activity_type": "visitor_site", "duration": "transient"}, "geometry": {"type": "Point", "coordinates": [-65.35, -66.01666699999979]}}, {"type": "Feature", "properties": {"name": "Dundee Island", "site": "", "region": "P", "year": 2020, "visit_count": 141, "activity_type": "visitor_site", "duration": "transient"}, "geometry": {"type": "Point", "coordinates": [-55.916667000000004, -63.49999999999951]}}, {"type": "Feature", "properties": {"name": "Orne Harbor", "site": "", "region": "P", "year": 2024, "visit_count": 16056, "activity_type": "visitor_site", "duration": "transient"}, "geometry": {"type": "Point", "coordinates": [-62.533333, -64.61666699999965]}}, {"type": "Feature", "properties": {"name": "Orne Harbor", "site": "", "region": "P", "year": 2023, "visit_count": 10277, "activity_type": "visitor_site", "duration": "transient"}, "geometry": {"type": "Point", "coordinates": [-62.533333, -64.61666699999965]}}, {"type": "Feature", "properties": {"name": "Orne Harbor", "site": "", "region": "P", "year": 2022, "visit_count": 2407, "activity_type": "visitor_site", "duration": "transient"}, "geometry": {"type": "Point", "coordinates": [-62.533333, -64.61666699999965]}}, {"type": "Feature", "properties": {"name": "Orne Harbor", "site": "", "region": "P", "year": 2020, "visit_count": 8763, "activity_type": "visitor_site", "duration": "transient"}, "geometry": {"type": "Point", "coordinates": [-62.533333, -64.61666699999965]}}, {"type": "Feature", "properties": {"name": "Horseshoe Island", "site": "", "region": "P", "year": 2024, "visit_count": 3463, "activity_type": "visitor_site", "duration": "transient"}, "geometry": {"type": "Point", "coordinates": [-67.2, -67.84999999999988]}}, {"type": "Feature", "properties": {"name": "Horseshoe Island", "site": "", "region": "P", "year": 2023, "visit_count": 4225, "activity_type": "visitor_site", "duration": "transient"}, "geometry": {"type": "Point", "coordinates": [-67.2, -67.84999999999988]}}, {"type": "Feature", "properties": {"name": "Horseshoe Island", "site": "", "region": "P", "year": 2022, "visit_count": 606, "activity_type": "visitor_site", "duration": "transient"}, "geometry": {"type": "Point", "coordinates": [-67.2, -67.84999999999988]}}, {"type": "Feature", "properties": {"name": "Horseshoe Island", "site": "", "region": "P", "year": 2020, "visit_count": 1489, "activity_type": "visitor_site", "duration": "transient"}, "geometry": {"type": "Point", "coordinates": [-67.2, -67.84999999999988]}}, {"type": "Feature", "properties": {"name": "Cape Green", "site": "", "region": "P", "year": 2022, "visit_count": 133, "activity_type": "visitor_site", "duration": "transient"}, "geometry": {"type": "Point", "coordinates": [-56.833333, -63.66666699999953]}}, {"type": "Feature", "properties": {"name": "Cape Green", "site": "", "region": "P", "year": 2020, "visit_count": 27, "activity_type": "visitor_site", "duration": "transient"}, "geometry": {"type": "Point", "coordinates": [-56.833333, -63.66666699999953]}}, {"type": "Feature", "properties": {"name": "Fridtjof Sound", "site": "", "region": "P", "year": 2020, "visit_count": 113, "activity_type": "visitor_site", "duration": "transient"}, "geometry": {"type": "Point", "coordinates": [-56.75, -63.58333299999952]}}, {"type": "Feature", "properties": {"name": "Trinity Peninsula", "site": "", "region": "P", "year": 2023, "visit_count": 128, "activity_type": "visitor_site", "duration": "transient"}, "geometry": {"type": "Point", "coordinates": [-58.33333300000001, -63.61666699999953]}}, {"type": "Feature", "properties": {"name": "Cape Tuxen", "site": "", "region": "P", "year": 2024, "visit_count": 594, "activity_type": "visitor_site", "duration": "transient"}, "geometry": {"type": "Point", "coordinates": [-64.133333, -65.26666699999971]}}, {"type": "Feature", "properties": {"name": "Cape Tuxen", "site": "", "region": "P", "year": 2023, "visit_count": 104, "activity_type": "visitor_site", "duration": "transient"}, "geometry": {"type": "Point", "coordinates": [-64.133333, -65.26666699999971]}}, {"type": "Feature", "properties": {"name": "Mount Demaria", "site": "", "region": "P", "year": 2024, "visit_count": 6, "activity_type": "visitor_site", "duration": "transient"}, "geometry": {"type": "Point", "coordinates": [-65.283333, -64.09999999999958]}}, {"type": "Feature", "properties": {"name": "Lahille Island", "site": "", "region": "P", "year": 2020, "visit_count": 1, "activity_type": "visitor_site", "duration": "transient"}, "geometry": {"type": "Point", "coordinates": [-64.366667, -65.53333299999974]}}, {"type": "Feature", "properties": {"name": "Weddell Sea", "site": "", "region": "P", "year": 2024, "visit_count": 382, "activity_type": "visitor_site", "duration": "transient"}, "geometry": {"type": "Point", "coordinates": [-45.0, -71.99999999999999]}}, {"type": "Feature", "properties": {"name": "Weddell Sea", "site": "", "region": "P", "year": 2023, "visit_count": 291, "activity_type": "visitor_site", "duration": "transient"}, "geometry": {"type": "Point", "coordinates": [-45.0, -71.99999999999999]}}, {"type": "Feature", "properties": {"name": "Weddell Sea", "site": "", "region": "P", "year": 2022, "visit_count": 484, "activity_type": "visitor_site", "duration": "transient"}, "geometry": {"type": "Point", "coordinates": [-45.0, -71.99999999999999]}}, {"type": "Feature", "properties": {"name": "Weddell Sea", "site": "", "region": "P", "year": 2020, "visit_count": 1724, "activity_type": "visitor_site", "duration": "transient"}, "geometry": {"type": "Point", "coordinates": [-45.0, -71.99999999999999]}}, {"type": "Feature", "properties": {"name": "Larsen Ice Shelf", "site": "Larsen Ice Shelf", "region": "P", "year": 2024, "visit_count": 156, "activity_type": "visitor_site", "duration": "transient"}, "geometry": {"type": "Point", "coordinates": [-60.63333300000001, -66.63333299999981]}}, {"type": "Feature", "properties": {"name": "Larsen Ice Shelf", "site": "Larsen Ice Shelf", "region": "P", "year": 2023, "visit_count": 230, "activity_type": "visitor_site", "duration": "transient"}, "geometry": {"type": "Point", "coordinates": [-60.63333300000001, -66.63333299999981]}}, {"type": "Feature", "properties": {"name": "Larsen Ice Shelf", "site": "Larsen Ice Shelf", "region": "P", "year": 2022, "visit_count": 2, "activity_type": "visitor_site", "duration": "transient"}, "geometry": {"type": "Point", "coordinates": [-60.63333300000001, -66.63333299999981]}}, {"type": "Feature", "properties": {"name": "Jan-22", "site": "", "region": "P", "year": 2022, "visit_count": 73, "activity_type": "visitor_site", "duration": "transient"}, "geometry": {"type": "Point", "coordinates": [-61.216666999999994, -65.49999999999973]}}, {"type": "Feature", "properties": {"name": "Charcot Island", "site": "Bellingshausen Sea", "region": "P", "year": 2024, "visit_count": 138, "activity_type": "visitor_site", "duration": "transient"}, "geometry": {"type": "Point", "coordinates": [-75.4167, -69.94999999999995]}}, {"type": "Feature", "properties": {"name": "Charcot Island", "site": "Bellingshausen Sea", "region": "P", "year": 2023, "visit_count": 479, "activity_type": "visitor_site", "duration": "transient"}, "geometry": {"type": "Point", "coordinates": [-75.4167, -69.94999999999995]}}, {"type": "Feature", "properties": {"name": "Charcot Island", "site": "Bellingshausen Sea", "region": "P", "year": 2022, "visit_count": 172, "activity_type": "visitor_site", "duration": "transient"}, "geometry": {"type": "Point", "coordinates": [-75.4167, -69.94999999999995]}}, {"type": "Feature", "properties": {"name": "George VI Sound", "site": "", "region": "P", "year": 2024, "visit_count": 733, "activity_type": "visitor_site", "duration": "transient"}, "geometry": {"type": "Point", "coordinates": [-68.0, -70.99999999999996]}}, {"type": "Feature", "properties": {"name": "George VI Sound", "site": "", "region": "P", "year": 2023, "visit_count": 173, "activity_type": "visitor_site", "duration": "transient"}, "geometry": {"type": "Point", "coordinates": [-68.0, -70.99999999999996]}}, {"type": "Feature", "properties": {"name": "Cape Burks", "site": "Ruppert Coast", "region": "C", "year": 2024, "visit_count": 112, "activity_type": "visitor_site", "duration": "transient"}, "geometry": {"type": "Point", "coordinates": [-136.8333, -74.75]}}, {"type": "Feature", "properties": {"name": "Cape Lamb", "site": "Vega Island", "region": "P", "year": 2024, "visit_count": 12, "activity_type": "visitor_site", "duration": "transient"}, "geometry": {"type": "Point", "coordinates": [-57.620799999999996, -63.90939999999956]}}, {"type": "Feature", "properties": {"name": "Cape Willems", "site": "Danco Coast", "region": "P", "year": 2024, "visit_count": 6, "activity_type": "visitor_site", "duration": "transient"}, "geometry": {"type": "Point", "coordinates": [-63.2667, -64.94999999999969]}}, {"type": "Feature", "properties": {"name": "Edmonson Point", "site": "", "region": "C", "year": 2024, "visit_count": 108, "activity_type": "visitor_site", "duration": "transient"}, "geometry": {"type": "Point", "coordinates": [165.1333, -74.33329999999998]}}, {"type": "Feature", "properties": {"name": "Guest Peninsula", "site": "", "region": "C", "year": 2024, "visit_count": 104, "activity_type": "visitor_site", "duration": "transient"}, "geometry": {"type": "Point", "coordinates": [-148.0, -76.3]}}, {"type": "Feature", "properties": {"name": "Lecointe Island", "site": "Palmer Archipelago", "region": "P", "year": 2024, "visit_count": 106, "activity_type": "visitor_site", "duration": "transient"}, "geometry": {"type": "Point", "coordinates": [-62.05, -64.2666999999996]}}, {"type": "Feature", "properties": {"name": "Neny Bay", "site": "Marguerite Bay", "region": "P", "year": 2024, "visit_count": 9, "activity_type": "visitor_site", "duration": "transient"}, "geometry": {"type": "Point", "coordinates": [-66.9667, -68.1999999999999]}}, {"type": "Feature", "properties": {"name": "Orford Cliff", "site": "", "region": "P", "year": 2024, "visit_count": 160, "activity_type": "visitor_site", "duration": "transient"}, "geometry": {"type": "Point", "coordinates": [-66.4833, -66.91669999999984]}}, {"type": "Feature", "properties": {"name": "Pastorizo Bay", "site": "James Ross Islands", "region": "P", "year": 2024, "visit_count": 409, "activity_type": "visitor_site", "duration": "transient"}, "geometry": {"type": "Point", "coordinates": [-57.283300000000004, -63.899999999999565]}}, {"type": "Feature", "properties": {"name": "Punta Vidt", "site": "", "region": "P", "year": 2024, "visit_count": 831, "activity_type": "visitor_site", "duration": "transient"}, "geometry": {"type": "Point", "coordinates": [-62.861111, -64.89388899999969]}}, {"type": "Feature", "properties": {"name": "Sprightly Island", "site": "Danco Coast", "region": "P", "year": 2024, "visit_count": 136, "activity_type": "visitor_site", "duration": "transient"}, "geometry": {"type": "Point", "coordinates": [-61.0667, -64.28329999999961]}}, {"type": "Feature", "properties": {"name": "Thurston Island", "site": "Abbot Ice Shelf", "region": "C", "year": 2024, "visit_count": 107, "activity_type": "visitor_site", "duration": "transient"}, "geometry": {"type": "Point", "coordinates": [-99.0, -72.09999999999997]}}, {"type": "Feature", "properties": {"name": "Winter Island", "site": "Argentine Islands", "region": "P", "year": 2024, "visit_count": 926, "activity_type": "visitor_site", "duration": "transient"}, "geometry": {"type": "Point", "coordinates": [-64.2667, -65.2499999999997]}}, {"type": "Feature", "properties": {"name": "Winter Island", "site": "Argentine Islands", "region": "P", "year": 2020, "visit_count": 141, "activity_type": "visitor_site", "duration": "transient"}, "geometry": {"type": "Point", "coordinates": [-64.2667, -65.2499999999997]}}, {"type": "Feature", "properties": {"name": "Wyatt Island", "site": "", "region": "P", "year": 2024, "visit_count": 8, "activity_type": "visitor_site", "duration": "transient"}, "geometry": {"type": "Point", "coordinates": [-67.6833, -67.33329999999985]}}, {"type": "Feature", "properties": {"name": "Gourlay Peninsula (Signy Island)", "site": "South Orkney Islands", "region": "I", "year": 2024, "visit_count": 312, "activity_type": "visitor_site", "duration": "transient"}, "geometry": {"type": "Point", "coordinates": [-45.5883, -60.72499999999889]}}, {"type": "Feature", "properties": {"name": "Tower Island (Palmer Archipelago)", "site": "Palmer Archipelago", "region": "P", "year": 2024, "visit_count": 4, "activity_type": "visitor_site", "duration": "transient"}, "geometry": {"type": "Point", "coordinates": [-59.8167, -63.58329999999951]}}, {"type": "Feature", "properties": {"name": "Duroch Islands", "site": "Trinity Peninsula", "region": "P", "year": 2024, "visit_count": 308, "activity_type": "visitor_site", "duration": "transient"}, "geometry": {"type": "Point", "coordinates": [-57.9, -63.29999999999947]}}, {"type": "Feature", "properties": {"name": "Mount Theodore", "site": "Danco Coast", "region": "P", "year": 2021, "visit_count": 3, "activity_type": "visitor_site", "duration": "transient"}, "geometry": {"type": "Point", "coordinates": [-62.6, -64.96669999999969]}}]}